2026-09-12 19:03 -    commands.__init__ - INFO - == MCP v4.3 ==
2026-09-12 19:03 -    commands.__init__ - DEBUG - OS : win32
2026-09-12 19:03 -   recompile.main - INFO - > Recompiling client...
2026-09-12 19:03 -    commands.recompile - DEBUG - recompile: 'javac.exe -g -verbose -classpath "lib/;lib/*;jars/bin/minecraft.jar;jars/bin/jinput.jar;jars/bin/lwjgl.jar;jars/bin/lwjgl_util.jar" -sourcepath src/minecraft -d bin/minecraft src/minecraft\net\minecraft\client\*.java src/minecraft\net\minecraft\isom\*.java src/minecraft\net\minecraft\src\*.java  conf/patches/*.java'
2026-09-12 19:03 -    commands.recompile - DEBUG - [parsing started RegularFileObject[src\minecraft\net\minecraft\client\Minecraft.java]]
2026-09-12 19:03 -    commands.recompile - DEBUG - [parsing completed 61ms]
2026-09-12 19:03 -    commands.recompile - DEBUG - [parsing started RegularFileObject[src\minecraft\net\minecraft\client\MinecraftApplet.java]]
2026-09-12 19:03 -    commands.recompile - DEBUG - [parsing completed 3ms]
2026-09-12 19:03 -    commands.recompile - DEBUG - [parsing started RegularFileObject[src\minecraft\net\minecraft\isom\IsomPreviewApplet.java]]
2026-09-12 19:03 -    commands.recompile - DEBUG - [parsing completed 0ms]
2026-09-12 19:03 -    commands.recompile - DEBUG - [parsing started RegularFileObject[src\minecraft\net\minecraft\src\Achievement.java]]
2026-09-12 19:03 -    commands.recompile - DEBUG - [parsing completed 1ms]
2026-09-12 19:03 -    commands.recompile - DEBUG - [parsing started RegularFileObject[src\minecraft\net\minecraft\src\AchievementList.java]]
2026-09-12 19:03 -    commands.recompile - DEBUG - [parsing completed 1ms]
2026-09-12 19:03 -    commands.recompile - DEBUG - [parsing started RegularFileObject[src\minecraft\net\minecraft\src\AchievementMap.java]]
2026-09-12 19:03 -    commands.recompile - DEBUG - [parsing completed 1ms]
2026-09-12 19:03 -    commands.recompile - DEBUG - [parsing started RegularFileObject[src\minecraft\net\minecraft\src\AxisAlignedBB.java]]
2026-09-12 19:03 -    commands.recompile - DEBUG - [parsing completed 6ms]
2026-09-12 19:03 -    commands.recompile - DEBUG - [parsing started RegularFileObject[src\minecraft\net\minecraft\src\BiomeGenBase.java]]
2026-09-12 19:03 -    commands.recompile - DEBUG - [parsing completed 2ms]
2026-09-12 19:03 -    commands.recompile - DEBUG - [parsing started RegularFileObject[src\minecraft\net\minecraft\src\BiomeGenDesert.java]]
2026-09-12 19:03 -    commands.recompile - DEBUG - [parsing completed 1ms]
2026-09-12 19:03 -    commands.recompile - DEBUG - [parsing started RegularFileObject[src\minecraft\net\minecraft\src\BiomeGenForest.java]]
2026-09-12 19:03 -    commands.recompile - DEBUG - [parsing completed 0ms]
2026-09-12 19:03 -    commands.recompile - DEBUG - [parsing started RegularFileObject[src\minecraft\net\minecraft\src\BiomeGenHell.java]]
2026-09-12 19:03 -    commands.recompile - DEBUG - [parsing completed 0ms]
2026-09-12 19:03 -    commands.recompile - DEBUG - [parsing started RegularFileObject[src\minecraft\net\minecraft\src\BiomeGenRainforest.java]]
2026-09-12 19:03 -    commands.recompile - DEBUG - [parsing completed 0ms]
2026-09-12 19:03 -    commands.recompile - DEBUG - [parsing started RegularFileObject[src\minecraft\net\minecraft\src\BiomeGenSky.java]]
2026-09-12 19:03 -    commands.recompile - DEBUG - [parsing completed 1ms]
2026-09-12 19:03 -    commands.recompile - DEBUG - [parsing started RegularFileObject[src\minecraft\net\minecraft\src\BiomeGenSwamp.java]]
2026-09-12 19:03 -    commands.recompile - DEBUG - [parsing completed 0ms]
2026-09-12 19:03 -    commands.recompile - DEBUG - [parsing started RegularFileObject[src\minecraft\net\minecraft\src\BiomeGenTaiga.java]]
2026-09-12 19:03 -    commands.recompile - DEBUG - [parsing completed 0ms]
2026-09-12 19:03 -    commands.recompile - DEBUG - [parsing started RegularFileObject[src\minecraft\net\minecraft\src\Block.java]]
2026-09-12 19:03 -    commands.recompile - DEBUG - [parsing completed 12ms]
2026-09-12 19:03 -    commands.recompile - DEBUG - [parsing started RegularFileObject[src\minecraft\net\minecraft\src\BlockBed.java]]
2026-09-12 19:03 -    commands.recompile - DEBUG - [parsing completed 3ms]
2026-09-12 19:03 -    commands.recompile - DEBUG - [parsing started RegularFileObject[src\minecraft\net\minecraft\src\BlockBookshelf.java]]
2026-09-12 19:03 -    commands.recompile - DEBUG - [parsing completed 0ms]
2026-09-12 19:03 -    commands.recompile - DEBUG - [parsing started RegularFileObject[src\minecraft\net\minecraft\src\BlockBreakable.java]]
2026-09-12 19:03 -    commands.recompile - DEBUG - [parsing completed 0ms]
2026-09-12 19:03 -    commands.recompile - DEBUG - [parsing started RegularFileObject[src\minecraft\net\minecraft\src\BlockButton.java]]
2026-09-12 19:03 -    commands.recompile - DEBUG - [parsing completed 4ms]
2026-09-12 19:03 -    commands.recompile - DEBUG - [parsing started RegularFileObject[src\minecraft\net\minecraft\src\BlockCactus.java]]
2026-09-12 19:03 -    commands.recompile - DEBUG - [parsing completed 1ms]
2026-09-12 19:03 -    commands.recompile - DEBUG - [parsing started RegularFileObject[src\minecraft\net\minecraft\src\BlockCake.java]]
2026-09-12 19:03 -    commands.recompile - DEBUG - [parsing completed 2ms]
2026-09-12 19:03 -    commands.recompile - DEBUG - [parsing started RegularFileObject[src\minecraft\net\minecraft\src\BlockChest.java]]
2026-09-12 19:03 -    commands.recompile - DEBUG - [parsing completed 3ms]
2026-09-12 19:03 -    commands.recompile - DEBUG - [parsing started RegularFileObject[src\minecraft\net\minecraft\src\BlockClay.java]]
2026-09-12 19:03 -    commands.recompile - DEBUG - [parsing completed 0ms]
2026-09-12 19:03 -    commands.recompile - DEBUG - [parsing started RegularFileObject[src\minecraft\net\minecraft\src\BlockCloth.java]]
2026-09-12 19:03 -    commands.recompile - DEBUG - [parsing completed 1ms]
2026-09-12 19:03 -    commands.recompile - DEBUG - [parsing started RegularFileObject[src\minecraft\net\minecraft\src\BlockContainer.java]]
2026-09-12 19:03 -    commands.recompile - DEBUG - [parsing completed 0ms]
2026-09-12 19:03 -    commands.recompile - DEBUG - [parsing started RegularFileObject[src\minecraft\net\minecraft\src\BlockCrops.java]]
2026-09-12 19:03 -    commands.recompile - DEBUG - [parsing completed 1ms]
2026-09-12 19:03 -    commands.recompile - DEBUG - [parsing started RegularFileObject[src\minecraft\net\minecraft\src\BlockDeadBush.java]]
2026-09-12 19:03 -    commands.recompile - DEBUG - [parsing completed 1ms]
2026-09-12 19:03 -    commands.recompile - DEBUG - [parsing started RegularFileObject[src\minecraft\net\minecraft\src\BlockDetectorRail.java]]
2026-09-12 19:03 -    commands.recompile - DEBUG - [parsing completed 1ms]
2026-09-12 19:03 -    commands.recompile - DEBUG - [parsing started RegularFileObject[src\minecraft\net\minecraft\src\BlockDirt.java]]
2026-09-12 19:03 -    commands.recompile - DEBUG - [parsing completed 1ms]
2026-09-12 19:03 -    commands.recompile - DEBUG - [parsing started RegularFileObject[src\minecraft\net\minecraft\src\BlockDispenser.java]]
2026-09-12 19:03 -    commands.recompile - DEBUG - [parsing completed 4ms]
2026-09-12 19:03 -    commands.recompile - DEBUG - [parsing started RegularFileObject[src\minecraft\net\minecraft\src\BlockDoor.java]]
2026-09-12 19:03 -    commands.recompile - DEBUG - [parsing completed 1ms]
2026-09-12 19:03 -    commands.recompile - DEBUG - [parsing started RegularFileObject[src\minecraft\net\minecraft\src\BlockFarmland.java]]
2026-09-12 19:03 -    commands.recompile - DEBUG - [parsing completed 1ms]
2026-09-12 19:03 -    commands.recompile - DEBUG - [parsing started RegularFileObject[src\minecraft\net\minecraft\src\BlockFence.java]]
2026-09-12 19:03 -    commands.recompile - DEBUG - [parsing completed 0ms]
2026-09-12 19:03 -    commands.recompile - DEBUG - [parsing started RegularFileObject[src\minecraft\net\minecraft\src\BlockFire.java]]
2026-09-12 19:03 -    commands.recompile - DEBUG - [parsing completed 2ms]
2026-09-12 19:03 -    commands.recompile - DEBUG - [parsing started RegularFileObject[src\minecraft\net\minecraft\src\BlockFlower.java]]
2026-09-12 19:03 -    commands.recompile - DEBUG - [parsing completed 1ms]
2026-09-12 19:03 -    commands.recompile - DEBUG - [parsing started RegularFileObject[src\minecraft\net\minecraft\src\BlockFlowing.java]]
2026-09-12 19:03 -    commands.recompile - DEBUG - [parsing completed 2ms]
2026-09-12 19:03 -    commands.recompile - DEBUG - [parsing started RegularFileObject[src\minecraft\net\minecraft\src\BlockFluid.java]]
2026-09-12 19:03 -    commands.recompile - DEBUG - [parsing completed 2ms]
2026-09-12 19:03 -    commands.recompile - DEBUG - [parsing started RegularFileObject[src\minecraft\net\minecraft\src\BlockFurnace.java]]
2026-09-12 19:03 -    commands.recompile - DEBUG - [parsing completed 1ms]
2026-09-12 19:03 -    commands.recompile - DEBUG - [parsing started RegularFileObject[src\minecraft\net\minecraft\src\BlockGlass.java]]
2026-09-12 19:03 -    commands.recompile - DEBUG - [parsing completed 1ms]
2026-09-12 19:03 -    commands.recompile - DEBUG - [parsing started RegularFileObject[src\minecraft\net\minecraft\src\BlockGlowStone.java]]
2026-09-12 19:03 -    commands.recompile - DEBUG - [parsing completed 1ms]
2026-09-12 19:03 -    commands.recompile - DEBUG - [parsing started RegularFileObject[src\minecraft\net\minecraft\src\BlockGrass.java]]
2026-09-12 19:03 -    commands.recompile - DEBUG - [parsing completed 1ms]
2026-09-12 19:03 -    commands.recompile - DEBUG - [parsing started RegularFileObject[src\minecraft\net\minecraft\src\BlockGravel.java]]
2026-09-12 19:03 -    commands.recompile - DEBUG - [parsing completed 1ms]
2026-09-12 19:03 -    commands.recompile - DEBUG - [parsing started RegularFileObject[src\minecraft\net\minecraft\src\BlockHay.java]]
2026-09-12 19:03 -    commands.recompile - DEBUG - [parsing completed 1ms]
2026-09-12 19:03 -    commands.recompile - DEBUG - [parsing started RegularFileObject[src\minecraft\net\minecraft\src\BlockHearth.java]]
2026-09-12 19:03 -    commands.recompile - DEBUG - [parsing completed 3ms]
2026-09-12 19:03 -    commands.recompile - DEBUG - [parsing started RegularFileObject[src\minecraft\net\minecraft\src\BlockIce.java]]
2026-09-12 19:03 -    commands.recompile - DEBUG - [parsing completed 1ms]
2026-09-12 19:03 -    commands.recompile - DEBUG - [parsing started RegularFileObject[src\minecraft\net\minecraft\src\BlockJukeBox.java]]
2026-09-12 19:03 -    commands.recompile - DEBUG - [parsing completed 1ms]
2026-09-12 19:03 -    commands.recompile - DEBUG - [parsing started RegularFileObject[src\minecraft\net\minecraft\src\BlockLadder.java]]
2026-09-12 19:03 -    commands.recompile - DEBUG - [parsing completed 1ms]
2026-09-12 19:03 -    commands.recompile - DEBUG - [parsing started RegularFileObject[src\minecraft\net\minecraft\src\BlockLeaves.java]]
2026-09-12 19:03 -    commands.recompile - DEBUG - [parsing completed 2ms]
2026-09-12 19:03 -    commands.recompile - DEBUG - [parsing started RegularFileObject[src\minecraft\net\minecraft\src\BlockLeavesBase.java]]
2026-09-12 19:03 -    commands.recompile - DEBUG - [parsing completed 0ms]
2026-09-12 19:03 -    commands.recompile - DEBUG - [parsing started RegularFileObject[src\minecraft\net\minecraft\src\BlockLever.java]]
2026-09-12 19:03 -    commands.recompile - DEBUG - [parsing completed 2ms]
2026-09-12 19:03 -    commands.recompile - DEBUG - [parsing started RegularFileObject[src\minecraft\net\minecraft\src\BlockLockedChest.java]]
2026-09-12 19:03 -    commands.recompile - DEBUG - [parsing completed 0ms]
2026-09-12 19:03 -    commands.recompile - DEBUG - [parsing started RegularFileObject[src\minecraft\net\minecraft\src\BlockLog.java]]
2026-09-12 19:03 -    commands.recompile - DEBUG - [parsing completed 1ms]
2026-09-12 19:03 -    commands.recompile - DEBUG - [parsing started RegularFileObject[src\minecraft\net\minecraft\src\BlockMobSpawner.java]]
2026-09-12 19:03 -    commands.recompile - DEBUG - [parsing completed 1ms]
2026-09-12 19:03 -    commands.recompile - DEBUG - [parsing started RegularFileObject[src\minecraft\net\minecraft\src\BlockMushroom.java]]
2026-09-12 19:03 -    commands.recompile - DEBUG - [parsing completed 1ms]
2026-09-12 19:03 -    commands.recompile - DEBUG - [parsing started RegularFileObject[src\minecraft\net\minecraft\src\BlockNetherrack.java]]
2026-09-12 19:03 -    commands.recompile - DEBUG - [parsing completed 0ms]
2026-09-12 19:03 -    commands.recompile - DEBUG - [parsing started RegularFileObject[src\minecraft\net\minecraft\src\BlockNote.java]]
2026-09-12 19:03 -    commands.recompile - DEBUG - [parsing completed 0ms]
2026-09-12 19:03 -    commands.recompile - DEBUG - [parsing started RegularFileObject[src\minecraft\net\minecraft\src\BlockObsidian.java]]
2026-09-12 19:03 -    commands.recompile - DEBUG - [parsing completed 0ms]
2026-09-12 19:03 -    commands.recompile - DEBUG - [parsing started RegularFileObject[src\minecraft\net\minecraft\src\BlockOre.java]]
2026-09-12 19:03 -    commands.recompile - DEBUG - [parsing completed 0ms]
2026-09-12 19:03 -    commands.recompile - DEBUG - [parsing started RegularFileObject[src\minecraft\net\minecraft\src\BlockOreStorage.java]]
2026-09-12 19:03 -    commands.recompile - DEBUG - [parsing completed 0ms]
2026-09-12 19:03 -    commands.recompile - DEBUG - [parsing started RegularFileObject[src\minecraft\net\minecraft\src\BlockPillar.java]]
2026-09-12 19:03 -    commands.recompile - DEBUG - [parsing completed 0ms]
2026-09-12 19:03 -    commands.recompile - DEBUG - [parsing started RegularFileObject[src\minecraft\net\minecraft\src\BlockPistonBase.java]]
2026-09-12 19:03 -    commands.recompile - DEBUG - [parsing completed 2ms]
2026-09-12 19:03 -    commands.recompile - DEBUG - [parsing started RegularFileObject[src\minecraft\net\minecraft\src\BlockPistonExtension.java]]
2026-09-12 19:03 -    commands.recompile - DEBUG - [parsing completed 1ms]
2026-09-12 19:03 -    commands.recompile - DEBUG - [parsing started RegularFileObject[src\minecraft\net\minecraft\src\BlockPistonMoving.java]]
2026-09-12 19:03 -    commands.recompile - DEBUG - [parsing completed 1ms]
2026-09-12 19:03 -    commands.recompile - DEBUG - [parsing started RegularFileObject[src\minecraft\net\minecraft\src\BlockPortal.java]]
2026-09-12 19:03 -    commands.recompile - DEBUG - [parsing completed 2ms]
2026-09-12 19:03 -    commands.recompile - DEBUG - [parsing started RegularFileObject[src\minecraft\net\minecraft\src\BlockPressurePlate.java]]
2026-09-12 19:03 -    commands.recompile - DEBUG - [parsing completed 1ms]
2026-09-12 19:03 -    commands.recompile - DEBUG - [parsing started RegularFileObject[src\minecraft\net\minecraft\src\BlockPumpkin.java]]
2026-09-12 19:03 -    commands.recompile - DEBUG - [parsing completed 0ms]
2026-09-12 19:03 -    commands.recompile - DEBUG - [parsing started RegularFileObject[src\minecraft\net\minecraft\src\BlockRail.java]]
2026-09-12 19:03 -    commands.recompile - DEBUG - [parsing completed 1ms]
2026-09-12 19:03 -    commands.recompile - DEBUG - [parsing started RegularFileObject[src\minecraft\net\minecraft\src\BlockRedstoneOre.java]]
2026-09-12 19:03 -    commands.recompile - DEBUG - [parsing completed 0ms]
2026-09-12 19:03 -    commands.recompile - DEBUG - [parsing started RegularFileObject[src\minecraft\net\minecraft\src\BlockRedstoneRepeater.java]]
2026-09-12 19:03 -    commands.recompile - DEBUG - [parsing completed 1ms]
2026-09-12 19:03 -    commands.recompile - DEBUG - [parsing started RegularFileObject[src\minecraft\net\minecraft\src\BlockRedstoneTorch.java]]
2026-09-12 19:03 -    commands.recompile - DEBUG - [parsing completed 1ms]
2026-09-12 19:03 -    commands.recompile - DEBUG - [parsing started RegularFileObject[src\minecraft\net\minecraft\src\BlockRedstoneWire.java]]
2026-09-12 19:03 -    commands.recompile - DEBUG - [parsing completed 5ms]
2026-09-12 19:03 -    commands.recompile - DEBUG - [parsing started RegularFileObject[src\minecraft\net\minecraft\src\BlockReed.java]]
2026-09-12 19:03 -    commands.recompile - DEBUG - [parsing completed 1ms]
2026-09-12 19:03 -    commands.recompile - DEBUG - [parsing started RegularFileObject[src\minecraft\net\minecraft\src\BlockSand.java]]
2026-09-12 19:03 -    commands.recompile - DEBUG - [parsing completed 1ms]
2026-09-12 19:03 -    commands.recompile - DEBUG - [parsing started RegularFileObject[src\minecraft\net\minecraft\src\BlockSandStone.java]]
2026-09-12 19:03 -    commands.recompile - DEBUG - [parsing completed 0ms]
2026-09-12 19:03 -    commands.recompile - DEBUG - [parsing started RegularFileObject[src\minecraft\net\minecraft\src\BlockSapling.java]]
2026-09-12 19:03 -    commands.recompile - DEBUG - [parsing completed 0ms]
2026-09-12 19:03 -    commands.recompile - DEBUG - [parsing started RegularFileObject[src\minecraft\net\minecraft\src\BlockSign.java]]
2026-09-12 19:03 -    commands.recompile - DEBUG - [parsing completed 0ms]
2026-09-12 19:03 -    commands.recompile - DEBUG - [parsing started RegularFileObject[src\minecraft\net\minecraft\src\BlockSnow.java]]
2026-09-12 19:03 -    commands.recompile - DEBUG - [parsing completed 0ms]
2026-09-12 19:03 -    commands.recompile - DEBUG - [parsing started RegularFileObject[src\minecraft\net\minecraft\src\BlockSnowBlock.java]]
2026-09-12 19:03 -    commands.recompile - DEBUG - [parsing completed 0ms]
2026-09-12 19:03 -    commands.recompile - DEBUG - [parsing started RegularFileObject[src\minecraft\net\minecraft\src\BlockSoulSand.java]]
2026-09-12 19:03 -    commands.recompile - DEBUG - [parsing completed 0ms]
2026-09-12 19:03 -    commands.recompile - DEBUG - [parsing started RegularFileObject[src\minecraft\net\minecraft\src\BlockSponge.java]]
2026-09-12 19:03 -    commands.recompile - DEBUG - [parsing completed 0ms]
2026-09-12 19:03 -    commands.recompile - DEBUG - [parsing started RegularFileObject[src\minecraft\net\minecraft\src\BlockStairs.java]]
2026-09-12 19:03 -    commands.recompile - DEBUG - [parsing completed 1ms]
2026-09-12 19:03 -    commands.recompile - DEBUG - [parsing started RegularFileObject[src\minecraft\net\minecraft\src\BlockStationary.java]]
2026-09-12 19:03 -    commands.recompile - DEBUG - [parsing completed 1ms]
2026-09-12 19:03 -    commands.recompile - DEBUG - [parsing started RegularFileObject[src\minecraft\net\minecraft\src\BlockStep.java]]
2026-09-12 19:03 -    commands.recompile - DEBUG - [parsing completed 0ms]
2026-09-12 19:03 -    commands.recompile - DEBUG - [parsing started RegularFileObject[src\minecraft\net\minecraft\src\BlockSticks.java]]
2026-09-12 19:03 -    commands.recompile - DEBUG - [parsing completed 0ms]
2026-09-12 19:03 -    commands.recompile - DEBUG - [parsing started RegularFileObject[src\minecraft\net\minecraft\src\BlockStone.java]]
2026-09-12 19:03 -    commands.recompile - DEBUG - [parsing completed 0ms]
2026-09-12 19:03 -    commands.recompile - DEBUG - [parsing started RegularFileObject[src\minecraft\net\minecraft\src\BlockTallGrass.java]]
2026-09-12 19:03 -    commands.recompile - DEBUG - [parsing completed 0ms]
2026-09-12 19:03 -    commands.recompile - DEBUG - [parsing started RegularFileObject[src\minecraft\net\minecraft\src\BlockTNT.java]]
2026-09-12 19:03 -    commands.recompile - DEBUG - [parsing completed 1ms]
2026-09-12 19:03 -    commands.recompile - DEBUG - [parsing started RegularFileObject[src\minecraft\net\minecraft\src\BlockTorch.java]]
2026-09-12 19:03 -    commands.recompile - DEBUG - [parsing completed 1ms]
2026-09-12 19:03 -    commands.recompile - DEBUG - [parsing started RegularFileObject[src\minecraft\net\minecraft\src\BlockTrapDoor.java]]
2026-09-12 19:03 -    commands.recompile - DEBUG - [parsing completed 1ms]
2026-09-12 19:03 -    commands.recompile - DEBUG - [parsing started RegularFileObject[src\minecraft\net\minecraft\src\BlockWeb.java]]
2026-09-12 19:03 -    commands.recompile - DEBUG - [parsing completed 0ms]
2026-09-12 19:03 -    commands.recompile - DEBUG - [parsing started RegularFileObject[src\minecraft\net\minecraft\src\BlockWorkbench.java]]
2026-09-12 19:03 -    commands.recompile - DEBUG - [parsing completed 0ms]
2026-09-12 19:03 -    commands.recompile - DEBUG - [parsing started RegularFileObject[src\minecraft\net\minecraft\src\CanvasCrashReport.java]]
2026-09-12 19:03 -    commands.recompile - DEBUG - [parsing completed 1ms]
2026-09-12 19:03 -    commands.recompile - DEBUG - [parsing started RegularFileObject[src\minecraft\net\minecraft\src\CanvasIsomPreview.java]]
2026-09-12 19:03 -    commands.recompile - DEBUG - [parsing completed 4ms]
2026-09-12 19:03 -    commands.recompile - DEBUG - [parsing started RegularFileObject[src\minecraft\net\minecraft\src\CanvasMinecraftApplet.java]]
2026-09-12 19:03 -    commands.recompile - DEBUG - [parsing completed 1ms]
2026-09-12 19:03 -    commands.recompile - DEBUG - [parsing started RegularFileObject[src\minecraft\net\minecraft\src\CanvasMojangLogo.java]]
2026-09-12 19:03 -    commands.recompile - DEBUG - [parsing completed 1ms]
2026-09-12 19:03 -    commands.recompile - DEBUG - [parsing started RegularFileObject[src\minecraft\net\minecraft\src\ChatAllowedCharacters.java]]
2026-09-12 19:03 -    commands.recompile - DEBUG - [parsing completed 0ms]
2026-09-12 19:03 -    commands.recompile - DEBUG - [parsing started RegularFileObject[src\minecraft\net\minecraft\src\ChatLine.java]]
2026-09-12 19:03 -    commands.recompile - DEBUG - [parsing completed 0ms]
2026-09-12 19:03 -    commands.recompile - DEBUG - [parsing started RegularFileObject[src\minecraft\net\minecraft\src\Chunk.java]]
2026-09-12 19:03 -    commands.recompile - DEBUG - [parsing completed 6ms]
2026-09-12 19:03 -    commands.recompile - DEBUG - [parsing started RegularFileObject[src\minecraft\net\minecraft\src\ChunkBlockMap.java]]
2026-09-12 19:03 -    commands.recompile - DEBUG - [parsing completed 1ms]
2026-09-12 19:03 -    commands.recompile - DEBUG - [parsing started RegularFileObject[src\minecraft\net\minecraft\src\ChunkCache.java]]
2026-09-12 19:03 -    commands.recompile - DEBUG - [parsing completed 1ms]
2026-09-12 19:03 -    commands.recompile - DEBUG - [parsing started RegularFileObject[src\minecraft\net\minecraft\src\ChunkCoordinates.java]]
2026-09-12 19:03 -    commands.recompile - DEBUG - [parsing completed 0ms]
2026-09-12 19:03 -    commands.recompile - DEBUG - [parsing started RegularFileObject[src\minecraft\net\minecraft\src\ChunkCoordIntPair.java]]
2026-09-12 19:03 -    commands.recompile - DEBUG - [parsing completed 0ms]
2026-09-12 19:03 -    commands.recompile - DEBUG - [parsing started RegularFileObject[src\minecraft\net\minecraft\src\ChunkFile.java]]
2026-09-12 19:03 -    commands.recompile - DEBUG - [parsing completed 0ms]
2026-09-12 19:03 -    commands.recompile - DEBUG - [parsing started RegularFileObject[src\minecraft\net\minecraft\src\ChunkFilePattern.java]]
2026-09-12 19:03 -    commands.recompile - DEBUG - [parsing completed 0ms]
2026-09-12 19:03 -    commands.recompile - DEBUG - [parsing started RegularFileObject[src\minecraft\net\minecraft\src\ChunkFolderPattern.java]]
2026-09-12 19:03 -    commands.recompile - DEBUG - [parsing completed 1ms]
2026-09-12 19:03 -    commands.recompile - DEBUG - [parsing started RegularFileObject[src\minecraft\net\minecraft\src\ChunkLoader.java]]
2026-09-12 19:03 -    commands.recompile - DEBUG - [parsing completed 1ms]
2026-09-12 19:03 -    commands.recompile - DEBUG - [parsing started RegularFileObject[src\minecraft\net\minecraft\src\ChunkPosition.java]]
2026-09-12 19:03 -    commands.recompile - DEBUG - [parsing completed 0ms]
2026-09-12 19:03 -    commands.recompile - DEBUG - [parsing started RegularFileObject[src\minecraft\net\minecraft\src\ChunkProvider.java]]
2026-09-12 19:03 -    commands.recompile - DEBUG - [parsing completed 1ms]
2026-09-12 19:03 -    commands.recompile - DEBUG - [parsing started RegularFileObject[src\minecraft\net\minecraft\src\ChunkProviderClient.java]]
2026-09-12 19:03 -    commands.recompile - DEBUG - [parsing completed 0ms]
2026-09-12 19:03 -    commands.recompile - DEBUG - [parsing started RegularFileObject[src\minecraft\net\minecraft\src\ChunkProviderGenerate.java]]
2026-09-12 19:03 -    commands.recompile - DEBUG - [parsing completed 4ms]
2026-09-12 19:03 -    commands.recompile - DEBUG - [parsing started RegularFileObject[src\minecraft\net\minecraft\src\ChunkProviderHell.java]]
2026-09-12 19:03 -    commands.recompile - DEBUG - [parsing completed 3ms]
2026-09-12 19:03 -    commands.recompile - DEBUG - [parsing started RegularFileObject[src\minecraft\net\minecraft\src\ChunkProviderLoadOrGenerate.java]]
2026-09-12 19:03 -    commands.recompile - DEBUG - [parsing completed 1ms]
2026-09-12 19:03 -    commands.recompile - DEBUG - [parsing started RegularFileObject[src\minecraft\net\minecraft\src\ChunkProviderSky.java]]
2026-09-12 19:03 -    commands.recompile - DEBUG - [parsing completed 3ms]
2026-09-12 19:03 -    commands.recompile - DEBUG - [parsing started RegularFileObject[src\minecraft\net\minecraft\src\ClippingHelper.java]]
2026-09-12 19:03 -    commands.recompile - DEBUG - [parsing completed 1ms]
2026-09-12 19:03 -    commands.recompile - DEBUG - [parsing started RegularFileObject[src\minecraft\net\minecraft\src\ClippingHelperImpl.java]]
2026-09-12 19:03 -    commands.recompile - DEBUG - [parsing completed 1ms]
2026-09-12 19:03 -    commands.recompile - DEBUG - [parsing started RegularFileObject[src\minecraft\net\minecraft\src\CodecMus.java]]
2026-09-12 19:03 -    commands.recompile - DEBUG - [parsing completed 0ms]
2026-09-12 19:03 -    commands.recompile - DEBUG - [parsing started RegularFileObject[src\minecraft\net\minecraft\src\ColorizerFoliage.java]]
2026-09-12 19:03 -    commands.recompile - DEBUG - [parsing completed 0ms]
2026-09-12 19:03 -    commands.recompile - DEBUG - [parsing started RegularFileObject[src\minecraft\net\minecraft\src\ColorizerGrass.java]]
2026-09-12 19:03 -    commands.recompile - DEBUG - [parsing completed 1ms]
2026-09-12 19:03 -    commands.recompile - DEBUG - [parsing started RegularFileObject[src\minecraft\net\minecraft\src\ColorizerWater.java]]
2026-09-12 19:03 -    commands.recompile - DEBUG - [parsing completed 0ms]
2026-09-12 19:03 -    commands.recompile - DEBUG - [parsing started RegularFileObject[src\minecraft\net\minecraft\src\CompressedStreamTools.java]]
2026-09-12 19:03 -    commands.recompile - DEBUG - [parsing completed 0ms]
2026-09-12 19:03 -    commands.recompile - DEBUG - [parsing started RegularFileObject[src\minecraft\net\minecraft\src\Container.java]]
2026-09-12 19:03 -    commands.recompile - DEBUG - [parsing completed 1ms]
2026-09-12 19:03 -    commands.recompile - DEBUG - [parsing started RegularFileObject[src\minecraft\net\minecraft\src\ContainerChest.java]]
2026-09-12 19:03 -    commands.recompile - DEBUG - [parsing completed 0ms]
2026-09-12 19:03 -    commands.recompile - DEBUG - [parsing started RegularFileObject[src\minecraft\net\minecraft\src\ContainerDispenser.java]]
2026-09-12 19:03 -    commands.recompile - DEBUG - [parsing completed 0ms]
2026-09-12 19:03 -    commands.recompile - DEBUG - [parsing started RegularFileObject[src\minecraft\net\minecraft\src\ContainerFurnace.java]]
2026-09-12 19:03 -    commands.recompile - DEBUG - [parsing completed 1ms]
2026-09-12 19:03 -    commands.recompile - DEBUG - [parsing started RegularFileObject[src\minecraft\net\minecraft\src\ContainerHearth.java]]
2026-09-12 19:03 -    commands.recompile - DEBUG - [parsing completed 1ms]
2026-09-12 19:03 -    commands.recompile - DEBUG - [parsing started RegularFileObject[src\minecraft\net\minecraft\src\ContainerPlayer.java]]
2026-09-12 19:03 -    commands.recompile - DEBUG - [parsing completed 0ms]
2026-09-12 19:03 -    commands.recompile - DEBUG - [parsing started RegularFileObject[src\minecraft\net\minecraft\src\ContainerWorkbench.java]]
2026-09-12 19:03 -    commands.recompile - DEBUG - [parsing completed 1ms]
2026-09-12 19:03 -    commands.recompile - DEBUG - [parsing started RegularFileObject[src\minecraft\net\minecraft\src\CraftingManager.java]]
2026-09-12 19:03 -    commands.recompile - DEBUG - [parsing completed 2ms]
2026-09-12 19:03 -    commands.recompile - DEBUG - [parsing started RegularFileObject[src\minecraft\net\minecraft\src\DataWatcher.java]]
2026-09-12 19:03 -    commands.recompile - DEBUG - [parsing completed 1ms]
2026-09-12 19:03 -    commands.recompile - DEBUG - [parsing started RegularFileObject[src\minecraft\net\minecraft\src\EffectRenderer.java]]
2026-09-12 19:03 -    commands.recompile - DEBUG - [parsing completed 1ms]
2026-09-12 19:03 -    commands.recompile - DEBUG - [parsing started RegularFileObject[src\minecraft\net\minecraft\src\Empty1.java]]
2026-09-12 19:03 -    commands.recompile - DEBUG - [parsing completed 1ms]
2026-09-12 19:03 -    commands.recompile - DEBUG - [parsing started RegularFileObject[src\minecraft\net\minecraft\src\Empty2.java]]
2026-09-12 19:03 -    commands.recompile - DEBUG - [parsing completed 0ms]
2026-09-12 19:03 -    commands.recompile - DEBUG - [parsing started RegularFileObject[src\minecraft\net\minecraft\src\EmptyChunk.java]]
2026-09-12 19:03 -    commands.recompile - DEBUG - [parsing completed 1ms]
2026-09-12 19:03 -    commands.recompile - DEBUG - [parsing started RegularFileObject[src\minecraft\net\minecraft\src\Entity.java]]
2026-09-12 19:03 -    commands.recompile - DEBUG - [parsing completed 5ms]
2026-09-12 19:03 -    commands.recompile - DEBUG - [parsing started RegularFileObject[src\minecraft\net\minecraft\src\EntityAnimal.java]]
2026-09-12 19:03 -    commands.recompile - DEBUG - [parsing completed 1ms]
2026-09-12 19:03 -    commands.recompile - DEBUG - [parsing started RegularFileObject[src\minecraft\net\minecraft\src\EntityArrow.java]]
2026-09-12 19:03 -    commands.recompile - DEBUG - [parsing completed 2ms]
2026-09-12 19:03 -    commands.recompile - DEBUG - [parsing started RegularFileObject[src\minecraft\net\minecraft\src\EntityBoat.java]]
2026-09-12 19:03 -    commands.recompile - DEBUG - [parsing completed 2ms]
2026-09-12 19:03 -    commands.recompile - DEBUG - [parsing started RegularFileObject[src\minecraft\net\minecraft\src\EntityBubbleFX.java]]
2026-09-12 19:03 -    commands.recompile - DEBUG - [parsing completed 1ms]
2026-09-12 19:03 -    commands.recompile - DEBUG - [parsing started RegularFileObject[src\minecraft\net\minecraft\src\EntityChicken.java]]
2026-09-12 19:03 -    commands.recompile - DEBUG - [parsing completed 1ms]
2026-09-12 19:03 -    commands.recompile - DEBUG - [parsing started RegularFileObject[src\minecraft\net\minecraft\src\EntityClientPlayerMP.java]]
2026-09-12 19:03 -    commands.recompile - DEBUG - [parsing completed 1ms]
2026-09-12 19:03 -    commands.recompile - DEBUG - [parsing started RegularFileObject[src\minecraft\net\minecraft\src\EntityCow.java]]
2026-09-12 19:03 -    commands.recompile - DEBUG - [parsing completed 0ms]
2026-09-12 19:03 -    commands.recompile - DEBUG - [parsing started RegularFileObject[src\minecraft\net\minecraft\src\EntityCreature.java]]
2026-09-12 19:03 -    commands.recompile - DEBUG - [parsing completed 1ms]
2026-09-12 19:03 -    commands.recompile - DEBUG - [parsing started RegularFileObject[src\minecraft\net\minecraft\src\EntityCreeper.java]]
2026-09-12 19:03 -    commands.recompile - DEBUG - [parsing completed 1ms]
2026-09-12 19:03 -    commands.recompile - DEBUG - [parsing started RegularFileObject[src\minecraft\net\minecraft\src\EntityDiggingFX.java]]
2026-09-12 19:03 -    commands.recompile - DEBUG - [parsing completed 1ms]
2026-09-12 19:03 -    commands.recompile - DEBUG - [parsing started RegularFileObject[src\minecraft\net\minecraft\src\EntityEgg.java]]
2026-09-12 19:03 -    commands.recompile - DEBUG - [parsing completed 2ms]
2026-09-12 19:03 -    commands.recompile - DEBUG - [parsing started RegularFileObject[src\minecraft\net\minecraft\src\EntityExplodeFX.java]]
2026-09-12 19:03 -    commands.recompile - DEBUG - [parsing completed 1ms]
2026-09-12 19:03 -    commands.recompile - DEBUG - [parsing started RegularFileObject[src\minecraft\net\minecraft\src\EntityFallingSand.java]]
2026-09-12 19:03 -    commands.recompile - DEBUG - [parsing completed 1ms]
2026-09-12 19:03 -    commands.recompile - DEBUG - [parsing started RegularFileObject[src\minecraft\net\minecraft\src\EntityFireball.java]]
2026-09-12 19:03 -    commands.recompile - DEBUG - [parsing completed 1ms]
2026-09-12 19:03 -    commands.recompile - DEBUG - [parsing started RegularFileObject[src\minecraft\net\minecraft\src\EntityFish.java]]
2026-09-12 19:03 -    commands.recompile - DEBUG - [parsing completed 94ms]
2026-09-12 19:03 -    commands.recompile - DEBUG - [parsing started RegularFileObject[src\minecraft\net\minecraft\src\EntityFlameFX.java]]
2026-09-12 19:03 -    commands.recompile - DEBUG - [parsing completed 1ms]
2026-09-12 19:03 -    commands.recompile - DEBUG - [parsing started RegularFileObject[src\minecraft\net\minecraft\src\EntityFlying.java]]
2026-09-12 19:03 -    commands.recompile - DEBUG - [parsing completed 1ms]
2026-09-12 19:03 -    commands.recompile - DEBUG - [parsing started RegularFileObject[src\minecraft\net\minecraft\src\EntityFootStepFX.java]]
2026-09-12 19:03 -    commands.recompile - DEBUG - [parsing completed 0ms]
2026-09-12 19:03 -    commands.recompile - DEBUG - [parsing started RegularFileObject[src\minecraft\net\minecraft\src\EntityFX.java]]
2026-09-12 19:03 -    commands.recompile - DEBUG - [parsing completed 0ms]
2026-09-12 19:03 -    commands.recompile - DEBUG - [parsing started RegularFileObject[src\minecraft\net\minecraft\src\EntityGhast.java]]
2026-09-12 19:03 -    commands.recompile - DEBUG - [parsing completed 1ms]
2026-09-12 19:03 -    commands.recompile - DEBUG - [parsing started RegularFileObject[src\minecraft\net\minecraft\src\EntityGiantZombie.java]]
2026-09-12 19:03 -    commands.recompile - DEBUG - [parsing completed 1ms]
2026-09-12 19:03 -    commands.recompile - DEBUG - [parsing started RegularFileObject[src\minecraft\net\minecraft\src\EntityHeartFX.java]]
2026-09-12 19:03 -    commands.recompile - DEBUG - [parsing completed 0ms]
2026-09-12 19:03 -    commands.recompile - DEBUG - [parsing started RegularFileObject[src\minecraft\net\minecraft\src\EntityItem.java]]
2026-09-12 19:03 -    commands.recompile - DEBUG - [parsing completed 1ms]
2026-09-12 19:03 -    commands.recompile - DEBUG - [parsing started RegularFileObject[src\minecraft\net\minecraft\src\EntityLavaFX.java]]
2026-09-12 19:03 -    commands.recompile - DEBUG - [parsing completed 1ms]
2026-09-12 19:03 -    commands.recompile - DEBUG - [parsing started RegularFileObject[src\minecraft\net\minecraft\src\EntityLightningBolt.java]]
2026-09-12 19:03 -    commands.recompile - DEBUG - [parsing completed 1ms]
2026-09-12 19:03 -    commands.recompile - DEBUG - [parsing started RegularFileObject[src\minecraft\net\minecraft\src\EntityList.java]]
2026-09-12 19:03 -    commands.recompile - DEBUG - [parsing completed 1ms]
2026-09-12 19:03 -    commands.recompile - DEBUG - [parsing started RegularFileObject[src\minecraft\net\minecraft\src\EntityLiving.java]]
2026-09-12 19:03 -    commands.recompile - DEBUG - [parsing completed 3ms]
2026-09-12 19:03 -    commands.recompile - DEBUG - [parsing started RegularFileObject[src\minecraft\net\minecraft\src\EntityMinecart.java]]
2026-09-12 19:03 -    commands.recompile - DEBUG - [parsing completed 3ms]
2026-09-12 19:03 -    commands.recompile - DEBUG - [parsing started RegularFileObject[src\minecraft\net\minecraft\src\EntityMob.java]]
2026-09-12 19:03 -    commands.recompile - DEBUG - [parsing completed 0ms]
2026-09-12 19:03 -    commands.recompile - DEBUG - [parsing started RegularFileObject[src\minecraft\net\minecraft\src\EntityNoteFX.java]]
2026-09-12 19:03 -    commands.recompile - DEBUG - [parsing completed 0ms]
2026-09-12 19:03 -    commands.recompile - DEBUG - [parsing started RegularFileObject[src\minecraft\net\minecraft\src\EntityOtherPlayerMP.java]]
2026-09-12 19:03 -    commands.recompile - DEBUG - [parsing completed 0ms]
2026-09-12 19:03 -    commands.recompile - DEBUG - [parsing started RegularFileObject[src\minecraft\net\minecraft\src\EntityPainting.java]]
2026-09-12 19:03 -    commands.recompile - DEBUG - [parsing completed 0ms]
2026-09-12 19:03 -    commands.recompile - DEBUG - [parsing started RegularFileObject[src\minecraft\net\minecraft\src\EntityPickupFX.java]]
2026-09-12 19:03 -    commands.recompile - DEBUG - [parsing completed 0ms]
2026-09-12 19:03 -    commands.recompile - DEBUG - [parsing started RegularFileObject[src\minecraft\net\minecraft\src\EntityPig.java]]
2026-09-12 19:03 -    commands.recompile - DEBUG - [parsing completed 0ms]
2026-09-12 19:03 -    commands.recompile - DEBUG - [parsing started RegularFileObject[src\minecraft\net\minecraft\src\EntityPigZombie.java]]
2026-09-12 19:03 -    commands.recompile - DEBUG - [parsing completed 0ms]
2026-09-12 19:03 -    commands.recompile - DEBUG - [parsing started RegularFileObject[src\minecraft\net\minecraft\src\EntityPlayer.java]]
2026-09-12 19:03 -    commands.recompile - DEBUG - [parsing completed 2ms]
2026-09-12 19:03 -    commands.recompile - DEBUG - [parsing started RegularFileObject[src\minecraft\net\minecraft\src\EntityPlayerSP.java]]
2026-09-12 19:03 -    commands.recompile - DEBUG - [parsing completed 1ms]
2026-09-12 19:03 -    commands.recompile - DEBUG - [parsing started RegularFileObject[src\minecraft\net\minecraft\src\EntityPortalFX.java]]
2026-09-12 19:03 -    commands.recompile - DEBUG - [parsing completed 0ms]
2026-09-12 19:03 -    commands.recompile - DEBUG - [parsing started RegularFileObject[src\minecraft\net\minecraft\src\EntityRainFX.java]]
2026-09-12 19:03 -    commands.recompile - DEBUG - [parsing completed 1ms]
2026-09-12 19:03 -    commands.recompile - DEBUG - [parsing started RegularFileObject[src\minecraft\net\minecraft\src\EntityReddustFX.java]]
2026-09-12 19:03 -    commands.recompile - DEBUG - [parsing completed 0ms]
2026-09-12 19:03 -    commands.recompile - DEBUG - [parsing started RegularFileObject[src\minecraft\net\minecraft\src\EntityRenderer.java]]
2026-09-12 19:03 -    commands.recompile - DEBUG - [parsing completed 5ms]
2026-09-12 19:03 -    commands.recompile - DEBUG - [parsing started RegularFileObject[src\minecraft\net\minecraft\src\EntitySheep.java]]
2026-09-12 19:03 -    commands.recompile - DEBUG - [parsing completed 1ms]
2026-09-12 19:03 -    commands.recompile - DEBUG - [parsing started RegularFileObject[src\minecraft\net\minecraft\src\EntitySkeleton.java]]
2026-09-12 19:03 -    commands.recompile - DEBUG - [parsing completed 1ms]
2026-09-12 19:03 -    commands.recompile - DEBUG - [parsing started RegularFileObject[src\minecraft\net\minecraft\src\EntitySlime.java]]
2026-09-12 19:03 -    commands.recompile - DEBUG - [parsing completed 1ms]
2026-09-12 19:03 -    commands.recompile - DEBUG - [parsing started RegularFileObject[src\minecraft\net\minecraft\src\EntitySlimeFX.java]]
2026-09-12 19:03 -    commands.recompile - DEBUG - [parsing completed 1ms]
2026-09-12 19:03 -    commands.recompile - DEBUG - [parsing started RegularFileObject[src\minecraft\net\minecraft\src\EntitySmokeFX.java]]
2026-09-12 19:03 -    commands.recompile - DEBUG - [parsing completed 1ms]
2026-09-12 19:03 -    commands.recompile - DEBUG - [parsing started RegularFileObject[src\minecraft\net\minecraft\src\EntitySnowball.java]]
2026-09-12 19:03 -    commands.recompile - DEBUG - [parsing completed 1ms]
2026-09-12 19:03 -    commands.recompile - DEBUG - [parsing started RegularFileObject[src\minecraft\net\minecraft\src\EntitySnowShovelFX.java]]
2026-09-12 19:03 -    commands.recompile - DEBUG - [parsing completed 0ms]
2026-09-12 19:03 -    commands.recompile - DEBUG - [parsing started RegularFileObject[src\minecraft\net\minecraft\src\EntitySorter.java]]
2026-09-12 19:03 -    commands.recompile - DEBUG - [parsing completed 0ms]
2026-09-12 19:03 -    commands.recompile - DEBUG - [parsing started RegularFileObject[src\minecraft\net\minecraft\src\EntitySpider.java]]
2026-09-12 19:03 -    commands.recompile - DEBUG - [parsing completed 1ms]
2026-09-12 19:03 -    commands.recompile - DEBUG - [parsing started RegularFileObject[src\minecraft\net\minecraft\src\EntitySplashFX.java]]
2026-09-12 19:03 -    commands.recompile - DEBUG - [parsing completed 0ms]
2026-09-12 19:03 -    commands.recompile - DEBUG - [parsing started RegularFileObject[src\minecraft\net\minecraft\src\EntitySquid.java]]
2026-09-12 19:03 -    commands.recompile - DEBUG - [parsing completed 0ms]
2026-09-12 19:03 -    commands.recompile - DEBUG - [parsing started RegularFileObject[src\minecraft\net\minecraft\src\EntityTNTPrimed.java]]
2026-09-12 19:03 -    commands.recompile - DEBUG - [parsing completed 0ms]
2026-09-12 19:03 -    commands.recompile - DEBUG - [parsing started RegularFileObject[src\minecraft\net\minecraft\src\EntityWaterMob.java]]
2026-09-12 19:03 -    commands.recompile - DEBUG - [parsing completed 1ms]
2026-09-12 19:03 -    commands.recompile - DEBUG - [parsing started RegularFileObject[src\minecraft\net\minecraft\src\EntityWeatherEffect.java]]
2026-09-12 19:03 -    commands.recompile - DEBUG - [parsing completed 0ms]
2026-09-12 19:03 -    commands.recompile - DEBUG - [parsing started RegularFileObject[src\minecraft\net\minecraft\src\EntityWolf.java]]
2026-09-12 19:03 -    commands.recompile - DEBUG - [parsing completed 1ms]
2026-09-12 19:03 -    commands.recompile - DEBUG - [parsing started RegularFileObject[src\minecraft\net\minecraft\src\EntityZombie.java]]
2026-09-12 19:03 -    commands.recompile - DEBUG - [parsing completed 0ms]
2026-09-12 19:03 -    commands.recompile - DEBUG - [parsing started RegularFileObject[src\minecraft\net\minecraft\src\EnumArt.java]]
2026-09-12 19:03 -    commands.recompile - DEBUG - [parsing completed 0ms]
2026-09-12 19:03 -    commands.recompile - DEBUG - [parsing started RegularFileObject[src\minecraft\net\minecraft\src\EnumCreatureType.java]]
2026-09-12 19:03 -    commands.recompile - DEBUG - [parsing completed 0ms]
2026-09-12 19:03 -    commands.recompile - DEBUG - [parsing started RegularFileObject[src\minecraft\net\minecraft\src\EnumJsonNodeType.java]]
2026-09-12 19:03 -    commands.recompile - DEBUG - [parsing completed 0ms]
2026-09-12 19:03 -    commands.recompile - DEBUG - [parsing started RegularFileObject[src\minecraft\net\minecraft\src\EnumJsonNodeTypeMappingHelper.java]]
2026-09-12 19:03 -    commands.recompile - DEBUG - [parsing completed 1ms]
2026-09-12 19:03 -    commands.recompile - DEBUG - [parsing started RegularFileObject[src\minecraft\net\minecraft\src\EnumMobType.java]]
2026-09-12 19:03 -    commands.recompile - DEBUG - [parsing completed 0ms]
2026-09-12 19:03 -    commands.recompile - DEBUG - [parsing started RegularFileObject[src\minecraft\net\minecraft\src\EnumMovingObjectType.java]]
2026-09-12 19:03 -    commands.recompile - DEBUG - [parsing completed 0ms]
2026-09-12 19:03 -    commands.recompile - DEBUG - [parsing started RegularFileObject[src\minecraft\net\minecraft\src\EnumOptions.java]]
2026-09-12 19:03 -    commands.recompile - DEBUG - [parsing completed 1ms]
2026-09-12 19:03 -    commands.recompile - DEBUG - [parsing started RegularFileObject[src\minecraft\net\minecraft\src\EnumOptionsMappingHelper.java]]
2026-09-12 19:03 -    commands.recompile - DEBUG - [parsing completed 1ms]
2026-09-12 19:03 -    commands.recompile - DEBUG - [parsing started RegularFileObject[src\minecraft\net\minecraft\src\EnumOS1.java]]
2026-09-12 19:03 -    commands.recompile - DEBUG - [parsing completed 0ms]
2026-09-12 19:03 -    commands.recompile - DEBUG - [parsing started RegularFileObject[src\minecraft\net\minecraft\src\EnumOS2.java]]
2026-09-12 19:03 -    commands.recompile - DEBUG - [parsing completed 0ms]
2026-09-12 19:03 -    commands.recompile - DEBUG - [parsing started RegularFileObject[src\minecraft\net\minecraft\src\EnumOSMappingHelper.java]]
2026-09-12 19:03 -    commands.recompile - DEBUG - [parsing completed 0ms]
2026-09-12 19:03 -    commands.recompile - DEBUG - [parsing started RegularFileObject[src\minecraft\net\minecraft\src\EnumSkyBlock.java]]
2026-09-12 19:03 -    commands.recompile - DEBUG - [parsing completed 0ms]
2026-09-12 19:03 -    commands.recompile - DEBUG - [parsing started RegularFileObject[src\minecraft\net\minecraft\src\EnumStatus.java]]
2026-09-12 19:03 -    commands.recompile - DEBUG - [parsing completed 0ms]
2026-09-12 19:03 -    commands.recompile - DEBUG - [parsing started RegularFileObject[src\minecraft\net\minecraft\src\EnumToolMaterial.java]]
2026-09-12 19:03 -    commands.recompile - DEBUG - [parsing completed 0ms]
2026-09-12 19:03 -    commands.recompile - DEBUG - [parsing started RegularFileObject[src\minecraft\net\minecraft\src\Explosion.java]]
2026-09-12 19:03 -    commands.recompile - DEBUG - [parsing completed 0ms]
2026-09-12 19:03 -    commands.recompile - DEBUG - [parsing started RegularFileObject[src\minecraft\net\minecraft\src\FontRenderer.java]]
2026-09-12 19:03 -    commands.recompile - DEBUG - [parsing completed 1ms]
2026-09-12 19:03 -    commands.recompile - DEBUG - [parsing started RegularFileObject[src\minecraft\net\minecraft\src\Frustrum.java]]
2026-09-12 19:03 -    commands.recompile - DEBUG - [parsing completed 0ms]
2026-09-12 19:03 -    commands.recompile - DEBUG - [parsing started RegularFileObject[src\minecraft\net\minecraft\src\FurnaceRecipes.java]]
2026-09-12 19:03 -    commands.recompile - DEBUG - [parsing completed 0ms]
2026-09-12 19:03 -    commands.recompile - DEBUG - [parsing started RegularFileObject[src\minecraft\net\minecraft\src\GameSettings.java]]
2026-09-12 19:03 -    commands.recompile - DEBUG - [parsing completed 1ms]
2026-09-12 19:03 -    commands.recompile - DEBUG - [parsing started RegularFileObject[src\minecraft\net\minecraft\src\GameWindowListener.java]]
2026-09-12 19:03 -    commands.recompile - DEBUG - [parsing completed 0ms]
2026-09-12 19:03 -    commands.recompile - DEBUG - [parsing started RegularFileObject[src\minecraft\net\minecraft\src\GLAllocation.java]]
2026-09-12 19:03 -    commands.recompile - DEBUG - [parsing completed 0ms]
2026-09-12 19:03 -    commands.recompile - DEBUG - [parsing started RegularFileObject[src\minecraft\net\minecraft\src\Gui.java]]
2026-09-12 19:03 -    commands.recompile - DEBUG - [parsing completed 0ms]
2026-09-12 19:03 -    commands.recompile - DEBUG - [parsing started RegularFileObject[src\minecraft\net\minecraft\src\GuiAchievement.java]]
2026-09-12 19:03 -    commands.recompile - DEBUG - [parsing completed 0ms]
2026-09-12 19:03 -    commands.recompile - DEBUG - [parsing started RegularFileObject[src\minecraft\net\minecraft\src\GuiAchievements.java]]
2026-09-12 19:03 -    commands.recompile - DEBUG - [parsing completed 2ms]
2026-09-12 19:03 -    commands.recompile - DEBUG - [parsing started RegularFileObject[src\minecraft\net\minecraft\src\GuiButton.java]]
2026-09-12 19:03 -    commands.recompile - DEBUG - [parsing completed 0ms]
2026-09-12 19:03 -    commands.recompile - DEBUG - [parsing started RegularFileObject[src\minecraft\net\minecraft\src\GuiChat.java]]
2026-09-12 19:03 -    commands.recompile - DEBUG - [parsing completed 0ms]
2026-09-12 19:03 -    commands.recompile - DEBUG - [parsing started RegularFileObject[src\minecraft\net\minecraft\src\GuiChest.java]]
2026-09-12 19:03 -    commands.recompile - DEBUG - [parsing completed 0ms]
2026-09-12 19:03 -    commands.recompile - DEBUG - [parsing started RegularFileObject[src\minecraft\net\minecraft\src\GuiConflictWarning.java]]
2026-09-12 19:03 -    commands.recompile - DEBUG - [parsing completed 1ms]
2026-09-12 19:03 -    commands.recompile - DEBUG - [parsing started RegularFileObject[src\minecraft\net\minecraft\src\GuiConnectFailed.java]]
2026-09-12 19:03 -    commands.recompile - DEBUG - [parsing completed 1ms]
2026-09-12 19:03 -    commands.recompile - DEBUG - [parsing started RegularFileObject[src\minecraft\net\minecraft\src\GuiConnecting.java]]
2026-09-12 19:03 -    commands.recompile - DEBUG - [parsing completed 0ms]
2026-09-12 19:03 -    commands.recompile - DEBUG - [parsing started RegularFileObject[src\minecraft\net\minecraft\src\GuiContainer.java]]
2026-09-12 19:03 -    commands.recompile - DEBUG - [parsing completed 1ms]
2026-09-12 19:03 -    commands.recompile - DEBUG - [parsing started RegularFileObject[src\minecraft\net\minecraft\src\GuiControls.java]]
2026-09-12 19:03 -    commands.recompile - DEBUG - [parsing completed 0ms]
2026-09-12 19:03 -    commands.recompile - DEBUG - [parsing started RegularFileObject[src\minecraft\net\minecraft\src\GuiCrafting.java]]
2026-09-12 19:03 -    commands.recompile - DEBUG - [parsing completed 0ms]
2026-09-12 19:03 -    commands.recompile - DEBUG - [parsing started RegularFileObject[src\minecraft\net\minecraft\src\GuiCreateWorld.java]]
2026-09-12 19:03 -    commands.recompile - DEBUG - [parsing completed 0ms]
2026-09-12 19:03 -    commands.recompile - DEBUG - [parsing started RegularFileObject[src\minecraft\net\minecraft\src\GuiDispenser.java]]
2026-09-12 19:03 -    commands.recompile - DEBUG - [parsing completed 0ms]
2026-09-12 19:03 -    commands.recompile - DEBUG - [parsing started RegularFileObject[src\minecraft\net\minecraft\src\GuiDownloadTerrain.java]]
2026-09-12 19:03 -    commands.recompile - DEBUG - [parsing completed 0ms]
2026-09-12 19:03 -    commands.recompile - DEBUG - [parsing started RegularFileObject[src\minecraft\net\minecraft\src\GuiEditSign.java]]
2026-09-12 19:03 -    commands.recompile - DEBUG - [parsing completed 1ms]
2026-09-12 19:03 -    commands.recompile - DEBUG - [parsing started RegularFileObject[src\minecraft\net\minecraft\src\GuiErrorScreen.java]]
2026-09-12 19:03 -    commands.recompile - DEBUG - [parsing completed 0ms]
2026-09-12 19:03 -    commands.recompile - DEBUG - [parsing started RegularFileObject[src\minecraft\net\minecraft\src\GuiFurnace.java]]
2026-09-12 19:03 -    commands.recompile - DEBUG - [parsing completed 0ms]
2026-09-12 19:03 -    commands.recompile - DEBUG - [parsing started RegularFileObject[src\minecraft\net\minecraft\src\GuiGameOver.java]]
2026-09-12 19:03 -    commands.recompile - DEBUG - [parsing completed 1ms]
2026-09-12 19:03 -    commands.recompile - DEBUG - [parsing started RegularFileObject[src\minecraft\net\minecraft\src\GuiHearth.java]]
2026-09-12 19:03 -    commands.recompile - DEBUG - [parsing completed 0ms]
2026-09-12 19:03 -    commands.recompile - DEBUG - [parsing started RegularFileObject[src\minecraft\net\minecraft\src\GuiIngame.java]]
2026-09-12 19:03 -    commands.recompile - DEBUG - [parsing completed 2ms]
2026-09-12 19:03 -    commands.recompile - DEBUG - [parsing started RegularFileObject[src\minecraft\net\minecraft\src\GuiIngameMenu.java]]
2026-09-12 19:03 -    commands.recompile - DEBUG - [parsing completed 1ms]
2026-09-12 19:03 -    commands.recompile - DEBUG - [parsing started RegularFileObject[src\minecraft\net\minecraft\src\GuiInventory.java]]
2026-09-12 19:03 -    commands.recompile - DEBUG - [parsing completed 0ms]
2026-09-12 19:03 -    commands.recompile - DEBUG - [parsing started RegularFileObject[src\minecraft\net\minecraft\src\GuiMainMenu.java]]
2026-09-12 19:03 -    commands.recompile - DEBUG - [parsing completed 1ms]
2026-09-12 19:03 -    commands.recompile - DEBUG - [parsing started RegularFileObject[src\minecraft\net\minecraft\src\GuiMultiplayer.java]]
2026-09-12 19:03 -    commands.recompile - DEBUG - [parsing completed 1ms]
2026-09-12 19:03 -    commands.recompile - DEBUG - [parsing started RegularFileObject[src\minecraft\net\minecraft\src\GuiOptions.java]]
2026-09-12 19:03 -    commands.recompile - DEBUG - [parsing completed 1ms]
2026-09-12 19:03 -    commands.recompile - DEBUG - [parsing started RegularFileObject[src\minecraft\net\minecraft\src\GuiParticle.java]]
2026-09-12 19:03 -    commands.recompile - DEBUG - [parsing completed 1ms]
2026-09-12 19:03 -    commands.recompile - DEBUG - [parsing started RegularFileObject[src\minecraft\net\minecraft\src\GuiRenameWorld.java]]
2026-09-12 19:03 -    commands.recompile - DEBUG - [parsing completed 1ms]
2026-09-12 19:03 -    commands.recompile - DEBUG - [parsing started RegularFileObject[src\minecraft\net\minecraft\src\GuiScreen.java]]
2026-09-12 19:03 -    commands.recompile - DEBUG - [parsing completed 0ms]
2026-09-12 19:03 -    commands.recompile - DEBUG - [parsing started RegularFileObject[src\minecraft\net\minecraft\src\GuiSelectWorld.java]]
2026-09-12 19:03 -    commands.recompile - DEBUG - [parsing completed 2ms]
2026-09-12 19:03 -    commands.recompile - DEBUG - [parsing started RegularFileObject[src\minecraft\net\minecraft\src\GuiSleepMP.java]]
2026-09-12 19:03 -    commands.recompile - DEBUG - [parsing completed 1ms]
2026-09-12 19:03 -    commands.recompile - DEBUG - [parsing started RegularFileObject[src\minecraft\net\minecraft\src\GuiSlider.java]]
2026-09-12 19:03 -    commands.recompile - DEBUG - [parsing completed 1ms]
2026-09-12 19:03 -    commands.recompile - DEBUG - [parsing started RegularFileObject[src\minecraft\net\minecraft\src\GuiSlot.java]]
2026-09-12 19:03 -    commands.recompile - DEBUG - [parsing completed 2ms]
2026-09-12 19:03 -    commands.recompile - DEBUG - [parsing started RegularFileObject[src\minecraft\net\minecraft\src\GuiSlotStats.java]]
2026-09-12 19:03 -    commands.recompile - DEBUG - [parsing completed 1ms]
2026-09-12 19:03 -    commands.recompile - DEBUG - [parsing started RegularFileObject[src\minecraft\net\minecraft\src\GuiSlotStatsBlock.java]]
2026-09-12 19:03 -    commands.recompile - DEBUG - [parsing completed 0ms]
2026-09-12 19:03 -    commands.recompile - DEBUG - [parsing started RegularFileObject[src\minecraft\net\minecraft\src\GuiSlotStatsGeneral.java]]
2026-09-12 19:03 -    commands.recompile - DEBUG - [parsing completed 0ms]
2026-09-12 19:03 -    commands.recompile - DEBUG - [parsing started RegularFileObject[src\minecraft\net\minecraft\src\GuiSlotStatsItem.java]]
2026-09-12 19:03 -    commands.recompile - DEBUG - [parsing completed 1ms]
2026-09-12 19:03 -    commands.recompile - DEBUG - [parsing started RegularFileObject[src\minecraft\net\minecraft\src\GuiSmallButton.java]]
2026-09-12 19:03 -    commands.recompile - DEBUG - [parsing completed 0ms]
2026-09-12 19:03 -    commands.recompile - DEBUG - [parsing started RegularFileObject[src\minecraft\net\minecraft\src\GuiStats.java]]
2026-09-12 19:03 -    commands.recompile - DEBUG - [parsing completed 0ms]
2026-09-12 19:03 -    commands.recompile - DEBUG - [parsing started RegularFileObject[src\minecraft\net\minecraft\src\GuiTextField.java]]
2026-09-12 19:03 -    commands.recompile - DEBUG - [parsing completed 0ms]
2026-09-12 19:03 -    commands.recompile - DEBUG - [parsing started RegularFileObject[src\minecraft\net\minecraft\src\GuiTexturePacks.java]]
2026-09-12 19:03 -    commands.recompile - DEBUG - [parsing completed 0ms]
2026-09-12 19:03 -    commands.recompile - DEBUG - [parsing started RegularFileObject[src\minecraft\net\minecraft\src\GuiTexturePackSlot.java]]
2026-09-12 19:03 -    commands.recompile - DEBUG - [parsing completed 0ms]
2026-09-12 19:03 -    commands.recompile - DEBUG - [parsing started RegularFileObject[src\minecraft\net\minecraft\src\GuiUnused.java]]
2026-09-12 19:03 -    commands.recompile - DEBUG - [parsing completed 0ms]
2026-09-12 19:03 -    commands.recompile - DEBUG - [parsing started RegularFileObject[src\minecraft\net\minecraft\src\GuiVideoSettings.java]]
2026-09-12 19:03 -    commands.recompile - DEBUG - [parsing completed 0ms]
2026-09-12 19:03 -    commands.recompile - DEBUG - [parsing started RegularFileObject[src\minecraft\net\minecraft\src\GuiWorldSlot.java]]
2026-09-12 19:03 -    commands.recompile - DEBUG - [parsing completed 0ms]
2026-09-12 19:03 -    commands.recompile - DEBUG - [parsing started RegularFileObject[src\minecraft\net\minecraft\src\GuiYesNo.java]]
2026-09-12 19:03 -    commands.recompile - DEBUG - [parsing completed 0ms]
2026-09-12 19:03 -    commands.recompile - DEBUG - [parsing started RegularFileObject[src\minecraft\net\minecraft\src\HearthRecipes.java]]
2026-09-12 19:03 -    commands.recompile - DEBUG - [parsing completed 0ms]
2026-09-12 19:03 -    commands.recompile - DEBUG - [parsing started RegularFileObject[src\minecraft\net\minecraft\src\IBlockAccess.java]]
2026-09-12 19:03 -    commands.recompile - DEBUG - [parsing completed 1ms]
2026-09-12 19:03 -    commands.recompile - DEBUG - [parsing started RegularFileObject[src\minecraft\net\minecraft\src\ICamera.java]]
2026-09-12 19:03 -    commands.recompile - DEBUG - [parsing completed 0ms]
2026-09-12 19:03 -    commands.recompile - DEBUG - [parsing started RegularFileObject[src\minecraft\net\minecraft\src\IChunkLoader.java]]
2026-09-12 19:03 -    commands.recompile - DEBUG - [parsing completed 0ms]
2026-09-12 19:03 -    commands.recompile - DEBUG - [parsing started RegularFileObject[src\minecraft\net\minecraft\src\IChunkProvider.java]]
2026-09-12 19:03 -    commands.recompile - DEBUG - [parsing completed 0ms]
2026-09-12 19:03 -    commands.recompile - DEBUG - [parsing started RegularFileObject[src\minecraft\net\minecraft\src\ICrafting.java]]
2026-09-12 19:03 -    commands.recompile - DEBUG - [parsing completed 0ms]
2026-09-12 19:03 -    commands.recompile - DEBUG - [parsing started RegularFileObject[src\minecraft\net\minecraft\src\IInvBasic.java]]
2026-09-12 19:03 -    commands.recompile - DEBUG - [parsing completed 0ms]
2026-09-12 19:03 -    commands.recompile - DEBUG - [parsing started RegularFileObject[src\minecraft\net\minecraft\src\IInventory.java]]
2026-09-12 19:03 -    commands.recompile - DEBUG - [parsing completed 0ms]
2026-09-12 19:03 -    commands.recompile - DEBUG - [parsing started RegularFileObject[src\minecraft\net\minecraft\src\ImageBuffer.java]]
2026-09-12 19:03 -    commands.recompile - DEBUG - [parsing completed 1ms]
2026-09-12 19:03 -    commands.recompile - DEBUG - [parsing started RegularFileObject[src\minecraft\net\minecraft\src\ImageBufferDownload.java]]
2026-09-12 19:03 -    commands.recompile - DEBUG - [parsing completed 0ms]
2026-09-12 19:03 -    commands.recompile - DEBUG - [parsing started RegularFileObject[src\minecraft\net\minecraft\src\IMob.java]]
2026-09-12 19:03 -    commands.recompile - DEBUG - [parsing completed 0ms]
2026-09-12 19:03 -    commands.recompile - DEBUG - [parsing started RegularFileObject[src\minecraft\net\minecraft\src\InventoryBasic.java]]
2026-09-12 19:03 -    commands.recompile - DEBUG - [parsing completed 1ms]
2026-09-12 19:03 -    commands.recompile - DEBUG - [parsing started RegularFileObject[src\minecraft\net\minecraft\src\InventoryCrafting.java]]
2026-09-12 19:03 -    commands.recompile - DEBUG - [parsing completed 0ms]
2026-09-12 19:03 -    commands.recompile - DEBUG - [parsing started RegularFileObject[src\minecraft\net\minecraft\src\InventoryCraftResult.java]]
2026-09-12 19:03 -    commands.recompile - DEBUG - [parsing completed 0ms]
2026-09-12 19:03 -    commands.recompile - DEBUG - [parsing started RegularFileObject[src\minecraft\net\minecraft\src\InventoryLargeChest.java]]
2026-09-12 19:03 -    commands.recompile - DEBUG - [parsing completed 0ms]
2026-09-12 19:03 -    commands.recompile - DEBUG - [parsing started RegularFileObject[src\minecraft\net\minecraft\src\InventoryPlayer.java]]
2026-09-12 19:03 -    commands.recompile - DEBUG - [parsing completed 1ms]
2026-09-12 19:03 -    commands.recompile - DEBUG - [parsing started RegularFileObject[src\minecraft\net\minecraft\src\IProgressUpdate.java]]
2026-09-12 19:03 -    commands.recompile - DEBUG - [parsing completed 0ms]
2026-09-12 19:03 -    commands.recompile - DEBUG - [parsing started RegularFileObject[src\minecraft\net\minecraft\src\IRecipe.java]]
2026-09-12 19:03 -    commands.recompile - DEBUG - [parsing completed 0ms]
2026-09-12 19:03 -    commands.recompile - DEBUG - [parsing started RegularFileObject[src\minecraft\net\minecraft\src\ISaveFormat.java]]
2026-09-12 19:03 -    commands.recompile - DEBUG - [parsing completed 0ms]
2026-09-12 19:03 -    commands.recompile - DEBUG - [parsing started RegularFileObject[src\minecraft\net\minecraft\src\ISaveHandler.java]]
2026-09-12 19:03 -    commands.recompile - DEBUG - [parsing completed 0ms]
2026-09-12 19:03 -    commands.recompile - DEBUG - [parsing started RegularFileObject[src\minecraft\net\minecraft\src\IsoImageBuffer.java]]
2026-09-12 19:03 -    commands.recompile - DEBUG - [parsing completed 0ms]
2026-09-12 19:03 -    commands.recompile - DEBUG - [parsing started RegularFileObject[src\minecraft\net\minecraft\src\IStatStringFormat.java]]
2026-09-12 19:03 -    commands.recompile - DEBUG - [parsing completed 0ms]
2026-09-12 19:03 -    commands.recompile - DEBUG - [parsing started RegularFileObject[src\minecraft\net\minecraft\src\IStatType.java]]
2026-09-12 19:03 -    commands.recompile - DEBUG - [parsing completed 0ms]
2026-09-12 19:03 -    commands.recompile - DEBUG - [parsing started RegularFileObject[src\minecraft\net\minecraft\src\Item.java]]
2026-09-12 19:03 -    commands.recompile - DEBUG - [parsing completed 2ms]
2026-09-12 19:03 -    commands.recompile - DEBUG - [parsing started RegularFileObject[src\minecraft\net\minecraft\src\ItemArmor.java]]
2026-09-12 19:03 -    commands.recompile - DEBUG - [parsing completed 0ms]
2026-09-12 19:03 -    commands.recompile - DEBUG - [parsing started RegularFileObject[src\minecraft\net\minecraft\src\ItemAxe.java]]
2026-09-12 19:03 -    commands.recompile - DEBUG - [parsing completed 0ms]
2026-09-12 19:03 -    commands.recompile - DEBUG - [parsing started RegularFileObject[src\minecraft\net\minecraft\src\ItemBed.java]]
2026-09-12 19:03 -    commands.recompile - DEBUG - [parsing completed 1ms]
2026-09-12 19:03 -    commands.recompile - DEBUG - [parsing started RegularFileObject[src\minecraft\net\minecraft\src\ItemBlock.java]]
2026-09-12 19:03 -    commands.recompile - DEBUG - [parsing completed 0ms]
2026-09-12 19:03 -    commands.recompile - DEBUG - [parsing started RegularFileObject[src\minecraft\net\minecraft\src\ItemBoat.java]]
2026-09-12 19:03 -    commands.recompile - DEBUG - [parsing completed 0ms]
2026-09-12 19:03 -    commands.recompile - DEBUG - [parsing started RegularFileObject[src\minecraft\net\minecraft\src\ItemBow.java]]
2026-09-12 19:03 -    commands.recompile - DEBUG - [parsing completed 0ms]
2026-09-12 19:03 -    commands.recompile - DEBUG - [parsing started RegularFileObject[src\minecraft\net\minecraft\src\ItemBucket.java]]
2026-09-12 19:03 -    commands.recompile - DEBUG - [parsing completed 0ms]
2026-09-12 19:03 -    commands.recompile - DEBUG - [parsing started RegularFileObject[src\minecraft\net\minecraft\src\ItemCloth.java]]
2026-09-12 19:03 -    commands.recompile - DEBUG - [parsing completed 0ms]
2026-09-12 19:03 -    commands.recompile - DEBUG - [parsing started RegularFileObject[src\minecraft\net\minecraft\src\ItemCoal.java]]
2026-09-12 19:03 -    commands.recompile - DEBUG - [parsing completed 0ms]
2026-09-12 19:03 -    commands.recompile - DEBUG - [parsing started RegularFileObject[src\minecraft\net\minecraft\src\ItemCoin.java]]
2026-09-12 19:03 -    commands.recompile - DEBUG - [parsing completed 0ms]
2026-09-12 19:03 -    commands.recompile - DEBUG - [parsing started RegularFileObject[src\minecraft\net\minecraft\src\ItemCookie.java]]
2026-09-12 19:03 -    commands.recompile - DEBUG - [parsing completed 0ms]
2026-09-12 19:03 -    commands.recompile - DEBUG - [parsing started RegularFileObject[src\minecraft\net\minecraft\src\ItemDoor.java]]
2026-09-12 19:03 -    commands.recompile - DEBUG - [parsing completed 0ms]
2026-09-12 19:03 -    commands.recompile - DEBUG - [parsing started RegularFileObject[src\minecraft\net\minecraft\src\ItemDye.java]]
2026-09-12 19:03 -    commands.recompile - DEBUG - [parsing completed 1ms]
2026-09-12 19:03 -    commands.recompile - DEBUG - [parsing started RegularFileObject[src\minecraft\net\minecraft\src\ItemEgg.java]]
2026-09-12 19:03 -    commands.recompile - DEBUG - [parsing completed 0ms]
2026-09-12 19:03 -    commands.recompile - DEBUG - [parsing started RegularFileObject[src\minecraft\net\minecraft\src\ItemFishingRod.java]]
2026-09-12 19:03 -    commands.recompile - DEBUG - [parsing completed 0ms]
2026-09-12 19:03 -    commands.recompile - DEBUG - [parsing started RegularFileObject[src\minecraft\net\minecraft\src\ItemFlintAndSteel.java]]
2026-09-12 19:03 -    commands.recompile - DEBUG - [parsing completed 0ms]
2026-09-12 19:03 -    commands.recompile - DEBUG - [parsing started RegularFileObject[src\minecraft\net\minecraft\src\ItemFood.java]]
2026-09-12 19:03 -    commands.recompile - DEBUG - [parsing completed 0ms]
2026-09-12 19:03 -    commands.recompile - DEBUG - [parsing started RegularFileObject[src\minecraft\net\minecraft\src\ItemHoe.java]]
2026-09-12 19:03 -    commands.recompile - DEBUG - [parsing completed 1ms]
2026-09-12 19:03 -    commands.recompile - DEBUG - [parsing started RegularFileObject[src\minecraft\net\minecraft\src\ItemLeaves.java]]
2026-09-12 19:03 -    commands.recompile - DEBUG - [parsing completed 0ms]
2026-09-12 19:03 -    commands.recompile - DEBUG - [parsing started RegularFileObject[src\minecraft\net\minecraft\src\ItemLog.java]]
2026-09-12 19:03 -    commands.recompile - DEBUG - [parsing completed 1ms]
2026-09-12 19:03 -    commands.recompile - DEBUG - [parsing started RegularFileObject[src\minecraft\net\minecraft\src\ItemMap.java]]
2026-09-12 19:03 -    commands.recompile - DEBUG - [parsing completed 1ms]
2026-09-12 19:03 -    commands.recompile - DEBUG - [parsing started RegularFileObject[src\minecraft\net\minecraft\src\ItemMapBase.java]]
2026-09-12 19:03 -    commands.recompile - DEBUG - [parsing completed 0ms]
2026-09-12 19:03 -    commands.recompile - DEBUG - [parsing started RegularFileObject[src\minecraft\net\minecraft\src\ItemMinecart.java]]
2026-09-12 19:03 -    commands.recompile - DEBUG - [parsing completed 0ms]
2026-09-12 19:03 -    commands.recompile - DEBUG - [parsing started RegularFileObject[src\minecraft\net\minecraft\src\ItemPainting.java]]
2026-09-12 19:03 -    commands.recompile - DEBUG - [parsing completed 0ms]
2026-09-12 19:03 -    commands.recompile - DEBUG - [parsing started RegularFileObject[src\minecraft\net\minecraft\src\ItemPickaxe.java]]
2026-09-12 19:03 -    commands.recompile - DEBUG - [parsing completed 0ms]
2026-09-12 19:03 -    commands.recompile - DEBUG - [parsing started RegularFileObject[src\minecraft\net\minecraft\src\ItemPiston.java]]
2026-09-12 19:03 -    commands.recompile - DEBUG - [parsing completed 0ms]
2026-09-12 19:03 -    commands.recompile - DEBUG - [parsing started RegularFileObject[src\minecraft\net\minecraft\src\ItemRecord.java]]
2026-09-12 19:03 -    commands.recompile - DEBUG - [parsing completed 0ms]
2026-09-12 19:03 -    commands.recompile - DEBUG - [parsing started RegularFileObject[src\minecraft\net\minecraft\src\ItemRedstone.java]]
2026-09-12 19:03 -    commands.recompile - DEBUG - [parsing completed 0ms]
2026-09-12 19:03 -    commands.recompile - DEBUG - [parsing started RegularFileObject[src\minecraft\net\minecraft\src\ItemReed.java]]
2026-09-12 19:03 -    commands.recompile - DEBUG - [parsing completed 1ms]
2026-09-12 19:03 -    commands.recompile - DEBUG - [parsing started RegularFileObject[src\minecraft\net\minecraft\src\ItemRenderer.java]]
2026-09-12 19:03 -    commands.recompile - DEBUG - [parsing completed 2ms]
2026-09-12 19:03 -    commands.recompile - DEBUG - [parsing started RegularFileObject[src\minecraft\net\minecraft\src\ItemSaddle.java]]
2026-09-12 19:03 -    commands.recompile - DEBUG - [parsing completed 0ms]
2026-09-12 19:03 -    commands.recompile - DEBUG - [parsing started RegularFileObject[src\minecraft\net\minecraft\src\ItemSapling.java]]
2026-09-12 19:03 -    commands.recompile - DEBUG - [parsing completed 0ms]
2026-09-12 19:03 -    commands.recompile - DEBUG - [parsing started RegularFileObject[src\minecraft\net\minecraft\src\ItemSeeds.java]]
2026-09-12 19:03 -    commands.recompile - DEBUG - [parsing completed 0ms]
2026-09-12 19:03 -    commands.recompile - DEBUG - [parsing started RegularFileObject[src\minecraft\net\minecraft\src\ItemShears.java]]
2026-09-12 19:03 -    commands.recompile - DEBUG - [parsing completed 1ms]
2026-09-12 19:03 -    commands.recompile - DEBUG - [parsing started RegularFileObject[src\minecraft\net\minecraft\src\ItemSign.java]]
2026-09-12 19:03 -    commands.recompile - DEBUG - [parsing completed 0ms]
2026-09-12 19:03 -    commands.recompile - DEBUG - [parsing started RegularFileObject[src\minecraft\net\minecraft\src\ItemSlab.java]]
2026-09-12 19:03 -    commands.recompile - DEBUG - [parsing completed 0ms]
2026-09-12 19:03 -    commands.recompile - DEBUG - [parsing started RegularFileObject[src\minecraft\net\minecraft\src\ItemSnowball.java]]
2026-09-12 19:03 -    commands.recompile - DEBUG - [parsing completed 0ms]
2026-09-12 19:03 -    commands.recompile - DEBUG - [parsing started RegularFileObject[src\minecraft\net\minecraft\src\ItemSoup.java]]
2026-09-12 19:03 -    commands.recompile - DEBUG - [parsing completed 0ms]
2026-09-12 19:03 -    commands.recompile - DEBUG - [parsing started RegularFileObject[src\minecraft\net\minecraft\src\ItemSpade.java]]
2026-09-12 19:03 -    commands.recompile - DEBUG - [parsing completed 0ms]
2026-09-12 19:03 -    commands.recompile - DEBUG - [parsing started RegularFileObject[src\minecraft\net\minecraft\src\ItemSpear.java]]
2026-09-12 19:03 -    commands.recompile - DEBUG - [parsing completed 0ms]
2026-09-12 19:03 -    commands.recompile - DEBUG - [parsing started RegularFileObject[src\minecraft\net\minecraft\src\ItemStack.java]]
2026-09-12 19:03 -    commands.recompile - DEBUG - [parsing completed 1ms]
2026-09-12 19:03 -    commands.recompile - DEBUG - [parsing started RegularFileObject[src\minecraft\net\minecraft\src\ItemSword.java]]
2026-09-12 19:03 -    commands.recompile - DEBUG - [parsing completed 0ms]
2026-09-12 19:03 -    commands.recompile - DEBUG - [parsing started RegularFileObject[src\minecraft\net\minecraft\src\ItemTool.java]]
2026-09-12 19:03 -    commands.recompile - DEBUG - [parsing completed 0ms]
2026-09-12 19:03 -    commands.recompile - DEBUG - [parsing started RegularFileObject[src\minecraft\net\minecraft\src\IWorldAccess.java]]
2026-09-12 19:03 -    commands.recompile - DEBUG - [parsing completed 0ms]
2026-09-12 19:03 -    commands.recompile - DEBUG - [parsing started RegularFileObject[src\minecraft\net\minecraft\src\J_ArrayNodeContainer.java]]
2026-09-12 19:03 -    commands.recompile - DEBUG - [parsing completed 1ms]
2026-09-12 19:03 -    commands.recompile - DEBUG - [parsing started RegularFileObject[src\minecraft\net\minecraft\src\J_ChainedFunctor.java]]
2026-09-12 19:03 -    commands.recompile - DEBUG - [parsing completed 0ms]
2026-09-12 19:03 -    commands.recompile - DEBUG - [parsing started RegularFileObject[src\minecraft\net\minecraft\src\J_CompactJsonFormatter.java]]
2026-09-12 19:03 -    commands.recompile - DEBUG - [parsing completed 0ms]
2026-09-12 19:03 -    commands.recompile - DEBUG - [parsing started RegularFileObject[src\minecraft\net\minecraft\src\J_FieldNodeContainer.java]]
2026-09-12 19:03 -    commands.recompile - DEBUG - [parsing completed 0ms]
2026-09-12 19:03 -    commands.recompile - DEBUG - [parsing started RegularFileObject[src\minecraft\net\minecraft\src\J_Functor.java]]
2026-09-12 19:03 -    commands.recompile - DEBUG - [parsing completed 0ms]
2026-09-12 19:03 -    commands.recompile - DEBUG - [parsing started RegularFileObject[src\minecraft\net\minecraft\src\J_InvalidSyntaxException.java]]
2026-09-12 19:03 -    commands.recompile - DEBUG - [parsing completed 0ms]
2026-09-12 19:03 -    commands.recompile - DEBUG - [parsing started RegularFileObject[src\minecraft\net\minecraft\src\J_JdomParser.java]]
2026-09-12 19:03 -    commands.recompile - DEBUG - [parsing completed 0ms]
2026-09-12 19:03 -    commands.recompile - DEBUG - [parsing started RegularFileObject[src\minecraft\net\minecraft\src\J_JsonArray.java]]
2026-09-12 19:03 -    commands.recompile - DEBUG - [parsing completed 1ms]
2026-09-12 19:03 -    commands.recompile - DEBUG - [parsing started RegularFileObject[src\minecraft\net\minecraft\src\J_JsonArrayNodeBuilder.java]]
2026-09-12 19:03 -    commands.recompile - DEBUG - [parsing completed 1ms]
2026-09-12 19:03 -    commands.recompile - DEBUG - [parsing started RegularFileObject[src\minecraft\net\minecraft\src\J_JsonArrayNodeSelector.java]]
2026-09-12 19:03 -    commands.recompile - DEBUG - [parsing completed 0ms]
2026-09-12 19:03 -    commands.recompile - DEBUG - [parsing started RegularFileObject[src\minecraft\net\minecraft\src\J_JsonConstants.java]]
2026-09-12 19:03 -    commands.recompile - DEBUG - [parsing completed 0ms]
2026-09-12 19:03 -    commands.recompile - DEBUG - [parsing started RegularFileObject[src\minecraft\net\minecraft\src\J_JsonElementNodeSelector.java]]
2026-09-12 19:03 -    commands.recompile - DEBUG - [parsing completed 0ms]
2026-09-12 19:03 -    commands.recompile - DEBUG - [parsing started RegularFileObject[src\minecraft\net\minecraft\src\J_JsonEscapedString.java]]
2026-09-12 19:03 -    commands.recompile - DEBUG - [parsing completed 0ms]
2026-09-12 19:03 -    commands.recompile - DEBUG - [parsing started RegularFileObject[src\minecraft\net\minecraft\src\J_JsonFalseNodeBuilder.java]]
2026-09-12 19:03 -    commands.recompile - DEBUG - [parsing completed 0ms]
2026-09-12 19:03 -    commands.recompile - DEBUG - [parsing started RegularFileObject[src\minecraft\net\minecraft\src\J_JsonFieldBuilder.java]]
2026-09-12 19:03 -    commands.recompile - DEBUG - [parsing completed 0ms]
2026-09-12 19:03 -    commands.recompile - DEBUG - [parsing started RegularFileObject[src\minecraft\net\minecraft\src\J_JsonFieldNodeSelector.java]]
2026-09-12 19:03 -    commands.recompile - DEBUG - [parsing completed 0ms]
2026-09-12 19:03 -    commands.recompile - DEBUG - [parsing started RegularFileObject[src\minecraft\net\minecraft\src\J_JsonFormatter.java]]
2026-09-12 19:03 -    commands.recompile - DEBUG - [parsing completed 0ms]
2026-09-12 19:03 -    commands.recompile - DEBUG - [parsing started RegularFileObject[src\minecraft\net\minecraft\src\J_JsonListener.java]]
2026-09-12 19:03 -    commands.recompile - DEBUG - [parsing completed 0ms]
2026-09-12 19:03 -    commands.recompile - DEBUG - [parsing started RegularFileObject[src\minecraft\net\minecraft\src\J_JsonListenerToJdomAdapter.java]]
2026-09-12 19:03 -    commands.recompile - DEBUG - [parsing completed 0ms]
2026-09-12 19:03 -    commands.recompile - DEBUG - [parsing started RegularFileObject[src\minecraft\net\minecraft\src\J_JsonNode.java]]
2026-09-12 19:03 -    commands.recompile - DEBUG - [parsing completed 0ms]
2026-09-12 19:03 -    commands.recompile - DEBUG - [parsing started RegularFileObject[src\minecraft\net\minecraft\src\J_JsonNodeBuilder.java]]
2026-09-12 19:03 -    commands.recompile - DEBUG - [parsing completed 0ms]
2026-09-12 19:03 -    commands.recompile - DEBUG - [parsing started RegularFileObject[src\minecraft\net\minecraft\src\J_JsonNodeBuilders.java]]
2026-09-12 19:03 -    commands.recompile - DEBUG - [parsing completed 0ms]
2026-09-12 19:03 -    commands.recompile - DEBUG - [parsing started RegularFileObject[src\minecraft\net\minecraft\src\J_JsonNodeDoesNotMatchChainedJsonNodeSelectorException.java]]
2026-09-12 19:03 -    commands.recompile - DEBUG - [parsing completed 1ms]
2026-09-12 19:03 -    commands.recompile - DEBUG - [parsing started RegularFileObject[src\minecraft\net\minecraft\src\J_JsonNodeDoesNotMatchJsonNodeSelectorException.java]]
2026-09-12 19:03 -    commands.recompile - DEBUG - [parsing completed 0ms]
2026-09-12 19:03 -    commands.recompile - DEBUG - [parsing started RegularFileObject[src\minecraft\net\minecraft\src\J_JsonNodeDoesNotMatchPathElementsException.java]]
2026-09-12 19:03 -    commands.recompile - DEBUG - [parsing completed 0ms]
2026-09-12 19:03 -    commands.recompile - DEBUG - [parsing started RegularFileObject[src\minecraft\net\minecraft\src\J_JsonNodeFactories.java]]
2026-09-12 19:03 -    commands.recompile - DEBUG - [parsing completed 1ms]
2026-09-12 19:03 -    commands.recompile - DEBUG - [parsing started RegularFileObject[src\minecraft\net\minecraft\src\J_JsonNodeList.java]]
2026-09-12 19:03 -    commands.recompile - DEBUG - [parsing completed 0ms]
2026-09-12 19:03 -    commands.recompile - DEBUG - [parsing started RegularFileObject[src\minecraft\net\minecraft\src\J_JsonNodeSelector.java]]
2026-09-12 19:03 -    commands.recompile - DEBUG - [parsing completed 0ms]
2026-09-12 19:03 -    commands.recompile - DEBUG - [parsing started RegularFileObject[src\minecraft\net\minecraft\src\J_JsonNodeSelectors.java]]
2026-09-12 19:03 -    commands.recompile - DEBUG - [parsing completed 1ms]
2026-09-12 19:03 -    commands.recompile - DEBUG - [parsing started RegularFileObject[src\minecraft\net\minecraft\src\J_JsonNullNodeBuilder.java]]
2026-09-12 19:03 -    commands.recompile - DEBUG - [parsing completed 0ms]
2026-09-12 19:03 -    commands.recompile - DEBUG - [parsing started RegularFileObject[src\minecraft\net\minecraft\src\J_JsonNumberNode.java]]
2026-09-12 19:03 -    commands.recompile - DEBUG - [parsing completed 1ms]
2026-09-12 19:03 -    commands.recompile - DEBUG - [parsing started RegularFileObject[src\minecraft\net\minecraft\src\J_JsonNumberNodeBuilder.java]]
2026-09-12 19:03 -    commands.recompile - DEBUG - [parsing completed 0ms]
2026-09-12 19:03 -    commands.recompile - DEBUG - [parsing started RegularFileObject[src\minecraft\net\minecraft\src\J_JsonObject.java]]
2026-09-12 19:03 -    commands.recompile - DEBUG - [parsing completed 0ms]
2026-09-12 19:03 -    commands.recompile - DEBUG - [parsing started RegularFileObject[src\minecraft\net\minecraft\src\J_JsonObjectNodeBuilder.java]]
2026-09-12 19:03 -    commands.recompile - DEBUG - [parsing completed 1ms]
2026-09-12 19:03 -    commands.recompile - DEBUG - [parsing started RegularFileObject[src\minecraft\net\minecraft\src\J_JsonObjectNodeList.java]]
2026-09-12 19:03 -    commands.recompile - DEBUG - [parsing completed 0ms]
2026-09-12 19:03 -    commands.recompile - DEBUG - [parsing started RegularFileObject[src\minecraft\net\minecraft\src\J_JsonObjectNodeSelector.java]]
2026-09-12 19:03 -    commands.recompile - DEBUG - [parsing completed 0ms]
2026-09-12 19:03 -    commands.recompile - DEBUG - [parsing started RegularFileObject[src\minecraft\net\minecraft\src\J_JsonRootNode.java]]
2026-09-12 19:03 -    commands.recompile - DEBUG - [parsing completed 0ms]
2026-09-12 19:03 -    commands.recompile - DEBUG - [parsing started RegularFileObject[src\minecraft\net\minecraft\src\J_JsonStringNode.java]]
2026-09-12 19:03 -    commands.recompile - DEBUG - [parsing completed 0ms]
2026-09-12 19:03 -    commands.recompile - DEBUG - [parsing started RegularFileObject[src\minecraft\net\minecraft\src\J_JsonStringNodeBuilder.java]]
2026-09-12 19:03 -    commands.recompile - DEBUG - [parsing completed 0ms]
2026-09-12 19:03 -    commands.recompile - DEBUG - [parsing started RegularFileObject[src\minecraft\net\minecraft\src\J_JsonStringNodeSelector.java]]
2026-09-12 19:03 -    commands.recompile - DEBUG - [parsing completed 0ms]
2026-09-12 19:03 -    commands.recompile - DEBUG - [parsing started RegularFileObject[src\minecraft\net\minecraft\src\J_JsonTrueNodeBuilder.java]]
2026-09-12 19:03 -    commands.recompile - DEBUG - [parsing completed 0ms]
2026-09-12 19:03 -    commands.recompile - DEBUG - [parsing started RegularFileObject[src\minecraft\net\minecraft\src\J_LeafFunctor.java]]
2026-09-12 19:03 -    commands.recompile - DEBUG - [parsing completed 0ms]
2026-09-12 19:03 -    commands.recompile - DEBUG - [parsing started RegularFileObject[src\minecraft\net\minecraft\src\J_NodeContainer.java]]
2026-09-12 19:03 -    commands.recompile - DEBUG - [parsing completed 0ms]
2026-09-12 19:03 -    commands.recompile - DEBUG - [parsing started RegularFileObject[src\minecraft\net\minecraft\src\J_ObjectNodeContainer.java]]
2026-09-12 19:03 -    commands.recompile - DEBUG - [parsing completed 0ms]
2026-09-12 19:03 -    commands.recompile - DEBUG - [parsing started RegularFileObject[src\minecraft\net\minecraft\src\J_PositionTrackingPushbackReader.java]]
2026-09-12 19:03 -    commands.recompile - DEBUG - [parsing completed 0ms]
2026-09-12 19:03 -    commands.recompile - DEBUG - [parsing started RegularFileObject[src\minecraft\net\minecraft\src\J_SajParser.java]]
2026-09-12 19:03 -    commands.recompile - DEBUG - [parsing completed 2ms]
2026-09-12 19:03 -    commands.recompile - DEBUG - [parsing started RegularFileObject[src\minecraft\net\minecraft\src\J_ThingWithPosition.java]]
2026-09-12 19:03 -    commands.recompile - DEBUG - [parsing completed 0ms]
2026-09-12 19:03 -    commands.recompile - DEBUG - [parsing started RegularFileObject[src\minecraft\net\minecraft\src\KeyBinding.java]]
2026-09-12 19:03 -    commands.recompile - DEBUG - [parsing completed 0ms]
2026-09-12 19:03 -    commands.recompile - DEBUG - [parsing started RegularFileObject[src\minecraft\net\minecraft\src\LoadingScreenRenderer.java]]
2026-09-12 19:03 -    commands.recompile - DEBUG - [parsing completed 1ms]
2026-09-12 19:03 -    commands.recompile - DEBUG - [parsing started RegularFileObject[src\minecraft\net\minecraft\src\MapColor.java]]
2026-09-12 19:03 -    commands.recompile - DEBUG - [parsing completed 1ms]
2026-09-12 19:03 -    commands.recompile - DEBUG - [parsing started RegularFileObject[src\minecraft\net\minecraft\src\MapCoord.java]]
2026-09-12 19:03 -    commands.recompile - DEBUG - [parsing completed 0ms]
2026-09-12 19:03 -    commands.recompile - DEBUG - [parsing started RegularFileObject[src\minecraft\net\minecraft\src\MapData.java]]
2026-09-12 19:03 -    commands.recompile - DEBUG - [parsing completed 1ms]
2026-09-12 19:03 -    commands.recompile - DEBUG - [parsing started RegularFileObject[src\minecraft\net\minecraft\src\MapDataBase.java]]
2026-09-12 19:03 -    commands.recompile - DEBUG - [parsing completed 0ms]
2026-09-12 19:03 -    commands.recompile - DEBUG - [parsing started RegularFileObject[src\minecraft\net\minecraft\src\MapGenBase.java]]
2026-09-12 19:03 -    commands.recompile - DEBUG - [parsing completed 1ms]
2026-09-12 19:03 -    commands.recompile - DEBUG - [parsing started RegularFileObject[src\minecraft\net\minecraft\src\MapGenCaves.java]]
2026-09-12 19:03 -    commands.recompile - DEBUG - [parsing completed 2ms]
2026-09-12 19:03 -    commands.recompile - DEBUG - [parsing started RegularFileObject[src\minecraft\net\minecraft\src\MapGenCavesHell.java]]
2026-09-12 19:03 -    commands.recompile - DEBUG - [parsing completed 1ms]
2026-09-12 19:03 -    commands.recompile - DEBUG - [parsing started RegularFileObject[src\minecraft\net\minecraft\src\MapInfo.java]]
2026-09-12 19:03 -    commands.recompile - DEBUG - [parsing completed 0ms]
2026-09-12 19:03 -    commands.recompile - DEBUG - [parsing started RegularFileObject[src\minecraft\net\minecraft\src\MapItemRenderer.java]]
2026-09-12 19:03 -    commands.recompile - DEBUG - [parsing completed 1ms]
2026-09-12 19:03 -    commands.recompile - DEBUG - [parsing started RegularFileObject[src\minecraft\net\minecraft\src\MapStorage.java]]
2026-09-12 19:03 -    commands.recompile - DEBUG - [parsing completed 1ms]
2026-09-12 19:03 -    commands.recompile - DEBUG - [parsing started RegularFileObject[src\minecraft\net\minecraft\src\Material.java]]
2026-09-12 19:03 -    commands.recompile - DEBUG - [parsing completed 1ms]
2026-09-12 19:03 -    commands.recompile - DEBUG - [parsing started RegularFileObject[src\minecraft\net\minecraft\src\MaterialLiquid.java]]
2026-09-12 19:03 -    commands.recompile - DEBUG - [parsing completed 1ms]
2026-09-12 19:03 -    commands.recompile - DEBUG - [parsing started RegularFileObject[src\minecraft\net\minecraft\src\MaterialLogic.java]]
2026-09-12 19:03 -    commands.recompile - DEBUG - [parsing completed 0ms]
2026-09-12 19:03 -    commands.recompile - DEBUG - [parsing started RegularFileObject[src\minecraft\net\minecraft\src\MaterialPortal.java]]
2026-09-12 19:03 -    commands.recompile - DEBUG - [parsing completed 0ms]
2026-09-12 19:03 -    commands.recompile - DEBUG - [parsing started RegularFileObject[src\minecraft\net\minecraft\src\MaterialTransparent.java]]
2026-09-12 19:03 -    commands.recompile - DEBUG - [parsing completed 0ms]
2026-09-12 19:03 -    commands.recompile - DEBUG - [parsing started RegularFileObject[src\minecraft\net\minecraft\src\MathHelper.java]]
2026-09-12 19:03 -    commands.recompile - DEBUG - [parsing completed 0ms]
2026-09-12 19:03 -    commands.recompile - DEBUG - [parsing started RegularFileObject[src\minecraft\net\minecraft\src\MCHash.java]]
2026-09-12 19:03 -    commands.recompile - DEBUG - [parsing completed 1ms]
2026-09-12 19:03 -    commands.recompile - DEBUG - [parsing started RegularFileObject[src\minecraft\net\minecraft\src\MCHashEntry.java]]
2026-09-12 19:03 -    commands.recompile - DEBUG - [parsing completed 0ms]
2026-09-12 19:03 -    commands.recompile - DEBUG - [parsing started RegularFileObject[src\minecraft\net\minecraft\src\McRegionChunkLoader.java]]
2026-09-12 19:03 -    commands.recompile - DEBUG - [parsing completed 0ms]
2026-09-12 19:03 -    commands.recompile - DEBUG - [parsing started RegularFileObject[src\minecraft\net\minecraft\src\MD5String.java]]
2026-09-12 19:03 -    commands.recompile - DEBUG - [parsing completed 1ms]
2026-09-12 19:03 -    commands.recompile - DEBUG - [parsing started RegularFileObject[src\minecraft\net\minecraft\src\MetadataChunkBlock.java]]
2026-09-12 19:03 -    commands.recompile - DEBUG - [parsing completed 1ms]
2026-09-12 19:03 -    commands.recompile - DEBUG - [parsing started RegularFileObject[src\minecraft\net\minecraft\src\MinecraftAppletImpl.java]]
2026-09-12 19:03 -    commands.recompile - DEBUG - [parsing completed 0ms]
2026-09-12 19:03 -    commands.recompile - DEBUG - [parsing started RegularFileObject[src\minecraft\net\minecraft\src\MinecraftError.java]]
2026-09-12 19:03 -    commands.recompile - DEBUG - [parsing completed 0ms]
2026-09-12 19:03 -    commands.recompile - DEBUG - [parsing started RegularFileObject[src\minecraft\net\minecraft\src\MinecraftException.java]]
2026-09-12 19:03 -    commands.recompile - DEBUG - [parsing completed 0ms]
2026-09-12 19:03 -    commands.recompile - DEBUG - [parsing started RegularFileObject[src\minecraft\net\minecraft\src\MinecraftImpl.java]]
2026-09-12 19:03 -    commands.recompile - DEBUG - [parsing completed 0ms]
2026-09-12 19:03 -    commands.recompile - DEBUG - [parsing started RegularFileObject[src\minecraft\net\minecraft\src\ModelBase.java]]
2026-09-12 19:03 -    commands.recompile - DEBUG - [parsing completed 0ms]
2026-09-12 19:03 -    commands.recompile - DEBUG - [parsing started RegularFileObject[src\minecraft\net\minecraft\src\ModelBed.java]]
2026-09-12 19:03 -    commands.recompile - DEBUG - [parsing completed 0ms]
2026-09-12 19:03 -    commands.recompile - DEBUG - [parsing started RegularFileObject[src\minecraft\net\minecraft\src\ModelBiped.java]]
2026-09-12 19:03 -    commands.recompile - DEBUG - [parsing completed 1ms]
2026-09-12 19:03 -    commands.recompile - DEBUG - [parsing started RegularFileObject[src\minecraft\net\minecraft\src\ModelBoat.java]]
2026-09-12 19:03 -    commands.recompile - DEBUG - [parsing completed 1ms]
2026-09-12 19:03 -    commands.recompile - DEBUG - [parsing started RegularFileObject[src\minecraft\net\minecraft\src\ModelChicken.java]]
2026-09-12 19:03 -    commands.recompile - DEBUG - [parsing completed 0ms]
2026-09-12 19:03 -    commands.recompile - DEBUG - [parsing started RegularFileObject[src\minecraft\net\minecraft\src\ModelCow.java]]
2026-09-12 19:03 -    commands.recompile - DEBUG - [parsing completed 0ms]
2026-09-12 19:03 -    commands.recompile - DEBUG - [parsing started RegularFileObject[src\minecraft\net\minecraft\src\ModelCreeper.java]]
2026-09-12 19:03 -    commands.recompile - DEBUG - [parsing completed 0ms]
2026-09-12 19:03 -    commands.recompile - DEBUG - [parsing started RegularFileObject[src\minecraft\net\minecraft\src\ModelGhast.java]]
2026-09-12 19:03 -    commands.recompile - DEBUG - [parsing completed 0ms]
2026-09-12 19:03 -    commands.recompile - DEBUG - [parsing started RegularFileObject[src\minecraft\net\minecraft\src\ModelMinecart.java]]
2026-09-12 19:03 -    commands.recompile - DEBUG - [parsing completed 132ms]
2026-09-12 19:03 -    commands.recompile - DEBUG - [parsing started RegularFileObject[src\minecraft\net\minecraft\src\ModelPig.java]]
2026-09-12 19:03 -    commands.recompile - DEBUG - [parsing completed 0ms]
2026-09-12 19:03 -    commands.recompile - DEBUG - [parsing started RegularFileObject[src\minecraft\net\minecraft\src\ModelQuadruped.java]]
2026-09-12 19:03 -    commands.recompile - DEBUG - [parsing completed 0ms]
2026-09-12 19:03 -    commands.recompile - DEBUG - [parsing started RegularFileObject[src\minecraft\net\minecraft\src\ModelRenderer.java]]
2026-09-12 19:03 -    commands.recompile - DEBUG - [parsing completed 1ms]
2026-09-12 19:03 -    commands.recompile - DEBUG - [parsing started RegularFileObject[src\minecraft\net\minecraft\src\ModelSheep1.java]]
2026-09-12 19:03 -    commands.recompile - DEBUG - [parsing completed 1ms]
2026-09-12 19:03 -    commands.recompile - DEBUG - [parsing started RegularFileObject[src\minecraft\net\minecraft\src\ModelSheep2.java]]
2026-09-12 19:03 -    commands.recompile - DEBUG - [parsing completed 0ms]
2026-09-12 19:03 -    commands.recompile - DEBUG - [parsing started RegularFileObject[src\minecraft\net\minecraft\src\ModelSkeleton.java]]
2026-09-12 19:03 -    commands.recompile - DEBUG - [parsing completed 0ms]
2026-09-12 19:03 -    commands.recompile - DEBUG - [parsing started RegularFileObject[src\minecraft\net\minecraft\src\ModelSlime.java]]
2026-09-12 19:03 -    commands.recompile - DEBUG - [parsing completed 0ms]
2026-09-12 19:03 -    commands.recompile - DEBUG - [parsing started RegularFileObject[src\minecraft\net\minecraft\src\ModelSpider.java]]
2026-09-12 19:03 -    commands.recompile - DEBUG - [parsing completed 0ms]
2026-09-12 19:03 -    commands.recompile - DEBUG - [parsing started RegularFileObject[src\minecraft\net\minecraft\src\ModelSquid.java]]
2026-09-12 19:03 -    commands.recompile - DEBUG - [parsing completed 0ms]
2026-09-12 19:03 -    commands.recompile - DEBUG - [parsing started RegularFileObject[src\minecraft\net\minecraft\src\ModelWolf.java]]
2026-09-12 19:03 -    commands.recompile - DEBUG - [parsing completed 0ms]
2026-09-12 19:03 -    commands.recompile - DEBUG - [parsing started RegularFileObject[src\minecraft\net\minecraft\src\ModelZombie.java]]
2026-09-12 19:03 -    commands.recompile - DEBUG - [parsing completed 1ms]
2026-09-12 19:03 -    commands.recompile - DEBUG - [parsing started RegularFileObject[src\minecraft\net\minecraft\src\MouseFilter.java]]
2026-09-12 19:03 -    commands.recompile - DEBUG - [parsing completed 0ms]
2026-09-12 19:03 -    commands.recompile - DEBUG - [parsing started RegularFileObject[src\minecraft\net\minecraft\src\MouseHelper.java]]
2026-09-12 19:03 -    commands.recompile - DEBUG - [parsing completed 0ms]
2026-09-12 19:03 -    commands.recompile - DEBUG - [parsing started RegularFileObject[src\minecraft\net\minecraft\src\MovementInput.java]]
2026-09-12 19:03 -    commands.recompile - DEBUG - [parsing completed 1ms]
2026-09-12 19:03 -    commands.recompile - DEBUG - [parsing started RegularFileObject[src\minecraft\net\minecraft\src\MovementInputFromOptions.java]]
2026-09-12 19:03 -    commands.recompile - DEBUG - [parsing completed 0ms]
2026-09-12 19:03 -    commands.recompile - DEBUG - [parsing started RegularFileObject[src\minecraft\net\minecraft\src\MovingObjectPosition.java]]
2026-09-12 19:03 -    commands.recompile - DEBUG - [parsing completed 0ms]
2026-09-12 19:03 -    commands.recompile - DEBUG - [parsing started RegularFileObject[src\minecraft\net\minecraft\src\MusInputStream.java]]
2026-09-12 19:03 -    commands.recompile - DEBUG - [parsing completed 0ms]
2026-09-12 19:03 -    commands.recompile - DEBUG - [parsing started RegularFileObject[src\minecraft\net\minecraft\src\NBTBase.java]]
2026-09-12 19:03 -    commands.recompile - DEBUG - [parsing completed 0ms]
2026-09-12 19:03 -    commands.recompile - DEBUG - [parsing started RegularFileObject[src\minecraft\net\minecraft\src\NBTTagByte.java]]
2026-09-12 19:03 -    commands.recompile - DEBUG - [parsing completed 0ms]
2026-09-12 19:03 -    commands.recompile - DEBUG - [parsing started RegularFileObject[src\minecraft\net\minecraft\src\NBTTagByteArray.java]]
2026-09-12 19:03 -    commands.recompile - DEBUG - [parsing completed 1ms]
2026-09-12 19:03 -    commands.recompile - DEBUG - [parsing started RegularFileObject[src\minecraft\net\minecraft\src\NBTTagCompound.java]]
2026-09-12 19:03 -    commands.recompile - DEBUG - [parsing completed 1ms]
2026-09-12 19:03 -    commands.recompile - DEBUG - [parsing started RegularFileObject[src\minecraft\net\minecraft\src\NBTTagDouble.java]]
2026-09-12 19:03 -    commands.recompile - DEBUG - [parsing completed 0ms]
2026-09-12 19:03 -    commands.recompile - DEBUG - [parsing started RegularFileObject[src\minecraft\net\minecraft\src\NBTTagEnd.java]]
2026-09-12 19:03 -    commands.recompile - DEBUG - [parsing completed 0ms]
2026-09-12 19:03 -    commands.recompile - DEBUG - [parsing started RegularFileObject[src\minecraft\net\minecraft\src\NBTTagFloat.java]]
2026-09-12 19:03 -    commands.recompile - DEBUG - [parsing completed 0ms]
2026-09-12 19:03 -    commands.recompile - DEBUG - [parsing started RegularFileObject[src\minecraft\net\minecraft\src\NBTTagInt.java]]
2026-09-12 19:03 -    commands.recompile - DEBUG - [parsing completed 0ms]
2026-09-12 19:03 -    commands.recompile - DEBUG - [parsing started RegularFileObject[src\minecraft\net\minecraft\src\NBTTagList.java]]
2026-09-12 19:03 -    commands.recompile - DEBUG - [parsing completed 0ms]
2026-09-12 19:03 -    commands.recompile - DEBUG - [parsing started RegularFileObject[src\minecraft\net\minecraft\src\NBTTagLong.java]]
2026-09-12 19:03 -    commands.recompile - DEBUG - [parsing completed 0ms]
2026-09-12 19:03 -    commands.recompile - DEBUG - [parsing started RegularFileObject[src\minecraft\net\minecraft\src\NBTTagShort.java]]
2026-09-12 19:03 -    commands.recompile - DEBUG - [parsing completed 0ms]
2026-09-12 19:03 -    commands.recompile - DEBUG - [parsing started RegularFileObject[src\minecraft\net\minecraft\src\NBTTagString.java]]
2026-09-12 19:03 -    commands.recompile - DEBUG - [parsing completed 0ms]
2026-09-12 19:03 -    commands.recompile - DEBUG - [parsing started RegularFileObject[src\minecraft\net\minecraft\src\NetClientHandler.java]]
2026-09-12 19:03 -    commands.recompile - DEBUG - [parsing completed 1ms]
2026-09-12 19:03 -    commands.recompile - DEBUG - [parsing started RegularFileObject[src\minecraft\net\minecraft\src\NetHandler.java]]
2026-09-12 19:03 -    commands.recompile - DEBUG - [parsing completed 0ms]
2026-09-12 19:03 -    commands.recompile - DEBUG - [parsing started RegularFileObject[src\minecraft\net\minecraft\src\NetworkManager.java]]
2026-09-12 19:03 -    commands.recompile - DEBUG - [parsing completed 0ms]
2026-09-12 19:03 -    commands.recompile - DEBUG - [parsing started RegularFileObject[src\minecraft\net\minecraft\src\NetworkMasterThread.java]]
2026-09-12 19:03 -    commands.recompile - DEBUG - [parsing completed 0ms]
2026-09-12 19:03 -    commands.recompile - DEBUG - [parsing started RegularFileObject[src\minecraft\net\minecraft\src\NetworkReaderThread.java]]
2026-09-12 19:03 -    commands.recompile - DEBUG - [parsing completed 1ms]
2026-09-12 19:03 -    commands.recompile - DEBUG - [parsing started RegularFileObject[src\minecraft\net\minecraft\src\NetworkWriterThread.java]]
2026-09-12 19:03 -    commands.recompile - DEBUG - [parsing completed 0ms]
2026-09-12 19:03 -    commands.recompile - DEBUG - [parsing started RegularFileObject[src\minecraft\net\minecraft\src\NextTickListEntry.java]]
2026-09-12 19:03 -    commands.recompile - DEBUG - [parsing completed 0ms]
2026-09-12 19:03 -    commands.recompile - DEBUG - [parsing started RegularFileObject[src\minecraft\net\minecraft\src\NibbleArray.java]]
2026-09-12 19:03 -    commands.recompile - DEBUG - [parsing completed 0ms]
2026-09-12 19:03 -    commands.recompile - DEBUG - [parsing started RegularFileObject[src\minecraft\net\minecraft\src\NoiseGenerator.java]]
2026-09-12 19:03 -    commands.recompile - DEBUG - [parsing completed 0ms]
2026-09-12 19:03 -    commands.recompile - DEBUG - [parsing started RegularFileObject[src\minecraft\net\minecraft\src\NoiseGenerator2.java]]
2026-09-12 19:03 -    commands.recompile - DEBUG - [parsing completed 1ms]
2026-09-12 19:03 -    commands.recompile - DEBUG - [parsing started RegularFileObject[src\minecraft\net\minecraft\src\NoiseGeneratorOctaves.java]]
2026-09-12 19:03 -    commands.recompile - DEBUG - [parsing completed 1ms]
2026-09-12 19:03 -    commands.recompile - DEBUG - [parsing started RegularFileObject[src\minecraft\net\minecraft\src\NoiseGeneratorOctaves2.java]]
2026-09-12 19:03 -    commands.recompile - DEBUG - [parsing completed 0ms]
2026-09-12 19:03 -    commands.recompile - DEBUG - [parsing started RegularFileObject[src\minecraft\net\minecraft\src\NoiseGeneratorPerlin.java]]
2026-09-12 19:03 -    commands.recompile - DEBUG - [parsing completed 0ms]
2026-09-12 19:03 -    commands.recompile - DEBUG - [parsing started RegularFileObject[src\minecraft\net\minecraft\src\OpenGlCapsChecker.java]]
2026-09-12 19:03 -    commands.recompile - DEBUG - [parsing completed 0ms]
2026-09-12 19:03 -    commands.recompile - DEBUG - [parsing started RegularFileObject[src\minecraft\net\minecraft\src\OsMap.java]]
2026-09-12 19:03 -    commands.recompile - DEBUG - [parsing completed 0ms]
2026-09-12 19:03 -    commands.recompile - DEBUG - [parsing started RegularFileObject[src\minecraft\net\minecraft\src\Packet.java]]
2026-09-12 19:03 -    commands.recompile - DEBUG - [parsing completed 1ms]
2026-09-12 19:03 -    commands.recompile - DEBUG - [parsing started RegularFileObject[src\minecraft\net\minecraft\src\Packet0KeepAlive.java]]
2026-09-12 19:03 -    commands.recompile - DEBUG - [parsing completed 1ms]
2026-09-12 19:03 -    commands.recompile - DEBUG - [parsing started RegularFileObject[src\minecraft\net\minecraft\src\Packet100OpenWindow.java]]
2026-09-12 19:03 -    commands.recompile - DEBUG - [parsing completed 0ms]
2026-09-12 19:03 -    commands.recompile - DEBUG - [parsing started RegularFileObject[src\minecraft\net\minecraft\src\Packet101CloseWindow.java]]
2026-09-12 19:03 -    commands.recompile - DEBUG - [parsing completed 0ms]
2026-09-12 19:03 -    commands.recompile - DEBUG - [parsing started RegularFileObject[src\minecraft\net\minecraft\src\Packet102WindowClick.java]]
2026-09-12 19:03 -    commands.recompile - DEBUG - [parsing completed 0ms]
2026-09-12 19:03 -    commands.recompile - DEBUG - [parsing started RegularFileObject[src\minecraft\net\minecraft\src\Packet103SetSlot.java]]
2026-09-12 19:03 -    commands.recompile - DEBUG - [parsing completed 0ms]
2026-09-12 19:03 -    commands.recompile - DEBUG - [parsing started RegularFileObject[src\minecraft\net\minecraft\src\Packet104WindowItems.java]]
2026-09-12 19:03 -    commands.recompile - DEBUG - [parsing completed 0ms]
2026-09-12 19:03 -    commands.recompile - DEBUG - [parsing started RegularFileObject[src\minecraft\net\minecraft\src\Packet105UpdateProgressbar.java]]
2026-09-12 19:03 -    commands.recompile - DEBUG - [parsing completed 0ms]
2026-09-12 19:03 -    commands.recompile - DEBUG - [parsing started RegularFileObject[src\minecraft\net\minecraft\src\Packet106Transaction.java]]
2026-09-12 19:03 -    commands.recompile - DEBUG - [parsing completed 0ms]
2026-09-12 19:03 -    commands.recompile - DEBUG - [parsing started RegularFileObject[src\minecraft\net\minecraft\src\Packet10Flying.java]]
2026-09-12 19:03 -    commands.recompile - DEBUG - [parsing completed 1ms]
2026-09-12 19:03 -    commands.recompile - DEBUG - [parsing started RegularFileObject[src\minecraft\net\minecraft\src\Packet11PlayerPosition.java]]
2026-09-12 19:03 -    commands.recompile - DEBUG - [parsing completed 0ms]
2026-09-12 19:03 -    commands.recompile - DEBUG - [parsing started RegularFileObject[src\minecraft\net\minecraft\src\Packet12PlayerLook.java]]
2026-09-12 19:03 -    commands.recompile - DEBUG - [parsing completed 0ms]
2026-09-12 19:03 -    commands.recompile - DEBUG - [parsing started RegularFileObject[src\minecraft\net\minecraft\src\Packet130UpdateSign.java]]
2026-09-12 19:03 -    commands.recompile - DEBUG - [parsing completed 0ms]
2026-09-12 19:03 -    commands.recompile - DEBUG - [parsing started RegularFileObject[src\minecraft\net\minecraft\src\Packet131MapData.java]]
2026-09-12 19:03 -    commands.recompile - DEBUG - [parsing completed 0ms]
2026-09-12 19:03 -    commands.recompile - DEBUG - [parsing started RegularFileObject[src\minecraft\net\minecraft\src\Packet13PlayerLookMove.java]]
2026-09-12 19:03 -    commands.recompile - DEBUG - [parsing completed 0ms]
2026-09-12 19:03 -    commands.recompile - DEBUG - [parsing started RegularFileObject[src\minecraft\net\minecraft\src\Packet14BlockDig.java]]
2026-09-12 19:03 -    commands.recompile - DEBUG - [parsing completed 0ms]
2026-09-12 19:03 -    commands.recompile - DEBUG - [parsing started RegularFileObject[src\minecraft\net\minecraft\src\Packet15Place.java]]
2026-09-12 19:03 -    commands.recompile - DEBUG - [parsing completed 0ms]
2026-09-12 19:03 -    commands.recompile - DEBUG - [parsing started RegularFileObject[src\minecraft\net\minecraft\src\Packet16BlockItemSwitch.java]]
2026-09-12 19:03 -    commands.recompile - DEBUG - [parsing completed 0ms]
2026-09-12 19:03 -    commands.recompile - DEBUG - [parsing started RegularFileObject[src\minecraft\net\minecraft\src\Packet17Sleep.java]]
2026-09-12 19:03 -    commands.recompile - DEBUG - [parsing completed 1ms]
2026-09-12 19:03 -    commands.recompile - DEBUG - [parsing started RegularFileObject[src\minecraft\net\minecraft\src\Packet18Animation.java]]
2026-09-12 19:03 -    commands.recompile - DEBUG - [parsing completed 0ms]
2026-09-12 19:03 -    commands.recompile - DEBUG - [parsing started RegularFileObject[src\minecraft\net\minecraft\src\Packet19EntityAction.java]]
2026-09-12 19:03 -    commands.recompile - DEBUG - [parsing completed 0ms]
2026-09-12 19:03 -    commands.recompile - DEBUG - [parsing started RegularFileObject[src\minecraft\net\minecraft\src\Packet1Login.java]]
2026-09-12 19:03 -    commands.recompile - DEBUG - [parsing completed 0ms]
2026-09-12 19:03 -    commands.recompile - DEBUG - [parsing started RegularFileObject[src\minecraft\net\minecraft\src\Packet200Statistic.java]]
2026-09-12 19:03 -    commands.recompile - DEBUG - [parsing completed 0ms]
2026-09-12 19:03 -    commands.recompile - DEBUG - [parsing started RegularFileObject[src\minecraft\net\minecraft\src\Packet20NamedEntitySpawn.java]]
2026-09-12 19:03 -    commands.recompile - DEBUG - [parsing completed 0ms]
2026-09-12 19:03 -    commands.recompile - DEBUG - [parsing started RegularFileObject[src\minecraft\net\minecraft\src\Packet21PickupSpawn.java]]
2026-09-12 19:03 -    commands.recompile - DEBUG - [parsing completed 0ms]
2026-09-12 19:03 -    commands.recompile - DEBUG - [parsing started RegularFileObject[src\minecraft\net\minecraft\src\Packet22Collect.java]]
2026-09-12 19:03 -    commands.recompile - DEBUG - [parsing completed 1ms]
2026-09-12 19:03 -    commands.recompile - DEBUG - [parsing started RegularFileObject[src\minecraft\net\minecraft\src\Packet23VehicleSpawn.java]]
2026-09-12 19:03 -    commands.recompile - DEBUG - [parsing completed 0ms]
2026-09-12 19:03 -    commands.recompile - DEBUG - [parsing started RegularFileObject[src\minecraft\net\minecraft\src\Packet24MobSpawn.java]]
2026-09-12 19:03 -    commands.recompile - DEBUG - [parsing completed 0ms]
2026-09-12 19:03 -    commands.recompile - DEBUG - [parsing started RegularFileObject[src\minecraft\net\minecraft\src\Packet255KickDisconnect.java]]
2026-09-12 19:03 -    commands.recompile - DEBUG - [parsing completed 0ms]
2026-09-12 19:03 -    commands.recompile - DEBUG - [parsing started RegularFileObject[src\minecraft\net\minecraft\src\Packet25EntityPainting.java]]
2026-09-12 19:03 -    commands.recompile - DEBUG - [parsing completed 0ms]
2026-09-12 19:03 -    commands.recompile - DEBUG - [parsing started RegularFileObject[src\minecraft\net\minecraft\src\Packet27Position.java]]
2026-09-12 19:03 -    commands.recompile - DEBUG - [parsing completed 0ms]
2026-09-12 19:03 -    commands.recompile - DEBUG - [parsing started RegularFileObject[src\minecraft\net\minecraft\src\Packet28EntityVelocity.java]]
2026-09-12 19:03 -    commands.recompile - DEBUG - [parsing completed 0ms]
2026-09-12 19:03 -    commands.recompile - DEBUG - [parsing started RegularFileObject[src\minecraft\net\minecraft\src\Packet29DestroyEntity.java]]
2026-09-12 19:03 -    commands.recompile - DEBUG - [parsing completed 0ms]
2026-09-12 19:03 -    commands.recompile - DEBUG - [parsing started RegularFileObject[src\minecraft\net\minecraft\src\Packet2Handshake.java]]
2026-09-12 19:03 -    commands.recompile - DEBUG - [parsing completed 0ms]
2026-09-12 19:03 -    commands.recompile - DEBUG - [parsing started RegularFileObject[src\minecraft\net\minecraft\src\Packet30Entity.java]]
2026-09-12 19:03 -    commands.recompile - DEBUG - [parsing completed 0ms]
2026-09-12 19:03 -    commands.recompile - DEBUG - [parsing started RegularFileObject[src\minecraft\net\minecraft\src\Packet31RelEntityMove.java]]
2026-09-12 19:03 -    commands.recompile - DEBUG - [parsing completed 0ms]
2026-09-12 19:03 -    commands.recompile - DEBUG - [parsing started RegularFileObject[src\minecraft\net\minecraft\src\Packet32EntityLook.java]]
2026-09-12 19:03 -    commands.recompile - DEBUG - [parsing completed 0ms]
2026-09-12 19:03 -    commands.recompile - DEBUG - [parsing started RegularFileObject[src\minecraft\net\minecraft\src\Packet33RelEntityMoveLook.java]]
2026-09-12 19:03 -    commands.recompile - DEBUG - [parsing completed 0ms]
2026-09-12 19:03 -    commands.recompile - DEBUG - [parsing started RegularFileObject[src\minecraft\net\minecraft\src\Packet34EntityTeleport.java]]
2026-09-12 19:03 -    commands.recompile - DEBUG - [parsing completed 0ms]
2026-09-12 19:03 -    commands.recompile - DEBUG - [parsing started RegularFileObject[src\minecraft\net\minecraft\src\Packet38EntityStatus.java]]
2026-09-12 19:03 -    commands.recompile - DEBUG - [parsing completed 0ms]
2026-09-12 19:03 -    commands.recompile - DEBUG - [parsing started RegularFileObject[src\minecraft\net\minecraft\src\Packet39AttachEntity.java]]
2026-09-12 19:03 -    commands.recompile - DEBUG - [parsing completed 0ms]
2026-09-12 19:03 -    commands.recompile - DEBUG - [parsing started RegularFileObject[src\minecraft\net\minecraft\src\Packet3Chat.java]]
2026-09-12 19:03 -    commands.recompile - DEBUG - [parsing completed 0ms]
2026-09-12 19:03 -    commands.recompile - DEBUG - [parsing started RegularFileObject[src\minecraft\net\minecraft\src\Packet40EntityMetadata.java]]
2026-09-12 19:03 -    commands.recompile - DEBUG - [parsing completed 0ms]
2026-09-12 19:03 -    commands.recompile - DEBUG - [parsing started RegularFileObject[src\minecraft\net\minecraft\src\Packet4UpdateTime.java]]
2026-09-12 19:03 -    commands.recompile - DEBUG - [parsing completed 1ms]
2026-09-12 19:03 -    commands.recompile - DEBUG - [parsing started RegularFileObject[src\minecraft\net\minecraft\src\Packet50PreChunk.java]]
2026-09-12 19:03 -    commands.recompile - DEBUG - [parsing completed 0ms]
2026-09-12 19:03 -    commands.recompile - DEBUG - [parsing started RegularFileObject[src\minecraft\net\minecraft\src\Packet51MapChunk.java]]
2026-09-12 19:03 -    commands.recompile - DEBUG - [parsing completed 0ms]
2026-09-12 19:03 -    commands.recompile - DEBUG - [parsing started RegularFileObject[src\minecraft\net\minecraft\src\Packet52MultiBlockChange.java]]
2026-09-12 19:03 -    commands.recompile - DEBUG - [parsing completed 0ms]
2026-09-12 19:03 -    commands.recompile - DEBUG - [parsing started RegularFileObject[src\minecraft\net\minecraft\src\Packet53BlockChange.java]]
2026-09-12 19:03 -    commands.recompile - DEBUG - [parsing completed 0ms]
2026-09-12 19:03 -    commands.recompile - DEBUG - [parsing started RegularFileObject[src\minecraft\net\minecraft\src\Packet54PlayNoteBlock.java]]
2026-09-12 19:03 -    commands.recompile - DEBUG - [parsing completed 0ms]
2026-09-12 19:03 -    commands.recompile - DEBUG - [parsing started RegularFileObject[src\minecraft\net\minecraft\src\Packet5PlayerInventory.java]]
2026-09-12 19:03 -    commands.recompile - DEBUG - [parsing completed 0ms]
2026-09-12 19:03 -    commands.recompile - DEBUG - [parsing started RegularFileObject[src\minecraft\net\minecraft\src\Packet60Explosion.java]]
2026-09-12 19:03 -    commands.recompile - DEBUG - [parsing completed 1ms]
2026-09-12 19:03 -    commands.recompile - DEBUG - [parsing started RegularFileObject[src\minecraft\net\minecraft\src\Packet61DoorChange.java]]
2026-09-12 19:03 -    commands.recompile - DEBUG - [parsing completed 0ms]
2026-09-12 19:03 -    commands.recompile - DEBUG - [parsing started RegularFileObject[src\minecraft\net\minecraft\src\Packet6SpawnPosition.java]]
2026-09-12 19:03 -    commands.recompile - DEBUG - [parsing completed 1ms]
2026-09-12 19:03 -    commands.recompile - DEBUG - [parsing started RegularFileObject[src\minecraft\net\minecraft\src\Packet70Bed.java]]
2026-09-12 19:03 -    commands.recompile - DEBUG - [parsing completed 0ms]
2026-09-12 19:03 -    commands.recompile - DEBUG - [parsing started RegularFileObject[src\minecraft\net\minecraft\src\Packet71Weather.java]]
2026-09-12 19:03 -    commands.recompile - DEBUG - [parsing completed 0ms]
2026-09-12 19:03 -    commands.recompile - DEBUG - [parsing started RegularFileObject[src\minecraft\net\minecraft\src\Packet7UseEntity.java]]
2026-09-12 19:03 -    commands.recompile - DEBUG - [parsing completed 0ms]
2026-09-12 19:03 -    commands.recompile - DEBUG - [parsing started RegularFileObject[src\minecraft\net\minecraft\src\Packet8UpdateHealth.java]]
2026-09-12 19:03 -    commands.recompile - DEBUG - [parsing completed 0ms]
2026-09-12 19:03 -    commands.recompile - DEBUG - [parsing started RegularFileObject[src\minecraft\net\minecraft\src\Packet9Respawn.java]]
2026-09-12 19:03 -    commands.recompile - DEBUG - [parsing completed 0ms]
2026-09-12 19:03 -    commands.recompile - DEBUG - [parsing started RegularFileObject[src\minecraft\net\minecraft\src\PacketCounter.java]]
2026-09-12 19:03 -    commands.recompile - DEBUG - [parsing completed 0ms]
2026-09-12 19:03 -    commands.recompile - DEBUG - [parsing started RegularFileObject[src\minecraft\net\minecraft\src\PanelCrashReport.java]]
2026-09-12 19:03 -    commands.recompile - DEBUG - [parsing completed 0ms]
2026-09-12 19:03 -    commands.recompile - DEBUG - [parsing started RegularFileObject[src\minecraft\net\minecraft\src\Particle.java]]
2026-09-12 19:03 -    commands.recompile - DEBUG - [parsing completed 0ms]
2026-09-12 19:03 -    commands.recompile - DEBUG - [parsing started RegularFileObject[src\minecraft\net\minecraft\src\Path.java]]
2026-09-12 19:03 -    commands.recompile - DEBUG - [parsing completed 1ms]
2026-09-12 19:03 -    commands.recompile - DEBUG - [parsing started RegularFileObject[src\minecraft\net\minecraft\src\PathEntity.java]]
2026-09-12 19:03 -    commands.recompile - DEBUG - [parsing completed 0ms]
2026-09-12 19:03 -    commands.recompile - DEBUG - [parsing started RegularFileObject[src\minecraft\net\minecraft\src\Pathfinder.java]]
2026-09-12 19:03 -    commands.recompile - DEBUG - [parsing completed 0ms]
2026-09-12 19:03 -    commands.recompile - DEBUG - [parsing started RegularFileObject[src\minecraft\net\minecraft\src\PathPoint.java]]
2026-09-12 19:03 -    commands.recompile - DEBUG - [parsing completed 0ms]
2026-09-12 19:03 -    commands.recompile - DEBUG - [parsing started RegularFileObject[src\minecraft\net\minecraft\src\PistonBlockTextures.java]]
2026-09-12 19:03 -    commands.recompile - DEBUG - [parsing completed 0ms]
2026-09-12 19:03 -    commands.recompile - DEBUG - [parsing started RegularFileObject[src\minecraft\net\minecraft\src\PlayerController.java]]
2026-09-12 19:03 -    commands.recompile - DEBUG - [parsing completed 0ms]
2026-09-12 19:03 -    commands.recompile - DEBUG - [parsing started RegularFileObject[src\minecraft\net\minecraft\src\PlayerControllerMP.java]]
2026-09-12 19:03 -    commands.recompile - DEBUG - [parsing completed 1ms]
2026-09-12 19:03 -    commands.recompile - DEBUG - [parsing started RegularFileObject[src\minecraft\net\minecraft\src\PlayerControllerSP.java]]
2026-09-12 19:03 -    commands.recompile - DEBUG - [parsing completed 0ms]
2026-09-12 19:03 -    commands.recompile - DEBUG - [parsing started RegularFileObject[src\minecraft\net\minecraft\src\PlayerControllerTest.java]]
2026-09-12 19:03 -    commands.recompile - DEBUG - [parsing completed 0ms]
2026-09-12 19:03 -    commands.recompile - DEBUG - [parsing started RegularFileObject[src\minecraft\net\minecraft\src\PositionTextureVertex.java]]
2026-09-12 19:03 -    commands.recompile - DEBUG - [parsing completed 0ms]
2026-09-12 19:03 -    commands.recompile - DEBUG - [parsing started RegularFileObject[src\minecraft\net\minecraft\src\RailLogic.java]]
2026-09-12 19:03 -    commands.recompile - DEBUG - [parsing completed 1ms]
2026-09-12 19:03 -    commands.recompile - DEBUG - [parsing started RegularFileObject[src\minecraft\net\minecraft\src\RecipesArmor.java]]
2026-09-12 19:03 -    commands.recompile - DEBUG - [parsing completed 0ms]
2026-09-12 19:03 -    commands.recompile - DEBUG - [parsing started RegularFileObject[src\minecraft\net\minecraft\src\RecipesCrafting.java]]
2026-09-12 19:03 -    commands.recompile - DEBUG - [parsing completed 0ms]
2026-09-12 19:03 -    commands.recompile - DEBUG - [parsing started RegularFileObject[src\minecraft\net\minecraft\src\RecipesDyes.java]]
2026-09-12 19:03 -    commands.recompile - DEBUG - [parsing completed 0ms]
2026-09-12 19:03 -    commands.recompile - DEBUG - [parsing started RegularFileObject[src\minecraft\net\minecraft\src\RecipesFood.java]]
2026-09-12 19:03 -    commands.recompile - DEBUG - [parsing completed 0ms]
2026-09-12 19:03 -    commands.recompile - DEBUG - [parsing started RegularFileObject[src\minecraft\net\minecraft\src\RecipesIngots.java]]
2026-09-12 19:03 -    commands.recompile - DEBUG - [parsing completed 1ms]
2026-09-12 19:03 -    commands.recompile - DEBUG - [parsing started RegularFileObject[src\minecraft\net\minecraft\src\RecipeSorter.java]]
2026-09-12 19:03 -    commands.recompile - DEBUG - [parsing completed 0ms]
2026-09-12 19:03 -    commands.recompile - DEBUG - [parsing started RegularFileObject[src\minecraft\net\minecraft\src\RecipesTools.java]]
2026-09-12 19:03 -    commands.recompile - DEBUG - [parsing completed 0ms]
2026-09-12 19:03 -    commands.recompile - DEBUG - [parsing started RegularFileObject[src\minecraft\net\minecraft\src\RecipesWeapons.java]]
2026-09-12 19:03 -    commands.recompile - DEBUG - [parsing completed 1ms]
2026-09-12 19:03 -    commands.recompile - DEBUG - [parsing started RegularFileObject[src\minecraft\net\minecraft\src\RedstoneUpdateInfo.java]]
2026-09-12 19:03 -    commands.recompile - DEBUG - [parsing completed 0ms]
2026-09-12 19:03 -    commands.recompile - DEBUG - [parsing started RegularFileObject[src\minecraft\net\minecraft\src\RegionFile.java]]
2026-09-12 19:03 -    commands.recompile - DEBUG - [parsing completed 1ms]
2026-09-12 19:03 -    commands.recompile - DEBUG - [parsing started RegularFileObject[src\minecraft\net\minecraft\src\RegionFileCache.java]]
2026-09-12 19:03 -    commands.recompile - DEBUG - [parsing completed 0ms]
2026-09-12 19:03 -    commands.recompile - DEBUG - [parsing started RegularFileObject[src\minecraft\net\minecraft\src\RegionFileChunkBuffer.java]]
2026-09-12 19:03 -    commands.recompile - DEBUG - [parsing completed 0ms]
2026-09-12 19:03 -    commands.recompile - DEBUG - [parsing started RegularFileObject[src\minecraft\net\minecraft\src\Render.java]]
2026-09-12 19:03 -    commands.recompile - DEBUG - [parsing completed 1ms]
2026-09-12 19:03 -    commands.recompile - DEBUG - [parsing started RegularFileObject[src\minecraft\net\minecraft\src\RenderArrow.java]]
2026-09-12 19:03 -    commands.recompile - DEBUG - [parsing completed 0ms]
2026-09-12 19:03 -    commands.recompile - DEBUG - [parsing started RegularFileObject[src\minecraft\net\minecraft\src\RenderBiped.java]]
2026-09-12 19:03 -    commands.recompile - DEBUG - [parsing completed 0ms]
2026-09-12 19:03 -    commands.recompile - DEBUG - [parsing started RegularFileObject[src\minecraft\net\minecraft\src\RenderBlocks.java]]
2026-09-12 19:03 -    commands.recompile - DEBUG - [parsing completed 10ms]
2026-09-12 19:03 -    commands.recompile - DEBUG - [parsing started RegularFileObject[src\minecraft\net\minecraft\src\RenderBoat.java]]
2026-09-12 19:03 -    commands.recompile - DEBUG - [parsing completed 1ms]
2026-09-12 19:03 -    commands.recompile - DEBUG - [parsing started RegularFileObject[src\minecraft\net\minecraft\src\RenderChicken.java]]
2026-09-12 19:03 -    commands.recompile - DEBUG - [parsing completed 0ms]
2026-09-12 19:03 -    commands.recompile - DEBUG - [parsing started RegularFileObject[src\minecraft\net\minecraft\src\RenderCow.java]]
2026-09-12 19:03 -    commands.recompile - DEBUG - [parsing completed 1ms]
2026-09-12 19:03 -    commands.recompile - DEBUG - [parsing started RegularFileObject[src\minecraft\net\minecraft\src\RenderCreeper.java]]
2026-09-12 19:03 -    commands.recompile - DEBUG - [parsing completed 0ms]
2026-09-12 19:03 -    commands.recompile - DEBUG - [parsing started RegularFileObject[src\minecraft\net\minecraft\src\RenderEngine.java]]
2026-09-12 19:03 -    commands.recompile - DEBUG - [parsing completed 6ms]
2026-09-12 19:03 -    commands.recompile - DEBUG - [parsing started RegularFileObject[src\minecraft\net\minecraft\src\RenderEntity.java]]
2026-09-12 19:03 -    commands.recompile - DEBUG - [parsing completed 0ms]
2026-09-12 19:03 -    commands.recompile - DEBUG - [parsing started RegularFileObject[src\minecraft\net\minecraft\src\RenderFallingSand.java]]
2026-09-12 19:03 -    commands.recompile - DEBUG - [parsing completed 0ms]
2026-09-12 19:03 -    commands.recompile - DEBUG - [parsing started RegularFileObject[src\minecraft\net\minecraft\src\RenderFireball.java]]
2026-09-12 19:03 -    commands.recompile - DEBUG - [parsing completed 1ms]
2026-09-12 19:03 -    commands.recompile - DEBUG - [parsing started RegularFileObject[src\minecraft\net\minecraft\src\RenderFish.java]]
2026-09-12 19:03 -    commands.recompile - DEBUG - [parsing completed 1ms]
2026-09-12 19:03 -    commands.recompile - DEBUG - [parsing started RegularFileObject[src\minecraft\net\minecraft\src\RenderGhast.java]]
2026-09-12 19:03 -    commands.recompile - DEBUG - [parsing completed 0ms]
2026-09-12 19:03 -    commands.recompile - DEBUG - [parsing started RegularFileObject[src\minecraft\net\minecraft\src\RenderGiantZombie.java]]
2026-09-12 19:03 -    commands.recompile - DEBUG - [parsing completed 0ms]
2026-09-12 19:03 -    commands.recompile - DEBUG - [parsing started RegularFileObject[src\minecraft\net\minecraft\src\RenderGlobal.java]]
2026-09-12 19:03 -    commands.recompile - DEBUG - [parsing completed 5ms]
2026-09-12 19:03 -    commands.recompile - DEBUG - [parsing started RegularFileObject[src\minecraft\net\minecraft\src\RenderHelper.java]]
2026-09-12 19:03 -    commands.recompile - DEBUG - [parsing completed 0ms]
2026-09-12 19:03 -    commands.recompile - DEBUG - [parsing started RegularFileObject[src\minecraft\net\minecraft\src\RenderItem.java]]
2026-09-12 19:03 -    commands.recompile - DEBUG - [parsing completed 2ms]
2026-09-12 19:03 -    commands.recompile - DEBUG - [parsing started RegularFileObject[src\minecraft\net\minecraft\src\RenderLightningBolt.java]]
2026-09-12 19:03 -    commands.recompile - DEBUG - [parsing completed 0ms]
2026-09-12 19:03 -    commands.recompile - DEBUG - [parsing started RegularFileObject[src\minecraft\net\minecraft\src\RenderList.java]]
2026-09-12 19:03 -    commands.recompile - DEBUG - [parsing completed 0ms]
2026-09-12 19:03 -    commands.recompile - DEBUG - [parsing started RegularFileObject[src\minecraft\net\minecraft\src\RenderLiving.java]]
2026-09-12 19:03 -    commands.recompile - DEBUG - [parsing completed 1ms]
2026-09-12 19:03 -    commands.recompile - DEBUG - [parsing started RegularFileObject[src\minecraft\net\minecraft\src\RenderManager.java]]
2026-09-12 19:03 -    commands.recompile - DEBUG - [parsing completed 1ms]
2026-09-12 19:03 -    commands.recompile - DEBUG - [parsing started RegularFileObject[src\minecraft\net\minecraft\src\RenderMinecart.java]]
2026-09-12 19:03 -    commands.recompile - DEBUG - [parsing completed 1ms]
2026-09-12 19:03 -    commands.recompile - DEBUG - [parsing started RegularFileObject[src\minecraft\net\minecraft\src\RenderPainting.java]]
2026-09-12 19:03 -    commands.recompile - DEBUG - [parsing completed 1ms]
2026-09-12 19:03 -    commands.recompile - DEBUG - [parsing started RegularFileObject[src\minecraft\net\minecraft\src\RenderPig.java]]
2026-09-12 19:03 -    commands.recompile - DEBUG - [parsing completed 0ms]
2026-09-12 19:03 -    commands.recompile - DEBUG - [parsing started RegularFileObject[src\minecraft\net\minecraft\src\RenderPlayer.java]]
2026-09-12 19:03 -    commands.recompile - DEBUG - [parsing completed 1ms]
2026-09-12 19:03 -    commands.recompile - DEBUG - [parsing started RegularFileObject[src\minecraft\net\minecraft\src\RenderSheep.java]]
2026-09-12 19:03 -    commands.recompile - DEBUG - [parsing completed 0ms]
2026-09-12 19:03 -    commands.recompile - DEBUG - [parsing started RegularFileObject[src\minecraft\net\minecraft\src\RenderSlime.java]]
2026-09-12 19:03 -    commands.recompile - DEBUG - [parsing completed 0ms]
2026-09-12 19:03 -    commands.recompile - DEBUG - [parsing started RegularFileObject[src\minecraft\net\minecraft\src\RenderSnowball.java]]
2026-09-12 19:03 -    commands.recompile - DEBUG - [parsing completed 0ms]
2026-09-12 19:03 -    commands.recompile - DEBUG - [parsing started RegularFileObject[src\minecraft\net\minecraft\src\RenderSorter.java]]
2026-09-12 19:03 -    commands.recompile - DEBUG - [parsing completed 0ms]
2026-09-12 19:03 -    commands.recompile - DEBUG - [parsing started RegularFileObject[src\minecraft\net\minecraft\src\RenderSpider.java]]
2026-09-12 19:03 -    commands.recompile - DEBUG - [parsing completed 0ms]
2026-09-12 19:03 -    commands.recompile - DEBUG - [parsing started RegularFileObject[src\minecraft\net\minecraft\src\RenderSquid.java]]
2026-09-12 19:03 -    commands.recompile - DEBUG - [parsing completed 0ms]
2026-09-12 19:03 -    commands.recompile - DEBUG - [parsing started RegularFileObject[src\minecraft\net\minecraft\src\RenderTNTPrimed.java]]
2026-09-12 19:03 -    commands.recompile - DEBUG - [parsing completed 0ms]
2026-09-12 19:03 -    commands.recompile - DEBUG - [parsing started RegularFileObject[src\minecraft\net\minecraft\src\RenderWolf.java]]
2026-09-12 19:03 -    commands.recompile - DEBUG - [parsing completed 1ms]
2026-09-12 19:03 -    commands.recompile - DEBUG - [parsing started RegularFileObject[src\minecraft\net\minecraft\src\SaveConverterMcRegion.java]]
2026-09-12 19:03 -    commands.recompile - DEBUG - [parsing completed 0ms]
2026-09-12 19:03 -    commands.recompile - DEBUG - [parsing started RegularFileObject[src\minecraft\net\minecraft\src\SaveFormatComparator.java]]
2026-09-12 19:03 -    commands.recompile - DEBUG - [parsing completed 0ms]
2026-09-12 19:03 -    commands.recompile - DEBUG - [parsing started RegularFileObject[src\minecraft\net\minecraft\src\SaveFormatOld.java]]
2026-09-12 19:03 -    commands.recompile - DEBUG - [parsing completed 0ms]
2026-09-12 19:03 -    commands.recompile - DEBUG - [parsing started RegularFileObject[src\minecraft\net\minecraft\src\SaveHandler.java]]
2026-09-12 19:03 -    commands.recompile - DEBUG - [parsing completed 1ms]
2026-09-12 19:03 -    commands.recompile - DEBUG - [parsing started RegularFileObject[src\minecraft\net\minecraft\src\SaveHandlerMP.java]]
2026-09-12 19:03 -    commands.recompile - DEBUG - [parsing completed 0ms]
2026-09-12 19:03 -    commands.recompile - DEBUG - [parsing started RegularFileObject[src\minecraft\net\minecraft\src\SaveOldDir.java]]
2026-09-12 19:03 -    commands.recompile - DEBUG - [parsing completed 0ms]
2026-09-12 19:03 -    commands.recompile - DEBUG - [parsing started RegularFileObject[src\minecraft\net\minecraft\src\ScaledResolution.java]]
2026-09-12 19:03 -    commands.recompile - DEBUG - [parsing completed 0ms]
2026-09-12 19:03 -    commands.recompile - DEBUG - [parsing started RegularFileObject[src\minecraft\net\minecraft\src\ScreenShotHelper.java]]
2026-09-12 19:03 -    commands.recompile - DEBUG - [parsing completed 1ms]
2026-09-12 19:03 -    commands.recompile - DEBUG - [parsing started RegularFileObject[src\minecraft\net\minecraft\src\Session.java]]
2026-09-12 19:03 -    commands.recompile - DEBUG - [parsing completed 0ms]
2026-09-12 19:03 -    commands.recompile - DEBUG - [parsing started RegularFileObject[src\minecraft\net\minecraft\src\ShapedRecipes.java]]
2026-09-12 19:03 -    commands.recompile - DEBUG - [parsing completed 0ms]
2026-09-12 19:03 -    commands.recompile - DEBUG - [parsing started RegularFileObject[src\minecraft\net\minecraft\src\ShapelessRecipes.java]]
2026-09-12 19:03 -    commands.recompile - DEBUG - [parsing completed 0ms]
2026-09-12 19:03 -    commands.recompile - DEBUG - [parsing started RegularFileObject[src\minecraft\net\minecraft\src\SignModel.java]]
2026-09-12 19:03 -    commands.recompile - DEBUG - [parsing completed 0ms]
2026-09-12 19:03 -    commands.recompile - DEBUG - [parsing started RegularFileObject[src\minecraft\net\minecraft\src\Slot.java]]
2026-09-12 19:03 -    commands.recompile - DEBUG - [parsing completed 1ms]
2026-09-12 19:03 -    commands.recompile - DEBUG - [parsing started RegularFileObject[src\minecraft\net\minecraft\src\SlotArmor.java]]
2026-09-12 19:03 -    commands.recompile - DEBUG - [parsing completed 0ms]
2026-09-12 19:03 -    commands.recompile - DEBUG - [parsing started RegularFileObject[src\minecraft\net\minecraft\src\SlotCrafting.java]]
2026-09-12 19:03 -    commands.recompile - DEBUG - [parsing completed 0ms]
2026-09-12 19:03 -    commands.recompile - DEBUG - [parsing started RegularFileObject[src\minecraft\net\minecraft\src\SlotFurnace.java]]
2026-09-12 19:03 -    commands.recompile - DEBUG - [parsing completed 0ms]
2026-09-12 19:03 -    commands.recompile - DEBUG - [parsing started RegularFileObject[src\minecraft\net\minecraft\src\SlotHearth.java]]
2026-09-12 19:03 -    commands.recompile - DEBUG - [parsing completed 0ms]
2026-09-12 19:03 -    commands.recompile - DEBUG - [parsing started RegularFileObject[src\minecraft\net\minecraft\src\SorterStatsBlock.java]]
2026-09-12 19:03 -    commands.recompile - DEBUG - [parsing completed 0ms]
2026-09-12 19:03 -    commands.recompile - DEBUG - [parsing started RegularFileObject[src\minecraft\net\minecraft\src\SorterStatsItem.java]]
2026-09-12 19:03 -    commands.recompile - DEBUG - [parsing completed 0ms]
2026-09-12 19:03 -    commands.recompile - DEBUG - [parsing started RegularFileObject[src\minecraft\net\minecraft\src\SoundManager.java]]
2026-09-12 19:03 -    commands.recompile - DEBUG - [parsing completed 0ms]
2026-09-12 19:03 -    commands.recompile - DEBUG - [parsing started RegularFileObject[src\minecraft\net\minecraft\src\SoundPool.java]]
2026-09-12 19:03 -    commands.recompile - DEBUG - [parsing completed 0ms]
2026-09-12 19:03 -    commands.recompile - DEBUG - [parsing started RegularFileObject[src\minecraft\net\minecraft\src\SoundPoolEntry.java]]
2026-09-12 19:03 -    commands.recompile - DEBUG - [parsing completed 0ms]
2026-09-12 19:03 -    commands.recompile - DEBUG - [parsing started RegularFileObject[src\minecraft\net\minecraft\src\SpawnerAnimals.java]]
2026-09-12 19:03 -    commands.recompile - DEBUG - [parsing completed 2ms]
2026-09-12 19:03 -    commands.recompile - DEBUG - [parsing started RegularFileObject[src\minecraft\net\minecraft\src\SpawnListEntry.java]]
2026-09-12 19:03 -    commands.recompile - DEBUG - [parsing completed 0ms]
2026-09-12 19:03 -    commands.recompile - DEBUG - [parsing started RegularFileObject[src\minecraft\net\minecraft\src\StatBase.java]]
2026-09-12 19:03 -    commands.recompile - DEBUG - [parsing completed 0ms]
2026-09-12 19:03 -    commands.recompile - DEBUG - [parsing started RegularFileObject[src\minecraft\net\minecraft\src\StatBasic.java]]
2026-09-12 19:03 -    commands.recompile - DEBUG - [parsing completed 0ms]
2026-09-12 19:03 -    commands.recompile - DEBUG - [parsing started RegularFileObject[src\minecraft\net\minecraft\src\StatCollector.java]]
2026-09-12 19:03 -    commands.recompile - DEBUG - [parsing completed 0ms]
2026-09-12 19:03 -    commands.recompile - DEBUG - [parsing started RegularFileObject[src\minecraft\net\minecraft\src\StatCrafting.java]]
2026-09-12 19:03 -    commands.recompile - DEBUG - [parsing completed 0ms]
2026-09-12 19:03 -    commands.recompile - DEBUG - [parsing started RegularFileObject[src\minecraft\net\minecraft\src\StatFileWriter.java]]
2026-09-12 19:03 -    commands.recompile - DEBUG - [parsing completed 1ms]
2026-09-12 19:03 -    commands.recompile - DEBUG - [parsing started RegularFileObject[src\minecraft\net\minecraft\src\StatList.java]]
2026-09-12 19:03 -    commands.recompile - DEBUG - [parsing completed 1ms]
2026-09-12 19:03 -    commands.recompile - DEBUG - [parsing started RegularFileObject[src\minecraft\net\minecraft\src\StatsSyncher.java]]
2026-09-12 19:03 -    commands.recompile - DEBUG - [parsing completed 0ms]
2026-09-12 19:03 -    commands.recompile - DEBUG - [parsing started RegularFileObject[src\minecraft\net\minecraft\src\StatStringFormatKeyInv.java]]
2026-09-12 19:03 -    commands.recompile - DEBUG - [parsing completed 0ms]
2026-09-12 19:03 -    commands.recompile - DEBUG - [parsing started RegularFileObject[src\minecraft\net\minecraft\src\StatTypeDistance.java]]
2026-09-12 19:03 -    commands.recompile - DEBUG - [parsing completed 0ms]
2026-09-12 19:03 -    commands.recompile - DEBUG - [parsing started RegularFileObject[src\minecraft\net\minecraft\src\StatTypeSimple.java]]
2026-09-12 19:03 -    commands.recompile - DEBUG - [parsing completed 0ms]
2026-09-12 19:03 -    commands.recompile - DEBUG - [parsing started RegularFileObject[src\minecraft\net\minecraft\src\StatTypeTime.java]]
2026-09-12 19:03 -    commands.recompile - DEBUG - [parsing completed 1ms]
2026-09-12 19:03 -    commands.recompile - DEBUG - [parsing started RegularFileObject[src\minecraft\net\minecraft\src\StepSound.java]]
2026-09-12 19:03 -    commands.recompile - DEBUG - [parsing completed 0ms]
2026-09-12 19:03 -    commands.recompile - DEBUG - [parsing started RegularFileObject[src\minecraft\net\minecraft\src\StepSoundSand.java]]
2026-09-12 19:03 -    commands.recompile - DEBUG - [parsing completed 0ms]
2026-09-12 19:03 -    commands.recompile - DEBUG - [parsing started RegularFileObject[src\minecraft\net\minecraft\src\StepSoundStone.java]]
2026-09-12 19:03 -    commands.recompile - DEBUG - [parsing completed 0ms]
2026-09-12 19:03 -    commands.recompile - DEBUG - [parsing started RegularFileObject[src\minecraft\net\minecraft\src\StringTranslate.java]]
2026-09-12 19:03 -    commands.recompile - DEBUG - [parsing completed 0ms]
2026-09-12 19:03 -    commands.recompile - DEBUG - [parsing started RegularFileObject[src\minecraft\net\minecraft\src\Teleporter.java]]
2026-09-12 19:03 -    commands.recompile - DEBUG - [parsing completed 1ms]
2026-09-12 19:03 -    commands.recompile - DEBUG - [parsing started RegularFileObject[src\minecraft\net\minecraft\src\TerrainTextureManager.java]]
2026-09-12 19:03 -    commands.recompile - DEBUG - [parsing completed 1ms]
2026-09-12 19:03 -    commands.recompile - DEBUG - [parsing started RegularFileObject[src\minecraft\net\minecraft\src\Tessellator.java]]
2026-09-12 19:03 -    commands.recompile - DEBUG - [parsing completed 1ms]
2026-09-12 19:03 -    commands.recompile - DEBUG - [parsing started RegularFileObject[src\minecraft\net\minecraft\src\TextureCompassFX.java]]
2026-09-12 19:03 -    commands.recompile - DEBUG - [parsing completed 1ms]
2026-09-12 19:03 -    commands.recompile - DEBUG - [parsing started RegularFileObject[src\minecraft\net\minecraft\src\TexturedQuad.java]]
2026-09-12 19:03 -    commands.recompile - DEBUG - [parsing completed 0ms]
2026-09-12 19:03 -    commands.recompile - DEBUG - [parsing started RegularFileObject[src\minecraft\net\minecraft\src\TextureFlamesFX.java]]
2026-09-12 19:03 -    commands.recompile - DEBUG - [parsing completed 0ms]
2026-09-12 19:03 -    commands.recompile - DEBUG - [parsing started RegularFileObject[src\minecraft\net\minecraft\src\TextureFX.java]]
2026-09-12 19:03 -    commands.recompile - DEBUG - [parsing completed 0ms]
2026-09-12 19:03 -    commands.recompile - DEBUG - [parsing started RegularFileObject[src\minecraft\net\minecraft\src\TextureLavaFlowFX.java]]
2026-09-12 19:03 -    commands.recompile - DEBUG - [parsing completed 1ms]
2026-09-12 19:03 -    commands.recompile - DEBUG - [parsing started RegularFileObject[src\minecraft\net\minecraft\src\TextureLavaFX.java]]
2026-09-12 19:03 -    commands.recompile - DEBUG - [parsing completed 1ms]
2026-09-12 19:03 -    commands.recompile - DEBUG - [parsing started RegularFileObject[src\minecraft\net\minecraft\src\TexturePackBase.java]]
2026-09-12 19:03 -    commands.recompile - DEBUG - [parsing completed 0ms]
2026-09-12 19:03 -    commands.recompile - DEBUG - [parsing started RegularFileObject[src\minecraft\net\minecraft\src\TexturePackCustom.java]]
2026-09-12 19:03 -    commands.recompile - DEBUG - [parsing completed 0ms]
2026-09-12 19:03 -    commands.recompile - DEBUG - [parsing started RegularFileObject[src\minecraft\net\minecraft\src\TexturePackDefault.java]]
2026-09-12 19:03 -    commands.recompile - DEBUG - [parsing completed 1ms]
2026-09-12 19:03 -    commands.recompile - DEBUG - [parsing started RegularFileObject[src\minecraft\net\minecraft\src\TexturePackList.java]]
2026-09-12 19:03 -    commands.recompile - DEBUG - [parsing completed 0ms]
2026-09-12 19:03 -    commands.recompile - DEBUG - [parsing started RegularFileObject[src\minecraft\net\minecraft\src\TexturePortalFX.java]]
2026-09-12 19:03 -    commands.recompile - DEBUG - [parsing completed 0ms]
2026-09-12 19:03 -    commands.recompile - DEBUG - [parsing started RegularFileObject[src\minecraft\net\minecraft\src\TextureWatchFX.java]]
2026-09-12 19:03 -    commands.recompile - DEBUG - [parsing completed 0ms]
2026-09-12 19:03 -    commands.recompile - DEBUG - [parsing started RegularFileObject[src\minecraft\net\minecraft\src\TextureWaterFlowFX.java]]
2026-09-12 19:03 -    commands.recompile - DEBUG - [parsing completed 1ms]
2026-09-12 19:03 -    commands.recompile - DEBUG - [parsing started RegularFileObject[src\minecraft\net\minecraft\src\TextureWaterFX.java]]
2026-09-12 19:03 -    commands.recompile - DEBUG - [parsing completed 0ms]
2026-09-12 19:03 -    commands.recompile - DEBUG - [parsing started RegularFileObject[src\minecraft\net\minecraft\src\ThreadCheckHasPaid.java]]
2026-09-12 19:03 -    commands.recompile - DEBUG - [parsing completed 0ms]
2026-09-12 19:03 -    commands.recompile - DEBUG - [parsing started RegularFileObject[src\minecraft\net\minecraft\src\ThreadCloseConnection.java]]
2026-09-12 19:03 -    commands.recompile - DEBUG - [parsing completed 1ms]
2026-09-12 19:03 -    commands.recompile - DEBUG - [parsing started RegularFileObject[src\minecraft\net\minecraft\src\ThreadConnectToServer.java]]
2026-09-12 19:03 -    commands.recompile - DEBUG - [parsing completed 0ms]
2026-09-12 19:03 -    commands.recompile - DEBUG - [parsing started RegularFileObject[src\minecraft\net\minecraft\src\ThreadDownloadImage.java]]
2026-09-12 19:03 -    commands.recompile - DEBUG - [parsing completed 0ms]
2026-09-12 19:03 -    commands.recompile - DEBUG - [parsing started RegularFileObject[src\minecraft\net\minecraft\src\ThreadDownloadImageData.java]]
2026-09-12 19:03 -    commands.recompile - DEBUG - [parsing completed 0ms]
2026-09-12 19:03 -    commands.recompile - DEBUG - [parsing started RegularFileObject[src\minecraft\net\minecraft\src\ThreadDownloadResources.java]]
2026-09-12 19:03 -    commands.recompile - DEBUG - [parsing completed 0ms]
2026-09-12 19:03 -    commands.recompile - DEBUG - [parsing started RegularFileObject[src\minecraft\net\minecraft\src\ThreadRunIsoClient.java]]
2026-09-12 19:03 -    commands.recompile - DEBUG - [parsing completed 0ms]
2026-09-12 19:03 -    commands.recompile - DEBUG - [parsing started RegularFileObject[src\minecraft\net\minecraft\src\ThreadSleepForever.java]]
2026-09-12 19:03 -    commands.recompile - DEBUG - [parsing completed 0ms]
2026-09-12 19:03 -    commands.recompile - DEBUG - [parsing started RegularFileObject[src\minecraft\net\minecraft\src\ThreadStatSyncherReceive.java]]
2026-09-12 19:03 -    commands.recompile - DEBUG - [parsing completed 0ms]
2026-09-12 19:03 -    commands.recompile - DEBUG - [parsing started RegularFileObject[src\minecraft\net\minecraft\src\ThreadStatSyncherSend.java]]
2026-09-12 19:03 -    commands.recompile - DEBUG - [parsing completed 0ms]
2026-09-12 19:03 -    commands.recompile - DEBUG - [parsing started RegularFileObject[src\minecraft\net\minecraft\src\TileEntity.java]]
2026-09-12 19:03 -    commands.recompile - DEBUG - [parsing completed 1ms]
2026-09-12 19:03 -    commands.recompile - DEBUG - [parsing started RegularFileObject[src\minecraft\net\minecraft\src\TileEntityChest.java]]
2026-09-12 19:03 -    commands.recompile - DEBUG - [parsing completed 0ms]
2026-09-12 19:03 -    commands.recompile - DEBUG - [parsing started RegularFileObject[src\minecraft\net\minecraft\src\TileEntityDispenser.java]]
2026-09-12 19:03 -    commands.recompile - DEBUG - [parsing completed 1ms]
2026-09-12 19:03 -    commands.recompile - DEBUG - [parsing started RegularFileObject[src\minecraft\net\minecraft\src\TileEntityFurnace.java]]
2026-09-12 19:03 -    commands.recompile - DEBUG - [parsing completed 0ms]
2026-09-12 19:03 -    commands.recompile - DEBUG - [parsing started RegularFileObject[src\minecraft\net\minecraft\src\TileEntityHearth.java]]
2026-09-12 19:03 -    commands.recompile - DEBUG - [parsing completed 0ms]
2026-09-12 19:03 -    commands.recompile - DEBUG - [parsing started RegularFileObject[src\minecraft\net\minecraft\src\TileEntityMobSpawner.java]]
2026-09-12 19:03 -    commands.recompile - DEBUG - [parsing completed 1ms]
2026-09-12 19:03 -    commands.recompile - DEBUG - [parsing started RegularFileObject[src\minecraft\net\minecraft\src\TileEntityMobSpawnerRenderer.java]]
2026-09-12 19:03 -    commands.recompile - DEBUG - [parsing completed 0ms]
2026-09-12 19:03 -    commands.recompile - DEBUG - [parsing started RegularFileObject[src\minecraft\net\minecraft\src\TileEntityNote.java]]
2026-09-12 19:03 -    commands.recompile - DEBUG - [parsing completed 1ms]
2026-09-12 19:03 -    commands.recompile - DEBUG - [parsing started RegularFileObject[src\minecraft\net\minecraft\src\TileEntityPiston.java]]
2026-09-12 19:03 -    commands.recompile - DEBUG - [parsing completed 0ms]
2026-09-12 19:03 -    commands.recompile - DEBUG - [parsing started RegularFileObject[src\minecraft\net\minecraft\src\TileEntityRecordPlayer.java]]
2026-09-12 19:03 -    commands.recompile - DEBUG - [parsing completed 0ms]
2026-09-12 19:03 -    commands.recompile - DEBUG - [parsing started RegularFileObject[src\minecraft\net\minecraft\src\TileEntityRenderer.java]]
2026-09-12 19:03 -    commands.recompile - DEBUG - [parsing completed 0ms]
2026-09-12 19:03 -    commands.recompile - DEBUG - [parsing started RegularFileObject[src\minecraft\net\minecraft\src\TileEntityRendererPiston.java]]
2026-09-12 19:03 -    commands.recompile - DEBUG - [parsing completed 1ms]
2026-09-12 19:03 -    commands.recompile - DEBUG - [parsing started RegularFileObject[src\minecraft\net\minecraft\src\TileEntitySign.java]]
2026-09-12 19:03 -    commands.recompile - DEBUG - [parsing completed 0ms]
2026-09-12 19:03 -    commands.recompile - DEBUG - [parsing started RegularFileObject[src\minecraft\net\minecraft\src\TileEntitySignRenderer.java]]
2026-09-12 19:03 -    commands.recompile - DEBUG - [parsing completed 0ms]
2026-09-12 19:03 -    commands.recompile - DEBUG - [parsing started RegularFileObject[src\minecraft\net\minecraft\src\TileEntitySpecialRenderer.java]]
2026-09-12 19:03 -    commands.recompile - DEBUG - [parsing completed 0ms]
2026-09-12 19:03 -    commands.recompile - DEBUG - [parsing started RegularFileObject[src\minecraft\net\minecraft\src\Timer.java]]
2026-09-12 19:03 -    commands.recompile - DEBUG - [parsing completed 0ms]
2026-09-12 19:03 -    commands.recompile - DEBUG - [parsing started RegularFileObject[src\minecraft\net\minecraft\src\UnexpectedThrowable.java]]
2026-09-12 19:03 -    commands.recompile - DEBUG - [parsing completed 0ms]
2026-09-12 19:03 -    commands.recompile - DEBUG - [parsing started RegularFileObject[src\minecraft\net\minecraft\src\Vec3D.java]]
2026-09-12 19:03 -    commands.recompile - DEBUG - [parsing completed 1ms]
2026-09-12 19:03 -    commands.recompile - DEBUG - [parsing started RegularFileObject[src\minecraft\net\minecraft\src\WatchableObject.java]]
2026-09-12 19:03 -    commands.recompile - DEBUG - [parsing completed 0ms]
2026-09-12 19:03 -    commands.recompile - DEBUG - [parsing started RegularFileObject[src\minecraft\net\minecraft\src\World.java]]
2026-09-12 19:03 -    commands.recompile - DEBUG - [parsing completed 13ms]
2026-09-12 19:03 -    commands.recompile - DEBUG - [parsing started RegularFileObject[src\minecraft\net\minecraft\src\WorldBlockPositionType.java]]
2026-09-12 19:03 -    commands.recompile - DEBUG - [parsing completed 0ms]
2026-09-12 19:03 -    commands.recompile - DEBUG - [parsing started RegularFileObject[src\minecraft\net\minecraft\src\WorldChunkManager.java]]
2026-09-12 19:03 -    commands.recompile - DEBUG - [parsing completed 0ms]
2026-09-12 19:03 -    commands.recompile - DEBUG - [parsing started RegularFileObject[src\minecraft\net\minecraft\src\WorldChunkManagerHell.java]]
2026-09-12 19:03 -    commands.recompile - DEBUG - [parsing completed 1ms]
2026-09-12 19:03 -    commands.recompile - DEBUG - [parsing started RegularFileObject[src\minecraft\net\minecraft\src\WorldClient.java]]
2026-09-12 19:03 -    commands.recompile - DEBUG - [parsing completed 0ms]
2026-09-12 19:03 -    commands.recompile - DEBUG - [parsing started RegularFileObject[src\minecraft\net\minecraft\src\WorldGenBigTree.java]]
2026-09-12 19:03 -    commands.recompile - DEBUG - [parsing completed 1ms]
2026-09-12 19:03 -    commands.recompile - DEBUG - [parsing started RegularFileObject[src\minecraft\net\minecraft\src\WorldGenCactus.java]]
2026-09-12 19:03 -    commands.recompile - DEBUG - [parsing completed 1ms]
2026-09-12 19:03 -    commands.recompile - DEBUG - [parsing started RegularFileObject[src\minecraft\net\minecraft\src\WorldGenClay.java]]
2026-09-12 19:03 -    commands.recompile - DEBUG - [parsing completed 0ms]
2026-09-12 19:03 -    commands.recompile - DEBUG - [parsing started RegularFileObject[src\minecraft\net\minecraft\src\WorldGenDeadBush.java]]
2026-09-12 19:03 -    commands.recompile - DEBUG - [parsing completed 0ms]
2026-09-12 19:03 -    commands.recompile - DEBUG - [parsing started RegularFileObject[src\minecraft\net\minecraft\src\WorldGenDungeons.java]]
2026-09-12 19:03 -    commands.recompile - DEBUG - [parsing completed 5ms]
2026-09-12 19:03 -    commands.recompile - DEBUG - [parsing started RegularFileObject[src\minecraft\net\minecraft\src\WorldGenerator.java]]
2026-09-12 19:03 -    commands.recompile - DEBUG - [parsing completed 0ms]
2026-09-12 19:03 -    commands.recompile - DEBUG - [parsing started RegularFileObject[src\minecraft\net\minecraft\src\WorldGenFire.java]]
2026-09-12 19:03 -    commands.recompile - DEBUG - [parsing completed 1ms]
2026-09-12 19:03 -    commands.recompile - DEBUG - [parsing started RegularFileObject[src\minecraft\net\minecraft\src\WorldGenFlowers.java]]
2026-09-12 19:03 -    commands.recompile - DEBUG - [parsing completed 0ms]
2026-09-12 19:03 -    commands.recompile - DEBUG - [parsing started RegularFileObject[src\minecraft\net\minecraft\src\WorldGenForest.java]]
2026-09-12 19:03 -    commands.recompile - DEBUG - [parsing completed 1ms]
2026-09-12 19:03 -    commands.recompile - DEBUG - [parsing started RegularFileObject[src\minecraft\net\minecraft\src\WorldGenGlowStone1.java]]
2026-09-12 19:03 -    commands.recompile - DEBUG - [parsing completed 0ms]
2026-09-12 19:03 -    commands.recompile - DEBUG - [parsing started RegularFileObject[src\minecraft\net\minecraft\src\WorldGenGlowStone2.java]]
2026-09-12 19:03 -    commands.recompile - DEBUG - [parsing completed 0ms]
2026-09-12 19:03 -    commands.recompile - DEBUG - [parsing started RegularFileObject[src\minecraft\net\minecraft\src\WorldGenHellLava.java]]
2026-09-12 19:03 -    commands.recompile - DEBUG - [parsing completed 0ms]
2026-09-12 19:03 -    commands.recompile - DEBUG - [parsing started RegularFileObject[src\minecraft\net\minecraft\src\WorldGenLakes.java]]
2026-09-12 19:03 -    commands.recompile - DEBUG - [parsing completed 0ms]
2026-09-12 19:03 -    commands.recompile - DEBUG - [parsing started RegularFileObject[src\minecraft\net\minecraft\src\WorldGenLiquids.java]]
2026-09-12 19:03 -    commands.recompile - DEBUG - [parsing completed 1ms]
2026-09-12 19:03 -    commands.recompile - DEBUG - [parsing started RegularFileObject[src\minecraft\net\minecraft\src\WorldGenMinable.java]]
2026-09-12 19:03 -    commands.recompile - DEBUG - [parsing completed 0ms]
2026-09-12 19:03 -    commands.recompile - DEBUG - [parsing started RegularFileObject[src\minecraft\net\minecraft\src\WorldGenPumpkin.java]]
2026-09-12 19:03 -    commands.recompile - DEBUG - [parsing completed 0ms]
2026-09-12 19:03 -    commands.recompile - DEBUG - [parsing started RegularFileObject[src\minecraft\net\minecraft\src\WorldGenReed.java]]
2026-09-12 19:03 -    commands.recompile - DEBUG - [parsing completed 0ms]
2026-09-12 19:03 -    commands.recompile - DEBUG - [parsing started RegularFileObject[src\minecraft\net\minecraft\src\WorldGenTaiga1.java]]
2026-09-12 19:03 -    commands.recompile - DEBUG - [parsing completed 0ms]
2026-09-12 19:03 -    commands.recompile - DEBUG - [parsing started RegularFileObject[src\minecraft\net\minecraft\src\WorldGenTaiga2.java]]
2026-09-12 19:03 -    commands.recompile - DEBUG - [parsing completed 1ms]
2026-09-12 19:03 -    commands.recompile - DEBUG - [parsing started RegularFileObject[src\minecraft\net\minecraft\src\WorldGenTallGrass.java]]
2026-09-12 19:03 -    commands.recompile - DEBUG - [parsing completed 0ms]
2026-09-12 19:03 -    commands.recompile - DEBUG - [parsing started RegularFileObject[src\minecraft\net\minecraft\src\WorldGenTrees.java]]
2026-09-12 19:03 -    commands.recompile - DEBUG - [parsing completed 0ms]
2026-09-12 19:03 -    commands.recompile - DEBUG - [parsing started RegularFileObject[src\minecraft\net\minecraft\src\WorldInfo.java]]
2026-09-12 19:03 -    commands.recompile - DEBUG - [parsing completed 1ms]
2026-09-12 19:03 -    commands.recompile - DEBUG - [parsing started RegularFileObject[src\minecraft\net\minecraft\src\WorldProvider.java]]
2026-09-12 19:03 -    commands.recompile - DEBUG - [parsing completed 1ms]
2026-09-12 19:03 -    commands.recompile - DEBUG - [parsing started RegularFileObject[src\minecraft\net\minecraft\src\WorldProviderHell.java]]
2026-09-12 19:03 -    commands.recompile - DEBUG - [parsing completed 0ms]
2026-09-12 19:03 -    commands.recompile - DEBUG - [parsing started RegularFileObject[src\minecraft\net\minecraft\src\WorldProviderSky.java]]
2026-09-12 19:03 -    commands.recompile - DEBUG - [parsing completed 0ms]
2026-09-12 19:03 -    commands.recompile - DEBUG - [parsing started RegularFileObject[src\minecraft\net\minecraft\src\WorldProviderSurface.java]]
2026-09-12 19:03 -    commands.recompile - DEBUG - [parsing completed 0ms]
2026-09-12 19:03 -    commands.recompile - DEBUG - [parsing started RegularFileObject[src\minecraft\net\minecraft\src\WorldRenderer.java]]
2026-09-12 19:03 -    commands.recompile - DEBUG - [parsing completed 0ms]
2026-09-12 19:03 -    commands.recompile - DEBUG - [parsing started RegularFileObject[conf\patches\in.java]]
2026-09-12 19:03 -    commands.recompile - DEBUG - [parsing completed 0ms]
2026-09-12 19:03 -    commands.recompile - DEBUG - [parsing started RegularFileObject[conf\patches\Start.java]]
2026-09-12 19:03 -    commands.recompile - DEBUG - [parsing completed 1ms]
2026-09-12 19:03 -    commands.recompile - DEBUG - [search path for source files: src\minecraft]
2026-09-12 19:03 -    commands.recompile - DEBUG - [search path for class files: C:\Program Files\Eclipse Adoptium\jdk-8.0.504.1-hotspot\jre\lib\resources.jar,C:\Program Files\Eclipse Adoptium\jdk-8.0.504.1-hotspot\jre\lib\rt.jar,C:\Program Files\Eclipse Adoptium\jdk-8.0.504.1-hotspot\jre\lib\sunrsasign.jar,C:\Program Files\Eclipse Adoptium\jdk-8.0.504.1-hotspot\jre\lib\jsse.jar,C:\Program Files\Eclipse Adoptium\jdk-8.0.504.1-hotspot\jre\lib\jce.jar,C:\Program Files\Eclipse Adoptium\jdk-8.0.504.1-hotspot\jre\lib\charsets.jar,C:\Program Files\Eclipse Adoptium\jdk-8.0.504.1-hotspot\jre\lib\jfr.jar,C:\Program Files\Eclipse Adoptium\jdk-8.0.504.1-hotspot\jre\classes,C:\Program Files\Eclipse Adoptium\jdk-8.0.504.1-hotspot\jre\lib\ext\access-bridge-64.jar,C:\Program Files\Eclipse Adoptium\jdk-8.0.504.1-hotspot\jre\lib\ext\cldrdata.jar,C:\Program Files\Eclipse Adoptium\jdk-8.0.504.1-hotspot\jre\lib\ext\dnsns.jar,C:\Program Files\Eclipse Adoptium\jdk-8.0.504.1-hotspot\jre\lib\ext\jaccess.jar,C:\Program Files\Eclipse Adoptium\jdk-8.0.504.1-hotspot\jre\lib\ext\localedata.jar,C:\Program Files\Eclipse Adoptium\jdk-8.0.504.1-hotspot\jre\lib\ext\nashorn.jar,C:\Program Files\Eclipse Adoptium\jdk-8.0.504.1-hotspot\jre\lib\ext\sunec.jar,C:\Program Files\Eclipse Adoptium\jdk-8.0.504.1-hotspot\jre\lib\ext\sunjce_provider.jar,C:\Program Files\Eclipse Adoptium\jdk-8.0.504.1-hotspot\jre\lib\ext\sunmscapi.jar,C:\Program Files\Eclipse Adoptium\jdk-8.0.504.1-hotspot\jre\lib\ext\sunpkcs11.jar,C:\Program Files\Eclipse Adoptium\jdk-8.0.504.1-hotspot\jre\lib\ext\zipfs.jar,lib,lib\*,jars\bin\minecraft.jar,jars\bin\jinput.jar,jars\bin\lwjgl.jar,jars\bin\lwjgl_util.jar]
2026-09-12 19:03 -    commands.recompile - DEBUG - [loading ZipFileIndexFileObject[C:\Program Files\Eclipse Adoptium\jdk-8.0.504.1-hotspot\lib\ct.sym(META-INF/sym/rt.jar/java/io/File.class)]]
2026-09-12 19:03 -    commands.recompile - DEBUG - [loading ZipFileIndexFileObject[C:\Program Files\Eclipse Adoptium\jdk-8.0.504.1-hotspot\lib\ct.sym(META-INF/sym/rt.jar/java/io/PrintStream.class)]]
2026-09-12 19:03 -    commands.recompile - DEBUG - [loading ZipFileIndexFileObject[jars\bin\lwjgl.jar(org/lwjgl/LWJGLException.class)]]
2026-09-12 19:03 -    commands.recompile - DEBUG - [loading ZipFileIndexFileObject[jars\bin\lwjgl.jar(org/lwjgl/opengl/DisplayMode.class)]]
2026-09-12 19:03 -    commands.recompile - DEBUG - [loading ZipFileIndexFileObject[jars\bin\lwjgl_util.jar(org/lwjgl/util/glu/GLU.class)]]
2026-09-12 19:03 -    commands.recompile - DEBUG - [loading ZipFileIndexFileObject[C:\Program Files\Eclipse Adoptium\jdk-8.0.504.1-hotspot\lib\ct.sym(META-INF/sym/rt.jar/java/lang/Runnable.class)]]
2026-09-12 19:03 -    commands.recompile - DEBUG - [loading ZipFileIndexFileObject[C:\Program Files\Eclipse Adoptium\jdk-8.0.504.1-hotspot\lib\ct.sym(META-INF/sym/rt.jar/java/lang/Object.class)]]
2026-09-12 19:03 -    commands.recompile - DEBUG - [loading ZipFileIndexFileObject[C:\Program Files\Eclipse Adoptium\jdk-8.0.504.1-hotspot\lib\ct.sym(META-INF/sym/rt.jar/java/awt/Component.class)]]
2026-09-12 19:03 -    commands.recompile - DEBUG - [loading ZipFileIndexFileObject[C:\Program Files\Eclipse Adoptium\jdk-8.0.504.1-hotspot\lib\ct.sym(META-INF/sym/rt.jar/java/awt/Canvas.class)]]
2026-09-12 19:03 -    commands.recompile - DEBUG - [loading ZipFileIndexFileObject[C:\Program Files\Eclipse Adoptium\jdk-8.0.504.1-hotspot\lib\ct.sym(META-INF/sym/rt.jar/java/applet/Applet.class)]]
2026-09-12 19:03 -    commands.recompile - DEBUG - [loading ZipFileIndexFileObject[C:\Program Files\Eclipse Adoptium\jdk-8.0.504.1-hotspot\lib\ct.sym(META-INF/sym/rt.jar/java/awt/BorderLayout.class)]]
2026-09-12 19:03 -    commands.recompile - DEBUG - [loading ZipFileIndexFileObject[C:\Program Files\Eclipse Adoptium\jdk-8.0.504.1-hotspot\lib\ct.sym(META-INF/sym/rt.jar/java/net/URL.class)]]
2026-09-12 19:03 -    commands.recompile - DEBUG - [loading ZipFileIndexFileObject[C:\Program Files\Eclipse Adoptium\jdk-8.0.504.1-hotspot\lib\ct.sym(META-INF/sym/rt.jar/java/awt/Panel.class)]]
2026-09-12 19:03 -    commands.recompile - DEBUG - [loading ZipFileIndexFileObject[C:\Program Files\Eclipse Adoptium\jdk-8.0.504.1-hotspot\lib\ct.sym(META-INF/sym/rt.jar/javax/accessibility/Accessible.class)]]
2026-09-12 19:03 -    commands.recompile - DEBUG - [loading ZipFileIndexFileObject[C:\Program Files\Eclipse Adoptium\jdk-8.0.504.1-hotspot\lib\ct.sym(META-INF/sym/rt.jar/java/awt/Container.class)]]
2026-09-12 19:03 -    commands.recompile - DEBUG - [loading ZipFileIndexFileObject[C:\Program Files\Eclipse Adoptium\jdk-8.0.504.1-hotspot\lib\ct.sym(META-INF/sym/rt.jar/java/awt/image/ImageObserver.class)]]
2026-09-12 19:03 -    commands.recompile - DEBUG - [loading ZipFileIndexFileObject[C:\Program Files\Eclipse Adoptium\jdk-8.0.504.1-hotspot\lib\ct.sym(META-INF/sym/rt.jar/java/awt/MenuContainer.class)]]
2026-09-12 19:03 -    commands.recompile - DEBUG - [loading ZipFileIndexFileObject[C:\Program Files\Eclipse Adoptium\jdk-8.0.504.1-hotspot\lib\ct.sym(META-INF/sym/rt.jar/java/io/Serializable.class)]]
2026-09-12 19:03 -    commands.recompile - DEBUG - [loading ZipFileIndexFileObject[C:\Program Files\Eclipse Adoptium\jdk-8.0.504.1-hotspot\lib\ct.sym(META-INF/sym/rt.jar/java/lang/String.class)]]
2026-09-12 19:03 -    commands.recompile - DEBUG - [loading ZipFileIndexFileObject[C:\Program Files\Eclipse Adoptium\jdk-8.0.504.1-hotspot\lib\ct.sym(META-INF/sym/rt.jar/java/lang/Enum.class)]]
2026-09-12 19:03 -    commands.recompile - DEBUG - [loading ZipFileIndexFileObject[C:\Program Files\Eclipse Adoptium\jdk-8.0.504.1-hotspot\lib\ct.sym(META-INF/sym/rt.jar/java/lang/Comparable.class)]]
2026-09-12 19:03 -    commands.recompile - DEBUG - [loading ZipFileIndexFileObject[C:\Program Files\Eclipse Adoptium\jdk-8.0.504.1-hotspot\lib\ct.sym(META-INF/sym/rt.jar/java/util/List.class)]]
2026-09-12 19:03 -    commands.recompile - DEBUG - [loading ZipFileIndexFileObject[C:\Program Files\Eclipse Adoptium\jdk-8.0.504.1-hotspot\lib\ct.sym(META-INF/sym/rt.jar/java/util/ArrayList.class)]]
2026-09-12 19:03 -    commands.recompile - DEBUG - [loading ZipFileIndexFileObject[jars\bin\lwjgl.jar(org/lwjgl/input/Keyboard.class)]]
2026-09-12 19:03 -    commands.recompile - DEBUG - [loading ZipFileIndexFileObject[jars\bin\lwjgl.jar(org/lwjgl/input/Mouse.class)]]
2026-09-12 19:03 -    commands.recompile - DEBUG - [loading ZipFileIndexFileObject[jars\bin\lwjgl.jar(org/lwjgl/opengl/GL11.class)]]
2026-09-12 19:03 -    commands.recompile - DEBUG - [loading ZipFileIndexFileObject[C:\Program Files\Eclipse Adoptium\jdk-8.0.504.1-hotspot\lib\ct.sym(META-INF/sym/rt.jar/java/util/Random.class)]]
2026-09-12 19:03 -    commands.recompile - DEBUG - [loading ZipFileIndexFileObject[jars\bin\lwjgl.jar(org/lwjgl/opengl/ContextCapabilities.class)]]
2026-09-12 19:03 -    commands.recompile - DEBUG - [loading ZipFileIndexFileObject[jars\bin\lwjgl.jar(org/lwjgl/opengl/GLContext.class)]]
2026-09-12 19:03 -    commands.recompile - DEBUG - [loading ZipFileIndexFileObject[C:\Program Files\Eclipse Adoptium\jdk-8.0.504.1-hotspot\lib\ct.sym(META-INF/sym/rt.jar/java/nio/IntBuffer.class)]]
2026-09-12 19:03 -    commands.recompile - DEBUG - [loading ZipFileIndexFileObject[jars\bin\lwjgl.jar(org/lwjgl/opengl/ARBOcclusionQuery.class)]]
2026-09-12 19:03 -    commands.recompile - DEBUG - [loading ZipFileIndexFileObject[C:\Program Files\Eclipse Adoptium\jdk-8.0.504.1-hotspot\lib\ct.sym(META-INF/sym/rt.jar/java/awt/Color.class)]]
2026-09-12 19:03 -    commands.recompile - DEBUG - [loading ZipFileIndexFileObject[C:\Program Files\Eclipse Adoptium\jdk-8.0.504.1-hotspot\lib\ct.sym(META-INF/sym/rt.jar/java/awt/Graphics.class)]]
2026-09-12 19:03 -    commands.recompile - DEBUG - [loading ZipFileIndexFileObject[C:\Program Files\Eclipse Adoptium\jdk-8.0.504.1-hotspot\lib\ct.sym(META-INF/sym/rt.jar/java/awt/image/BufferedImage.class)]]
2026-09-12 19:03 -    commands.recompile - DEBUG - [loading ZipFileIndexFileObject[C:\Program Files\Eclipse Adoptium\jdk-8.0.504.1-hotspot\lib\ct.sym(META-INF/sym/rt.jar/java/io/IOException.class)]]
2026-09-12 19:03 -    commands.recompile - DEBUG - [loading ZipFileIndexFileObject[C:\Program Files\Eclipse Adoptium\jdk-8.0.504.1-hotspot\lib\ct.sym(META-INF/sym/rt.jar/java/io/InputStream.class)]]
2026-09-12 19:03 -    commands.recompile - DEBUG - [loading ZipFileIndexFileObject[C:\Program Files\Eclipse Adoptium\jdk-8.0.504.1-hotspot\lib\ct.sym(META-INF/sym/rt.jar/java/nio/Buffer.class)]]
2026-09-12 19:03 -    commands.recompile - DEBUG - [loading ZipFileIndexFileObject[C:\Program Files\Eclipse Adoptium\jdk-8.0.504.1-hotspot\lib\ct.sym(META-INF/sym/rt.jar/java/nio/ByteBuffer.class)]]
2026-09-12 19:03 -    commands.recompile - DEBUG - [loading ZipFileIndexFileObject[C:\Program Files\Eclipse Adoptium\jdk-8.0.504.1-hotspot\lib\ct.sym(META-INF/sym/rt.jar/java/util/Collection.class)]]
2026-09-12 19:03 -    commands.recompile - DEBUG - [loading ZipFileIndexFileObject[C:\Program Files\Eclipse Adoptium\jdk-8.0.504.1-hotspot\lib\ct.sym(META-INF/sym/rt.jar/java/util/HashMap.class)]]
2026-09-12 19:03 -    commands.recompile - DEBUG - [loading ZipFileIndexFileObject[C:\Program Files\Eclipse Adoptium\jdk-8.0.504.1-hotspot\lib\ct.sym(META-INF/sym/rt.jar/java/util/Iterator.class)]]
2026-09-12 19:03 -    commands.recompile - DEBUG - [loading ZipFileIndexFileObject[C:\Program Files\Eclipse Adoptium\jdk-8.0.504.1-hotspot\lib\ct.sym(META-INF/sym/rt.jar/java/util/Map.class)]]
2026-09-12 19:03 -    commands.recompile - DEBUG - [loading ZipFileIndexFileObject[C:\Program Files\Eclipse Adoptium\jdk-8.0.504.1-hotspot\lib\ct.sym(META-INF/sym/rt.jar/java/util/Set.class)]]
2026-09-12 19:03 -    commands.recompile - DEBUG - [loading ZipFileIndexFileObject[C:\Program Files\Eclipse Adoptium\jdk-8.0.504.1-hotspot\lib\ct.sym(META-INF/sym/rt.jar/javax/imageio/ImageIO.class)]]
2026-09-12 19:03 -    commands.recompile - DEBUG - [loading ZipFileIndexFileObject[jars\bin\lwjgl.jar(org/lwjgl/opengl/Display.class)]]
2026-09-12 19:03 -    commands.recompile - DEBUG - [loading ZipFileIndexFileObject[C:\Program Files\Eclipse Adoptium\jdk-8.0.504.1-hotspot\lib\ct.sym(META-INF/sym/rt.jar/java/nio/FloatBuffer.class)]]
2026-09-12 19:03 -    commands.recompile - DEBUG - [loading ZipFileIndexFileObject[C:\Program Files\Eclipse Adoptium\jdk-8.0.504.1-hotspot\lib\ct.sym(META-INF/sym/rt.jar/javax/xml/parsers/DocumentBuilder.class)]]
2026-09-12 19:03 -    commands.recompile - DEBUG - [loading ZipFileIndexFileObject[C:\Program Files\Eclipse Adoptium\jdk-8.0.504.1-hotspot\lib\ct.sym(META-INF/sym/rt.jar/javax/xml/parsers/DocumentBuilderFactory.class)]]
2026-09-12 19:03 -    commands.recompile - DEBUG - [loading ZipFileIndexFileObject[C:\Program Files\Eclipse Adoptium\jdk-8.0.504.1-hotspot\lib\ct.sym(META-INF/sym/rt.jar/java/lang/Thread.class)]]
2026-09-12 19:03 -    commands.recompile - DEBUG - [loading ZipFileIndexFileObject[jars\bin\minecraft.jar(paulscode/sound/SoundSystem.class)]]
2026-09-12 19:03 -    commands.recompile - DEBUG - [loading ZipFileIndexFileObject[jars\bin\minecraft.jar(paulscode/sound/SoundSystemConfig.class)]]
2026-09-12 19:03 -    commands.recompile - DEBUG - [loading ZipFileIndexFileObject[jars\bin\minecraft.jar(paulscode/sound/codecs/CodecJOrbis.class)]]
2026-09-12 19:03 -    commands.recompile - DEBUG - [loading ZipFileIndexFileObject[jars\bin\minecraft.jar(paulscode/sound/codecs/CodecWav.class)]]
2026-09-12 19:03 -    commands.recompile - DEBUG - [loading ZipFileIndexFileObject[jars\bin\minecraft.jar(paulscode/sound/libraries/LibraryLWJGLOpenAL.class)]]
2026-09-12 19:03 -    commands.recompile - DEBUG - [loading ZipFileIndexFileObject[jars\bin\lwjgl.jar(org/lwjgl/input/Cursor.class)]]
2026-09-12 19:03 -    commands.recompile - DEBUG - [loading ZipFileIndexFileObject[C:\Program Files\Eclipse Adoptium\jdk-8.0.504.1-hotspot\lib\ct.sym(META-INF/sym/rt.jar/java/lang/Throwable.class)]]
2026-09-12 19:03 -    commands.recompile - DEBUG - [loading ZipFileIndexFileObject[C:\Program Files\Eclipse Adoptium\jdk-8.0.504.1-hotspot\lib\ct.sym(META-INF/sym/rt.jar/java/lang/Class.class)]]
2026-09-12 19:03 -    commands.recompile - DEBUG - [loading ZipFileIndexFileObject[C:\Program Files\Eclipse Adoptium\jdk-8.0.504.1-hotspot\lib\ct.sym(META-INF/sym/rt.jar/java/util/TreeSet.class)]]
2026-09-12 19:03 -    commands.recompile - DEBUG - [loading ZipFileIndexFileObject[C:\Program Files\Eclipse Adoptium\jdk-8.0.504.1-hotspot\lib\ct.sym(META-INF/sym/rt.jar/java/lang/reflect/Constructor.class)]]
2026-09-12 19:03 -    commands.recompile - DEBUG - [loading ZipFileIndexFileObject[C:\Program Files\Eclipse Adoptium\jdk-8.0.504.1-hotspot\lib\ct.sym(META-INF/sym/rt.jar/java/text/DecimalFormat.class)]]
2026-09-12 19:03 -    commands.recompile - DEBUG - [loading ZipFileIndexFileObject[C:\Program Files\Eclipse Adoptium\jdk-8.0.504.1-hotspot\lib\ct.sym(META-INF/sym/rt.jar/java/text/NumberFormat.class)]]
2026-09-12 19:03 -    commands.recompile - DEBUG - [loading ZipFileIndexFileObject[C:\Program Files\Eclipse Adoptium\jdk-8.0.504.1-hotspot\lib\ct.sym(META-INF/sym/rt.jar/java/net/UnknownHostException.class)]]
2026-09-12 19:03 -    commands.recompile - DEBUG - [loading ZipFileIndexFileObject[C:\Program Files\Eclipse Adoptium\jdk-8.0.504.1-hotspot\lib\ct.sym(META-INF/sym/rt.jar/java/util/zip/DataFormatException.class)]]
2026-09-12 19:03 -    commands.recompile - DEBUG - [loading ZipFileIndexFileObject[C:\Program Files\Eclipse Adoptium\jdk-8.0.504.1-hotspot\lib\ct.sym(META-INF/sym/rt.jar/java/util/zip/Inflater.class)]]
2026-09-12 19:03 -    commands.recompile - DEBUG - [loading ZipFileIndexFileObject[C:\Program Files\Eclipse Adoptium\jdk-8.0.504.1-hotspot\lib\ct.sym(META-INF/sym/rt.jar/java/net/MalformedURLException.class)]]
2026-09-12 19:03 -    commands.recompile - DEBUG - [loading ZipFileIndexFileObject[C:\Program Files\Eclipse Adoptium\jdk-8.0.504.1-hotspot\lib\ct.sym(META-INF/sym/rt.jar/java/net/URI.class)]]
2026-09-12 19:03 -    commands.recompile - DEBUG - [loading ZipFileIndexFileObject[C:\Program Files\Eclipse Adoptium\jdk-8.0.504.1-hotspot\lib\ct.sym(META-INF/sym/rt.jar/java/io/DataOutput.class)]]
2026-09-12 19:03 -    commands.recompile - DEBUG - [loading ZipFileIndexFileObject[C:\Program Files\Eclipse Adoptium\jdk-8.0.504.1-hotspot\lib\ct.sym(META-INF/sym/rt.jar/java/io/DataInput.class)]]
2026-09-12 19:03 -    commands.recompile - DEBUG - [loading ZipFileIndexFileObject[C:\Program Files\Eclipse Adoptium\jdk-8.0.504.1-hotspot\lib\ct.sym(META-INF/sym/rt.jar/java/io/DataOutputStream.class)]]
2026-09-12 19:03 -    commands.recompile - DEBUG - [loading ZipFileIndexFileObject[C:\Program Files\Eclipse Adoptium\jdk-8.0.504.1-hotspot\lib\ct.sym(META-INF/sym/rt.jar/java/io/DataInputStream.class)]]
2026-09-12 19:03 -    commands.recompile - DEBUG - [loading ZipFileIndexFileObject[C:\Program Files\Eclipse Adoptium\jdk-8.0.504.1-hotspot\lib\ct.sym(META-INF/sym/rt.jar/java/net/Socket.class)]]
2026-09-12 19:03 -    commands.recompile - DEBUG - [loading ZipFileIndexFileObject[C:\Program Files\Eclipse Adoptium\jdk-8.0.504.1-hotspot\lib\ct.sym(META-INF/sym/rt.jar/java/lang/Exception.class)]]
2026-09-12 19:03 -    commands.recompile - DEBUG - [loading ZipFileIndexFileObject[C:\Program Files\Eclipse Adoptium\jdk-8.0.504.1-hotspot\lib\ct.sym(META-INF/sym/rt.jar/java/net/SocketAddress.class)]]
2026-09-12 19:03 -    commands.recompile - DEBUG - [loading ZipFileIndexFileObject[C:\Program Files\Eclipse Adoptium\jdk-8.0.504.1-hotspot\lib\ct.sym(META-INF/sym/rt.jar/java/util/LinkedList.class)]]
2026-09-12 19:03 -    commands.recompile - DEBUG - [loading ZipFileIndexFileObject[C:\Program Files\Eclipse Adoptium\jdk-8.0.504.1-hotspot\lib\ct.sym(META-INF/sym/rt.jar/java/awt/FontMetrics.class)]]
2026-09-12 19:03 -    commands.recompile - DEBUG - [loading ZipFileIndexFileObject[C:\Program Files\Eclipse Adoptium\jdk-8.0.504.1-hotspot\lib\ct.sym(META-INF/sym/rt.jar/java/awt/Graphics2D.class)]]
2026-09-12 19:03 -    commands.recompile - DEBUG - [loading ZipFileIndexFileObject[C:\Program Files\Eclipse Adoptium\jdk-8.0.504.1-hotspot\lib\ct.sym(META-INF/sym/rt.jar/java/awt/Rectangle.class)]]
2026-09-12 19:03 -    commands.recompile - DEBUG - [loading ZipFileIndexFileObject[C:\Program Files\Eclipse Adoptium\jdk-8.0.504.1-hotspot\lib\ct.sym(META-INF/sym/rt.jar/java/awt/RenderingHints.class)]]
2026-09-12 19:03 -    commands.recompile - DEBUG - [loading ZipFileIndexFileObject[C:\Program Files\Eclipse Adoptium\jdk-8.0.504.1-hotspot\lib\ct.sym(META-INF/sym/rt.jar/java/awt/event/KeyEvent.class)]]
2026-09-12 19:03 -    commands.recompile - DEBUG - [loading ZipFileIndexFileObject[C:\Program Files\Eclipse Adoptium\jdk-8.0.504.1-hotspot\lib\ct.sym(META-INF/sym/rt.jar/java/awt/event/KeyListener.class)]]
2026-09-12 19:03 -    commands.recompile - DEBUG - [loading ZipFileIndexFileObject[C:\Program Files\Eclipse Adoptium\jdk-8.0.504.1-hotspot\lib\ct.sym(META-INF/sym/rt.jar/java/awt/event/MouseEvent.class)]]
2026-09-12 19:03 -    commands.recompile - DEBUG - [loading ZipFileIndexFileObject[C:\Program Files\Eclipse Adoptium\jdk-8.0.504.1-hotspot\lib\ct.sym(META-INF/sym/rt.jar/java/awt/event/MouseListener.class)]]
2026-09-12 19:03 -    commands.recompile - DEBUG - [loading ZipFileIndexFileObject[C:\Program Files\Eclipse Adoptium\jdk-8.0.504.1-hotspot\lib\ct.sym(META-INF/sym/rt.jar/java/awt/event/MouseMotionListener.class)]]
2026-09-12 19:03 -    commands.recompile - DEBUG - [loading ZipFileIndexFileObject[C:\Program Files\Eclipse Adoptium\jdk-8.0.504.1-hotspot\lib\ct.sym(META-INF/sym/rt.jar/java/awt/image/BufferStrategy.class)]]
2026-09-12 19:03 -    commands.recompile - DEBUG - [loading ZipFileIndexFileObject[C:\Program Files\Eclipse Adoptium\jdk-8.0.504.1-hotspot\lib\ct.sym(META-INF/sym/rt.jar/java/util/Collections.class)]]
2026-09-12 19:03 -    commands.recompile - DEBUG - [loading ZipFileIndexFileObject[C:\Program Files\Eclipse Adoptium\jdk-8.0.504.1-hotspot\lib\ct.sym(META-INF/sym/rt.jar/java/util/EventListener.class)]]
2026-09-12 19:03 -    commands.recompile - DEBUG - [loading ZipFileIndexFileObject[C:\Program Files\Eclipse Adoptium\jdk-8.0.504.1-hotspot\lib\ct.sym(META-INF/sym/rt.jar/java/io/BufferedReader.class)]]
2026-09-12 19:03 -    commands.recompile - DEBUG - [loading ZipFileIndexFileObject[C:\Program Files\Eclipse Adoptium\jdk-8.0.504.1-hotspot\lib\ct.sym(META-INF/sym/rt.jar/java/io/InputStreamReader.class)]]
2026-09-12 19:03 -    commands.recompile - DEBUG - [loading ZipFileIndexFileObject[C:\Program Files\Eclipse Adoptium\jdk-8.0.504.1-hotspot\lib\ct.sym(META-INF/sym/rt.jar/java/awt/Dimension.class)]]
2026-09-12 19:03 -    commands.recompile - DEBUG - [loading ZipFileIndexFileObject[C:\Program Files\Eclipse Adoptium\jdk-8.0.504.1-hotspot\lib\ct.sym(META-INF/sym/rt.jar/java/util/regex/Matcher.class)]]
2026-09-12 19:03 -    commands.recompile - DEBUG - [loading ZipFileIndexFileObject[C:\Program Files\Eclipse Adoptium\jdk-8.0.504.1-hotspot\lib\ct.sym(META-INF/sym/rt.jar/java/util/regex/Pattern.class)]]
2026-09-12 19:03 -    commands.recompile - DEBUG - [loading ZipFileIndexFileObject[C:\Program Files\Eclipse Adoptium\jdk-8.0.504.1-hotspot\lib\ct.sym(META-INF/sym/rt.jar/java/io/FilenameFilter.class)]]
2026-09-12 19:03 -    commands.recompile - DEBUG - [loading ZipFileIndexFileObject[C:\Program Files\Eclipse Adoptium\jdk-8.0.504.1-hotspot\lib\ct.sym(META-INF/sym/rt.jar/java/io/FileFilter.class)]]
2026-09-12 19:03 -    commands.recompile - DEBUG - [loading ZipFileIndexFileObject[jars\bin\minecraft.jar(paulscode/sound/ICodec.class)]]
2026-09-12 19:03 -    commands.recompile - DEBUG - [loading ZipFileIndexFileObject[C:\Program Files\Eclipse Adoptium\jdk-8.0.504.1-hotspot\lib\ct.sym(META-INF/sym/rt.jar/java/util/zip/GZIPInputStream.class)]]
2026-09-12 19:03 -    commands.recompile - DEBUG - [loading ZipFileIndexFileObject[C:\Program Files\Eclipse Adoptium\jdk-8.0.504.1-hotspot\lib\ct.sym(META-INF/sym/rt.jar/java/util/zip/GZIPOutputStream.class)]]
2026-09-12 19:03 -    commands.recompile - DEBUG - [loading ZipFileIndexFileObject[C:\Program Files\Eclipse Adoptium\jdk-8.0.504.1-hotspot\lib\ct.sym(META-INF/sym/rt.jar/java/io/OutputStream.class)]]
2026-09-12 19:03 -    commands.recompile - DEBUG - [loading ZipFileIndexFileObject[C:\Program Files\Eclipse Adoptium\jdk-8.0.504.1-hotspot\lib\ct.sym(META-INF/sym/rt.jar/java/util/Comparator.class)]]
2026-09-12 19:03 -    commands.recompile - DEBUG - [loading ZipFileIndexFileObject[C:\Program Files\Eclipse Adoptium\jdk-8.0.504.1-hotspot\lib\ct.sym(META-INF/sym/rt.jar/java/awt/event/WindowAdapter.class)]]
2026-09-12 19:03 -    commands.recompile - DEBUG - [loading ZipFileIndexFileObject[C:\Program Files\Eclipse Adoptium\jdk-8.0.504.1-hotspot\lib\ct.sym(META-INF/sym/rt.jar/java/awt/event/WindowEvent.class)]]
2026-09-12 19:03 -    commands.recompile - DEBUG - [loading ZipFileIndexFileObject[C:\Program Files\Eclipse Adoptium\jdk-8.0.504.1-hotspot\lib\ct.sym(META-INF/sym/rt.jar/java/awt/event/WindowListener.class)]]
2026-09-12 19:03 -    commands.recompile - DEBUG - [loading ZipFileIndexFileObject[C:\Program Files\Eclipse Adoptium\jdk-8.0.504.1-hotspot\lib\ct.sym(META-INF/sym/rt.jar/java/awt/event/WindowStateListener.class)]]
2026-09-12 19:03 -    commands.recompile - DEBUG - [loading ZipFileIndexFileObject[C:\Program Files\Eclipse Adoptium\jdk-8.0.504.1-hotspot\lib\ct.sym(META-INF/sym/rt.jar/java/awt/event/WindowFocusListener.class)]]
2026-09-12 19:03 -    commands.recompile - DEBUG - [loading ZipFileIndexFileObject[C:\Program Files\Eclipse Adoptium\jdk-8.0.504.1-hotspot\lib\ct.sym(META-INF/sym/rt.jar/java/nio/charset/Charset.class)]]
2026-09-12 19:03 -    commands.recompile - DEBUG - [loading ZipFileIndexFileObject[C:\Program Files\Eclipse Adoptium\jdk-8.0.504.1-hotspot\lib\ct.sym(META-INF/sym/rt.jar/java/text/DateFormat.class)]]
2026-09-12 19:03 -    commands.recompile - DEBUG - [loading ZipFileIndexFileObject[C:\Program Files\Eclipse Adoptium\jdk-8.0.504.1-hotspot\lib\ct.sym(META-INF/sym/rt.jar/java/text/SimpleDateFormat.class)]]
2026-09-12 19:03 -    commands.recompile - DEBUG - [loading ZipFileIndexFileObject[C:\Program Files\Eclipse Adoptium\jdk-8.0.504.1-hotspot\lib\ct.sym(META-INF/sym/rt.jar/java/util/Date.class)]]
2026-09-12 19:03 -    commands.recompile - DEBUG - [loading ZipFileIndexFileObject[jars\bin\lwjgl.jar(org/lwjgl/Sys.class)]]
2026-09-12 19:03 -    commands.recompile - DEBUG - [loading ZipFileIndexFileObject[C:\Program Files\Eclipse Adoptium\jdk-8.0.504.1-hotspot\lib\ct.sym(META-INF/sym/rt.jar/java/util/Stack.class)]]
2026-09-12 19:03 -    commands.recompile - DEBUG - [loading ZipFileIndexFileObject[C:\Program Files\Eclipse Adoptium\jdk-8.0.504.1-hotspot\lib\ct.sym(META-INF/sym/rt.jar/java/io/Writer.class)]]
2026-09-12 19:03 -    commands.recompile - DEBUG - [loading ZipFileIndexFileObject[C:\Program Files\Eclipse Adoptium\jdk-8.0.504.1-hotspot\lib\ct.sym(META-INF/sym/rt.jar/java/io/Reader.class)]]
2026-09-12 19:03 -    commands.recompile - DEBUG - [loading ZipFileIndexFileObject[C:\Program Files\Eclipse Adoptium\jdk-8.0.504.1-hotspot\lib\ct.sym(META-INF/sym/rt.jar/java/lang/Iterable.class)]]
2026-09-12 19:03 -    commands.recompile - DEBUG - [loading ZipFileIndexFileObject[C:\Program Files\Eclipse Adoptium\jdk-8.0.504.1-hotspot\lib\ct.sym(META-INF/sym/rt.jar/java/lang/IllegalArgumentException.class)]]
2026-09-12 19:03 -    commands.recompile - DEBUG - [loading ZipFileIndexFileObject[C:\Program Files\Eclipse Adoptium\jdk-8.0.504.1-hotspot\lib\ct.sym(META-INF/sym/rt.jar/java/lang/RuntimeException.class)]]
2026-09-12 19:03 -    commands.recompile - DEBUG - [loading ZipFileIndexFileObject[C:\Program Files\Eclipse Adoptium\jdk-8.0.504.1-hotspot\lib\ct.sym(META-INF/sym/rt.jar/java/util/Arrays.class)]]
2026-09-12 19:03 -    commands.recompile - DEBUG - [loading ZipFileIndexFileObject[C:\Program Files\Eclipse Adoptium\jdk-8.0.504.1-hotspot\lib\ct.sym(META-INF/sym/rt.jar/java/util/RandomAccess.class)]]
2026-09-12 19:03 -    commands.recompile - DEBUG - [loading ZipFileIndexFileObject[C:\Program Files\Eclipse Adoptium\jdk-8.0.504.1-hotspot\lib\ct.sym(META-INF/sym/rt.jar/java/lang/Cloneable.class)]]
2026-09-12 19:03 -    commands.recompile - DEBUG - [loading ZipFileIndexFileObject[C:\Program Files\Eclipse Adoptium\jdk-8.0.504.1-hotspot\lib\ct.sym(META-INF/sym/rt.jar/java/util/AbstractList.class)]]
2026-09-12 19:03 -    commands.recompile - DEBUG - [loading ZipFileIndexFileObject[C:\Program Files\Eclipse Adoptium\jdk-8.0.504.1-hotspot\lib\ct.sym(META-INF/sym/rt.jar/java/util/AbstractCollection.class)]]
2026-09-12 19:03 -    commands.recompile - DEBUG - [loading ZipFileIndexFileObject[C:\Program Files\Eclipse Adoptium\jdk-8.0.504.1-hotspot\lib\ct.sym(META-INF/sym/rt.jar/java/util/AbstractMap.class)]]
2026-09-12 19:03 -    commands.recompile - DEBUG - [loading ZipFileIndexFileObject[C:\Program Files\Eclipse Adoptium\jdk-8.0.504.1-hotspot\lib\ct.sym(META-INF/sym/rt.jar/java/io/PushbackReader.class)]]
2026-09-12 19:03 -    commands.recompile - DEBUG - [loading ZipFileIndexFileObject[C:\Program Files\Eclipse Adoptium\jdk-8.0.504.1-hotspot\lib\ct.sym(META-INF/sym/rt.jar/java/math/BigInteger.class)]]
2026-09-12 19:03 -    commands.recompile - DEBUG - [loading ZipFileIndexFileObject[C:\Program Files\Eclipse Adoptium\jdk-8.0.504.1-hotspot\lib\ct.sym(META-INF/sym/rt.jar/java/security/MessageDigest.class)]]
2026-09-12 19:03 -    commands.recompile - DEBUG - [loading ZipFileIndexFileObject[C:\Program Files\Eclipse Adoptium\jdk-8.0.504.1-hotspot\lib\ct.sym(META-INF/sym/rt.jar/java/security/NoSuchAlgorithmException.class)]]
2026-09-12 19:03 -    commands.recompile - DEBUG - [loading ZipFileIndexFileObject[C:\Program Files\Eclipse Adoptium\jdk-8.0.504.1-hotspot\lib\ct.sym(META-INF/sym/rt.jar/java/lang/Error.class)]]
2026-09-12 19:03 -    commands.recompile - DEBUG - [loading ZipFileIndexFileObject[C:\Program Files\Eclipse Adoptium\jdk-8.0.504.1-hotspot\lib\ct.sym(META-INF/sym/rt.jar/java/awt/Frame.class)]]
2026-09-12 19:03 -    commands.recompile - DEBUG - [loading ZipFileIndexFileObject[C:\Program Files\Eclipse Adoptium\jdk-8.0.504.1-hotspot\lib\ct.sym(META-INF/sym/rt.jar/java/io/Closeable.class)]]
2026-09-12 19:03 -    commands.recompile - DEBUG - [loading ZipFileIndexFileObject[C:\Program Files\Eclipse Adoptium\jdk-8.0.504.1-hotspot\lib\ct.sym(META-INF/sym/rt.jar/java/lang/AutoCloseable.class)]]
2026-09-12 19:03 -    commands.recompile - DEBUG - [loading ZipFileIndexFileObject[C:\Program Files\Eclipse Adoptium\jdk-8.0.504.1-hotspot\lib\ct.sym(META-INF/sym/rt.jar/java/io/PrintWriter.class)]]
2026-09-12 19:03 -    commands.recompile - DEBUG - [loading ZipFileIndexFileObject[C:\Program Files\Eclipse Adoptium\jdk-8.0.504.1-hotspot\lib\ct.sym(META-INF/sym/rt.jar/java/io/StringWriter.class)]]
2026-09-12 19:03 -    commands.recompile - DEBUG - [loading ZipFileIndexFileObject[C:\Program Files\Eclipse Adoptium\jdk-8.0.504.1-hotspot\lib\ct.sym(META-INF/sym/rt.jar/java/io/RandomAccessFile.class)]]
2026-09-12 19:03 -    commands.recompile - DEBUG - [loading ZipFileIndexFileObject[C:\Program Files\Eclipse Adoptium\jdk-8.0.504.1-hotspot\lib\ct.sym(META-INF/sym/rt.jar/java/lang/ref/Reference.class)]]
2026-09-12 19:03 -    commands.recompile - DEBUG - [loading ZipFileIndexFileObject[C:\Program Files\Eclipse Adoptium\jdk-8.0.504.1-hotspot\lib\ct.sym(META-INF/sym/rt.jar/java/lang/ref/SoftReference.class)]]
2026-09-12 19:03 -    commands.recompile - DEBUG - [loading ZipFileIndexFileObject[C:\Program Files\Eclipse Adoptium\jdk-8.0.504.1-hotspot\lib\ct.sym(META-INF/sym/rt.jar/java/io/ByteArrayOutputStream.class)]]
2026-09-12 19:03 -    commands.recompile - DEBUG - [loading ZipFileIndexFileObject[C:\Program Files\Eclipse Adoptium\jdk-8.0.504.1-hotspot\lib\ct.sym(META-INF/sym/rt.jar/java/io/Flushable.class)]]
2026-09-12 19:03 -    commands.recompile - DEBUG - [loading ZipFileIndexFileObject[C:\Program Files\Eclipse Adoptium\jdk-8.0.504.1-hotspot\lib\ct.sym(META-INF/sym/rt.jar/java/util/logging/Logger.class)]]
2026-09-12 19:03 -    commands.recompile - DEBUG - [loading ZipFileIndexFileObject[jars\bin\lwjgl.jar(org/lwjgl/BufferUtils.class)]]
2026-09-12 19:03 -    commands.recompile - DEBUG - [loading ZipFileIndexFileObject[C:\Program Files\Eclipse Adoptium\jdk-8.0.504.1-hotspot\lib\ct.sym(META-INF/sym/rt.jar/java/util/Properties.class)]]
2026-09-12 19:03 -    commands.recompile - DEBUG - [loading ZipFileIndexFileObject[C:\Program Files\Eclipse Adoptium\jdk-8.0.504.1-hotspot\lib\ct.sym(META-INF/sym/rt.jar/java/util/zip/ZipFile.class)]]
2026-09-12 19:03 -    commands.recompile - DEBUG - [loading ZipFileIndexFileObject[C:\Program Files\Eclipse Adoptium\jdk-8.0.504.1-hotspot\lib\ct.sym(META-INF/sym/rt.jar/java/net/HttpURLConnection.class)]]
2026-09-12 19:03 -    commands.recompile - DEBUG - [loading ZipFileIndexFileObject[C:\Program Files\Eclipse Adoptium\jdk-8.0.504.1-hotspot\lib\ct.sym(META-INF/sym/rt.jar/java/net/ConnectException.class)]]
2026-09-12 19:03 -    commands.recompile - DEBUG - [loading ZipFileIndexFileObject[C:\Program Files\Eclipse Adoptium\jdk-8.0.504.1-hotspot\lib\ct.sym(META-INF/sym/rt.jar/java/lang/reflect/Field.class)]]
2026-09-12 19:03 -    commands.recompile - DEBUG - [loading ZipFileIndexFileObject[C:\Program Files\Eclipse Adoptium\jdk-8.0.504.1-hotspot\lib\ct.sym(META-INF/sym/rt.jar/java/beans/ConstructorProperties.class)]]
2026-09-12 19:03 -    commands.recompile - DEBUG - [loading ZipFileIndexFileObject[C:\Program Files\Eclipse Adoptium\jdk-8.0.504.1-hotspot\lib\ct.sym(META-INF/sym/rt.jar/sun/misc/Contended.class)]]
2026-09-12 19:03 -    commands.recompile - DEBUG - [loading ZipFileIndexFileObject[C:\Program Files\Eclipse Adoptium\jdk-8.0.504.1-hotspot\lib\ct.sym(META-INF/sym/rt.jar/java/lang/Override.class)]]
2026-09-12 19:03 -    commands.recompile - DEBUG - [loading ZipFileIndexFileObject[C:\Program Files\Eclipse Adoptium\jdk-8.0.504.1-hotspot\lib\ct.sym(META-INF/sym/rt.jar/java/lang/annotation/Annotation.class)]]
2026-09-12 19:03 -    commands.recompile - DEBUG - [loading ZipFileIndexFileObject[C:\Program Files\Eclipse Adoptium\jdk-8.0.504.1-hotspot\lib\ct.sym(META-INF/sym/rt.jar/java/lang/annotation/Target.class)]]
2026-09-12 19:03 -    commands.recompile - DEBUG - [loading ZipFileIndexFileObject[C:\Program Files\Eclipse Adoptium\jdk-8.0.504.1-hotspot\lib\ct.sym(META-INF/sym/rt.jar/java/lang/annotation/ElementType.class)]]
2026-09-12 19:03 -    commands.recompile - DEBUG - [loading ZipFileIndexFileObject[C:\Program Files\Eclipse Adoptium\jdk-8.0.504.1-hotspot\lib\ct.sym(META-INF/sym/rt.jar/java/lang/annotation/Retention.class)]]
2026-09-12 19:03 -    commands.recompile - DEBUG - [loading ZipFileIndexFileObject[C:\Program Files\Eclipse Adoptium\jdk-8.0.504.1-hotspot\lib\ct.sym(META-INF/sym/rt.jar/java/lang/annotation/RetentionPolicy.class)]]
2026-09-12 19:03 -    commands.recompile - DEBUG - [checking net.minecraft.client.Minecraft]
2026-09-12 19:03 -    commands.recompile - DEBUG - [loading ZipFileIndexFileObject[C:\Program Files\Eclipse Adoptium\jdk-8.0.504.1-hotspot\lib\ct.sym(META-INF/sym/rt.jar/java/lang/System.class)]]
2026-09-12 19:03 -    commands.recompile - DEBUG - [loading ZipFileIndexFileObject[C:\Program Files\Eclipse Adoptium\jdk-8.0.504.1-hotspot\lib\ct.sym(META-INF/sym/rt.jar/java/lang/Byte.class)]]
2026-09-12 19:03 -    commands.recompile - DEBUG - [loading ZipFileIndexFileObject[C:\Program Files\Eclipse Adoptium\jdk-8.0.504.1-hotspot\lib\ct.sym(META-INF/sym/rt.jar/java/lang/Character.class)]]
2026-09-12 19:03 -    commands.recompile - DEBUG - [loading ZipFileIndexFileObject[C:\Program Files\Eclipse Adoptium\jdk-8.0.504.1-hotspot\lib\ct.sym(META-INF/sym/rt.jar/java/lang/Short.class)]]
2026-09-12 19:03 -    commands.recompile - DEBUG - [loading ZipFileIndexFileObject[C:\Program Files\Eclipse Adoptium\jdk-8.0.504.1-hotspot\lib\ct.sym(META-INF/sym/rt.jar/java/lang/Long.class)]]
2026-09-12 19:03 -    commands.recompile - DEBUG - [loading ZipFileIndexFileObject[C:\Program Files\Eclipse Adoptium\jdk-8.0.504.1-hotspot\lib\ct.sym(META-INF/sym/rt.jar/java/lang/Float.class)]]
2026-09-12 19:03 -    commands.recompile - DEBUG - [loading ZipFileIndexFileObject[C:\Program Files\Eclipse Adoptium\jdk-8.0.504.1-hotspot\lib\ct.sym(META-INF/sym/rt.jar/java/lang/Integer.class)]]
2026-09-12 19:03 -    commands.recompile - DEBUG - [loading ZipFileIndexFileObject[C:\Program Files\Eclipse Adoptium\jdk-8.0.504.1-hotspot\lib\ct.sym(META-INF/sym/rt.jar/java/lang/Double.class)]]
2026-09-12 19:03 -    commands.recompile - DEBUG - [loading ZipFileIndexFileObject[C:\Program Files\Eclipse Adoptium\jdk-8.0.504.1-hotspot\lib\ct.sym(META-INF/sym/rt.jar/java/lang/Boolean.class)]]
2026-09-12 19:03 -    commands.recompile - DEBUG - [loading ZipFileIndexFileObject[C:\Program Files\Eclipse Adoptium\jdk-8.0.504.1-hotspot\lib\ct.sym(META-INF/sym/rt.jar/java/lang/Void.class)]]
2026-09-12 19:03 -    commands.recompile - DEBUG - [loading ZipFileIndexFileObject[C:\Program Files\Eclipse Adoptium\jdk-8.0.504.1-hotspot\lib\ct.sym(META-INF/sym/rt.jar/java/lang/CharSequence.class)]]
2026-09-12 19:03 -    commands.recompile - DEBUG - [loading ZipFileIndexFileObject[C:\Program Files\Eclipse Adoptium\jdk-8.0.504.1-hotspot\lib\ct.sym(META-INF/sym/rt.jar/java/lang/InterruptedException.class)]]
2026-09-12 19:03 -    commands.recompile - DEBUG - [loading ZipFileIndexFileObject[jars\bin\lwjgl.jar(org/lwjgl/input/Controllers.class)]]
2026-09-12 19:03 -    commands.recompile - DEBUG - [loading ZipFileIndexFileObject[C:\Program Files\Eclipse Adoptium\jdk-8.0.504.1-hotspot\lib\ct.sym(META-INF/sym/rt.jar/java/lang/StringBuilder.class)]]
2026-09-12 19:03 -    commands.recompile - DEBUG - [loading ZipFileIndexFileObject[C:\Program Files\Eclipse Adoptium\jdk-8.0.504.1-hotspot\lib\ct.sym(META-INF/sym/rt.jar/java/lang/AbstractStringBuilder.class)]]
2026-09-12 19:03 -    commands.recompile - DEBUG - [loading ZipFileIndexFileObject[C:\Program Files\Eclipse Adoptium\jdk-8.0.504.1-hotspot\lib\ct.sym(META-INF/sym/rt.jar/java/lang/Appendable.class)]]
2026-09-12 19:03 -    commands.recompile - DEBUG - [loading ZipFileIndexFileObject[C:\Program Files\Eclipse Adoptium\jdk-8.0.504.1-hotspot\lib\ct.sym(META-INF/sym/rt.jar/java/lang/StringBuffer.class)]]
2026-09-12 19:03 -    commands.recompile - DEBUG - [loading ZipFileIndexFileObject[C:\Program Files\Eclipse Adoptium\jdk-8.0.504.1-hotspot\lib\ct.sym(META-INF/sym/rt.jar/java/io/FilterOutputStream.class)]]
2026-09-12 19:03 -    commands.recompile - DEBUG - [loading ZipFileIndexFileObject[C:\Program Files\Eclipse Adoptium\jdk-8.0.504.1-hotspot\lib\ct.sym(META-INF/sym/rt.jar/java/lang/OutOfMemoryError.class)]]
2026-09-12 19:03 -    commands.recompile - DEBUG - [loading ZipFileIndexFileObject[C:\Program Files\Eclipse Adoptium\jdk-8.0.504.1-hotspot\lib\ct.sym(META-INF/sym/rt.jar/java/lang/VirtualMachineError.class)]]
2026-09-12 19:03 -    commands.recompile - DEBUG - [loading ZipFileIndexFileObject[C:\Program Files\Eclipse Adoptium\jdk-8.0.504.1-hotspot\lib\ct.sym(META-INF/sym/rt.jar/java/awt/GraphicsConfiguration.class)]]
2026-09-12 19:03 -    commands.recompile - DEBUG - [loading ZipFileIndexFileObject[C:\Program Files\Eclipse Adoptium\jdk-8.0.504.1-hotspot\lib\ct.sym(META-INF/sym/rt.jar/java/awt/Window.class)]]
2026-09-12 19:03 -    commands.recompile - DEBUG - [loading ZipFileIndexFileObject[C:\Program Files\Eclipse Adoptium\jdk-8.0.504.1-hotspot\lib\ct.sym(META-INF/sym/rt.jar/java/awt/LayoutManager.class)]]
2026-09-12 19:03 -    commands.recompile - DEBUG - [loading ZipFileIndexFileObject[C:\Program Files\Eclipse Adoptium\jdk-8.0.504.1-hotspot\lib\ct.sym(META-INF/sym/rt.jar/java/awt/LayoutManager2.class)]]
2026-09-12 19:03 -    commands.recompile - DEBUG - [loading ZipFileIndexFileObject[C:\Program Files\Eclipse Adoptium\jdk-8.0.504.1-hotspot\lib\ct.sym(META-INF/sym/rt.jar/java/lang/ThreadGroup.class)]]
2026-09-12 19:03 -    commands.recompile - DEBUG - [loading ZipFileIndexFileObject[C:\Program Files\Eclipse Adoptium\jdk-8.0.504.1-hotspot\lib\ct.sym(META-INF/sym/rt.jar/java/security/AccessControlContext.class)]]
2026-09-12 19:03 -    commands.recompile - DEBUG - [loading ZipFileIndexFileObject[C:\Program Files\Eclipse Adoptium\jdk-8.0.504.1-hotspot\lib\ct.sym(META-INF/sym/rt.jar/java/lang/Number.class)]]
2026-09-12 19:03 -    commands.recompile - DEBUG - [loading ZipFileIndexFileObject[C:\Program Files\Eclipse Adoptium\jdk-8.0.504.1-hotspot\lib\ct.sym(META-INF/sym/rt.jar/java/awt/HeadlessException.class)]]
2026-09-12 19:03 -    commands.recompile - DEBUG - [loading ZipFileIndexFileObject[C:\Program Files\Eclipse Adoptium\jdk-8.0.504.1-hotspot\lib\ct.sym(META-INF/sym/rt.jar/java/lang/UnsupportedOperationException.class)]]
2026-09-12 19:03 -    commands.recompile - DEBUG - [loading ZipFileIndexFileObject[C:\Program Files\Eclipse Adoptium\jdk-8.0.504.1-hotspot\lib\ct.sym(META-INF/sym/rt.jar/java/lang/NumberFormatException.class)]]
2026-09-12 19:03 -    commands.recompile - DEBUG - [wrote RegularFileObject[bin\minecraft\net\minecraft\client\Minecraft.class]]
2026-09-12 19:03 -    commands.recompile - DEBUG - [checking net.minecraft.client.MinecraftApplet]
2026-09-12 19:03 -    commands.recompile - DEBUG - [wrote RegularFileObject[bin\minecraft\net\minecraft\client\MinecraftApplet.class]]
2026-09-12 19:03 -    commands.recompile - DEBUG - [checking net.minecraft.src.UnexpectedThrowable]
2026-09-12 19:03 -    commands.recompile - DEBUG - [wrote RegularFileObject[bin\minecraft\net\minecraft\src\UnexpectedThrowable.class]]
2026-09-12 19:03 -    commands.recompile - DEBUG - [checking net.minecraft.src.EnumOS2]
2026-09-12 19:03 -    commands.recompile - DEBUG - [loading ZipFileIndexFileObject[C:\Program Files\Eclipse Adoptium\jdk-8.0.504.1-hotspot\lib\ct.sym(META-INF/sym/rt.jar/java/lang/CloneNotSupportedException.class)]]
2026-09-12 19:03 -    commands.recompile - DEBUG - [wrote RegularFileObject[bin\minecraft\net\minecraft\src\EnumOS2.class]]
2026-09-12 19:03 -    commands.recompile - DEBUG - [checking net.minecraft.src.ISaveFormat]
2026-09-12 19:03 -    commands.recompile - DEBUG - [wrote RegularFileObject[bin\minecraft\net\minecraft\src\ISaveFormat.class]]
2026-09-12 19:03 -    commands.recompile - DEBUG - [checking net.minecraft.src.GuiScreen]
2026-09-12 19:03 -    commands.recompile - DEBUG - [loading ZipFileIndexFileObject[C:\Program Files\Eclipse Adoptium\jdk-8.0.504.1-hotspot\lib\ct.sym(META-INF/sym/rt.jar/java/awt/datatransfer/Transferable.class)]]
2026-09-12 19:03 -    commands.recompile - DEBUG - [loading ZipFileIndexFileObject[C:\Program Files\Eclipse Adoptium\jdk-8.0.504.1-hotspot\lib\ct.sym(META-INF/sym/rt.jar/java/awt/Toolkit.class)]]
2026-09-12 19:03 -    commands.recompile - DEBUG - [loading ZipFileIndexFileObject[C:\Program Files\Eclipse Adoptium\jdk-8.0.504.1-hotspot\lib\ct.sym(META-INF/sym/rt.jar/java/awt/datatransfer/Clipboard.class)]]
2026-09-12 19:03 -    commands.recompile - DEBUG - [loading ZipFileIndexFileObject[C:\Program Files\Eclipse Adoptium\jdk-8.0.504.1-hotspot\lib\ct.sym(META-INF/sym/rt.jar/java/awt/datatransfer/DataFlavor.class)]]
2026-09-12 19:03 -    commands.recompile - DEBUG - [loading ZipFileIndexFileObject[C:\Program Files\Eclipse Adoptium\jdk-8.0.504.1-hotspot\lib\ct.sym(META-INF/sym/rt.jar/java/awt/datatransfer/UnsupportedFlavorException.class)]]
2026-09-12 19:03 -    commands.recompile - DEBUG - [checking net.minecraft.src.Gui]
2026-09-12 19:03 -    commands.recompile - DEBUG - [wrote RegularFileObject[bin\minecraft\net\minecraft\src\GuiScreen.class]]
2026-09-12 19:03 -    commands.recompile - DEBUG - [wrote RegularFileObject[bin\minecraft\net\minecraft\src\Gui.class]]
2026-09-12 19:03 -    commands.recompile - DEBUG - [checking net.minecraft.src.World]
2026-09-12 19:03 -    commands.recompile - DEBUG - [loading ZipFileIndexFileObject[C:\Program Files\Eclipse Adoptium\jdk-8.0.504.1-hotspot\lib\ct.sym(META-INF/sym/rt.jar/java/util/HashSet.class)]]
2026-09-12 19:03 -    commands.recompile - DEBUG - [loading ZipFileIndexFileObject[C:\Program Files\Eclipse Adoptium\jdk-8.0.504.1-hotspot\lib\ct.sym(META-INF/sym/rt.jar/java/util/AbstractSet.class)]]
2026-09-12 19:03 -    commands.recompile - DEBUG - [loading ZipFileIndexFileObject[C:\Program Files\Eclipse Adoptium\jdk-8.0.504.1-hotspot\lib\ct.sym(META-INF/sym/rt.jar/java/util/NavigableSet.class)]]
2026-09-12 19:03 -    commands.recompile - DEBUG - [loading ZipFileIndexFileObject[C:\Program Files\Eclipse Adoptium\jdk-8.0.504.1-hotspot\lib\ct.sym(META-INF/sym/rt.jar/java/util/SortedSet.class)]]
2026-09-12 19:03 -    commands.recompile - DEBUG - [loading ZipFileIndexFileObject[C:\Program Files\Eclipse Adoptium\jdk-8.0.504.1-hotspot\lib\ct.sym(META-INF/sym/rt.jar/java/lang/IllegalStateException.class)]]
2026-09-12 19:03 -    commands.recompile - DEBUG - [loading ZipFileIndexFileObject[C:\Program Files\Eclipse Adoptium\jdk-8.0.504.1-hotspot\lib\ct.sym(META-INF/sym/rt.jar/java/lang/reflect/GenericDeclaration.class)]]
2026-09-12 19:03 -    commands.recompile - DEBUG - [loading ZipFileIndexFileObject[C:\Program Files\Eclipse Adoptium\jdk-8.0.504.1-hotspot\lib\ct.sym(META-INF/sym/rt.jar/java/lang/reflect/AnnotatedElement.class)]]
2026-09-12 19:03 -    commands.recompile - DEBUG - [loading ZipFileIndexFileObject[C:\Program Files\Eclipse Adoptium\jdk-8.0.504.1-hotspot\lib\ct.sym(META-INF/sym/rt.jar/java/lang/reflect/Type.class)]]
2026-09-12 19:03 -    commands.recompile - DEBUG - [wrote RegularFileObject[bin\minecraft\net\minecraft\src\World.class]]
2026-09-12 19:03 -    commands.recompile - DEBUG - [checking net.minecraft.src.IBlockAccess]
2026-09-12 19:03 -    commands.recompile - DEBUG - [wrote RegularFileObject[bin\minecraft\net\minecraft\src\IBlockAccess.class]]
2026-09-12 19:03 -    commands.recompile - DEBUG - [checking net.minecraft.src.EntityPlayer]
2026-09-12 19:03 -    commands.recompile - DEBUG - [loading ZipFileIndexFileObject[C:\Program Files\Eclipse Adoptium\jdk-8.0.504.1-hotspot\lib\ct.sym(META-INF/sym/rt.jar/java/lang/Math.class)]]
2026-09-12 19:03 -    commands.recompile - DEBUG - [checking net.minecraft.src.EntityLiving]
2026-09-12 19:03 -    commands.recompile - DEBUG - [checking net.minecraft.src.Entity]
2026-09-12 19:03 -    commands.recompile - DEBUG - [wrote RegularFileObject[bin\minecraft\net\minecraft\src\EntityPlayer.class]]
2026-09-12 19:03 -    commands.recompile - DEBUG - [wrote RegularFileObject[bin\minecraft\net\minecraft\src\EntityLiving.class]]
2026-09-12 19:03 -    commands.recompile - DEBUG - [wrote RegularFileObject[bin\minecraft\net\minecraft\src\Entity.class]]
2026-09-12 19:03 -    commands.recompile - DEBUG - [checking net.minecraft.src.OpenGlCapsChecker]
2026-09-12 19:03 -    commands.recompile - DEBUG - [wrote RegularFileObject[bin\minecraft\net\minecraft\src\OpenGlCapsChecker.class]]
2026-09-12 19:03 -    commands.recompile - DEBUG - [checking net.minecraft.src.NetClientHandler]
2026-09-12 19:03 -    commands.recompile - DEBUG - [loading ZipFileIndexFileObject[C:\Program Files\Eclipse Adoptium\jdk-8.0.504.1-hotspot\lib\ct.sym(META-INF/sym/rt.jar/java/net/InetAddress.class)]]
2026-09-12 19:03 -    commands.recompile - DEBUG - [loading ZipFileIndexFileObject[C:\Program Files\Eclipse Adoptium\jdk-8.0.504.1-hotspot\lib\ct.sym(META-INF/sym/rt.jar/java/lang/Readable.class)]]
2026-09-12 19:03 -    commands.recompile - DEBUG - [checking net.minecraft.src.NetHandler]
2026-09-12 19:03 -    commands.recompile - DEBUG - [wrote RegularFileObject[bin\minecraft\net\minecraft\src\NetClientHandler.class]]
2026-09-12 19:03 -    commands.recompile - DEBUG - [wrote RegularFileObject[bin\minecraft\net\minecraft\src\NetHandler.class]]
2026-09-12 19:03 -    commands.recompile - DEBUG - [checking net.minecraft.src.PlayerController]
2026-09-12 19:03 -    commands.recompile - DEBUG - [wrote RegularFileObject[bin\minecraft\net\minecraft\src\PlayerController.class]]
2026-09-12 19:03 -    commands.recompile - DEBUG - [checking net.minecraft.src.Timer]
2026-09-12 19:03 -    commands.recompile - DEBUG - [wrote RegularFileObject[bin\minecraft\net\minecraft\src\Timer.class]]
2026-09-12 19:03 -    commands.recompile - DEBUG - [checking net.minecraft.src.RenderGlobal]
2026-09-12 19:03 -    commands.recompile - DEBUG - [wrote RegularFileObject[bin\minecraft\net\minecraft\src\RenderGlobal.class]]
2026-09-12 19:03 -    commands.recompile - DEBUG - [checking net.minecraft.src.IWorldAccess]
2026-09-12 19:03 -    commands.recompile - DEBUG - [wrote RegularFileObject[bin\minecraft\net\minecraft\src\IWorldAccess.class]]
2026-09-12 19:03 -    commands.recompile - DEBUG - [checking net.minecraft.src.EntityPlayerSP]
2026-09-12 19:03 -    commands.recompile - DEBUG - [wrote RegularFileObject[bin\minecraft\net\minecraft\src\EntityPlayerSP.class]]
2026-09-12 19:03 -    commands.recompile - DEBUG - [checking net.minecraft.src.EffectRenderer]
2026-09-12 19:03 -    commands.recompile - DEBUG - [wrote RegularFileObject[bin\minecraft\net\minecraft\src\EffectRenderer.class]]
2026-09-12 19:03 -    commands.recompile - DEBUG - [checking net.minecraft.src.Session]
2026-09-12 19:03 -    commands.recompile - DEBUG - [wrote RegularFileObject[bin\minecraft\net\minecraft\src\Session.class]]
2026-09-12 19:03 -    commands.recompile - DEBUG - [checking net.minecraft.src.RenderEngine]
2026-09-12 19:03 -    commands.recompile - DEBUG - [loading ZipFileIndexFileObject[C:\Program Files\Eclipse Adoptium\jdk-8.0.504.1-hotspot\lib\ct.sym(META-INF/sym/rt.jar/java/awt/image/WritableRenderedImage.class)]]
2026-09-12 19:03 -    commands.recompile - DEBUG - [loading ZipFileIndexFileObject[C:\Program Files\Eclipse Adoptium\jdk-8.0.504.1-hotspot\lib\ct.sym(META-INF/sym/rt.jar/java/awt/image/RenderedImage.class)]]
2026-09-12 19:03 -    commands.recompile - DEBUG - [loading ZipFileIndexFileObject[C:\Program Files\Eclipse Adoptium\jdk-8.0.504.1-hotspot\lib\ct.sym(META-INF/sym/rt.jar/java/awt/Transparency.class)]]
2026-09-12 19:03 -    commands.recompile - DEBUG - [loading ZipFileIndexFileObject[C:\Program Files\Eclipse Adoptium\jdk-8.0.504.1-hotspot\lib\ct.sym(META-INF/sym/rt.jar/java/awt/Image.class)]]
2026-09-12 19:03 -    commands.recompile - DEBUG - [loading ZipFileIndexFileObject[C:\Program Files\Eclipse Adoptium\jdk-8.0.504.1-hotspot\lib\ct.sym(META-INF/sym/rt.jar/java/text/AttributedCharacterIterator.class)]]
2026-09-12 19:03 -    commands.recompile - DEBUG - [loading ZipFileIndexFileObject[C:\Program Files\Eclipse Adoptium\jdk-8.0.504.1-hotspot\lib\ct.sym(META-INF/sym/rt.jar/java/nio/ShortBuffer.class)]]
2026-09-12 19:03 -    commands.recompile - DEBUG - [loading ZipFileIndexFileObject[C:\Program Files\Eclipse Adoptium\jdk-8.0.504.1-hotspot\lib\ct.sym(META-INF/sym/rt.jar/java/nio/DoubleBuffer.class)]]
2026-09-12 19:03 -    commands.recompile - DEBUG - [loading ZipFileIndexFileObject[C:\Program Files\Eclipse Adoptium\jdk-8.0.504.1-hotspot\lib\ct.sym(META-INF/sym/rt.jar/javax/imageio/stream/ImageInputStream.class)]]
2026-09-12 19:03 -    commands.recompile - DEBUG - [wrote RegularFileObject[bin\minecraft\net\minecraft\src\RenderEngine.class]]
2026-09-12 19:03 -    commands.recompile - DEBUG - [checking net.minecraft.src.FontRenderer]
2026-09-12 19:03 -    commands.recompile - DEBUG - [wrote RegularFileObject[bin\minecraft\net\minecraft\src\FontRenderer.class]]
2026-09-12 19:03 -    commands.recompile - DEBUG - [checking net.minecraft.src.LoadingScreenRenderer]
2026-09-12 19:03 -    commands.recompile - DEBUG - [wrote RegularFileObject[bin\minecraft\net\minecraft\src\LoadingScreenRenderer.class]]
2026-09-12 19:03 -    commands.recompile - DEBUG - [checking net.minecraft.src.IProgressUpdate]
2026-09-12 19:03 -    commands.recompile - DEBUG - [wrote RegularFileObject[bin\minecraft\net\minecraft\src\IProgressUpdate.class]]
2026-09-12 19:03 -    commands.recompile - DEBUG - [checking net.minecraft.src.EntityRenderer]
2026-09-12 19:03 -    commands.recompile - DEBUG - [wrote RegularFileObject[bin\minecraft\net\minecraft\src\EntityRenderer.class]]
2026-09-12 19:03 -    commands.recompile - DEBUG - [checking net.minecraft.src.ThreadDownloadResources]
2026-09-12 19:03 -    commands.recompile - DEBUG - [loading ZipFileIndexFileObject[C:\Program Files\Eclipse Adoptium\jdk-8.0.504.1-hotspot\lib\ct.sym(META-INF/sym/rt.jar/org/w3c/dom/Document.class)]]
2026-09-12 19:03 -    commands.recompile - DEBUG - [loading ZipFileIndexFileObject[C:\Program Files\Eclipse Adoptium\jdk-8.0.504.1-hotspot\lib\ct.sym(META-INF/sym/rt.jar/org/xml/sax/InputSource.class)]]
2026-09-12 19:03 -    commands.recompile - DEBUG - [loading ZipFileIndexFileObject[C:\Program Files\Eclipse Adoptium\jdk-8.0.504.1-hotspot\lib\ct.sym(META-INF/sym/rt.jar/org/w3c/dom/NodeList.class)]]
2026-09-12 19:03 -    commands.recompile - DEBUG - [loading ZipFileIndexFileObject[C:\Program Files\Eclipse Adoptium\jdk-8.0.504.1-hotspot\lib\ct.sym(META-INF/sym/rt.jar/org/w3c/dom/Node.class)]]
2026-09-12 19:03 -    commands.recompile - DEBUG - [loading ZipFileIndexFileObject[C:\Program Files\Eclipse Adoptium\jdk-8.0.504.1-hotspot\lib\ct.sym(META-INF/sym/rt.jar/org/w3c/dom/Element.class)]]
2026-09-12 19:03 -    commands.recompile - DEBUG - [loading ZipFileIndexFileObject[C:\Program Files\Eclipse Adoptium\jdk-8.0.504.1-hotspot\lib\ct.sym(META-INF/sym/rt.jar/java/io/FileOutputStream.class)]]
2026-09-12 19:03 -    commands.recompile - DEBUG - [loading ZipFileIndexFileObject[C:\Program Files\Eclipse Adoptium\jdk-8.0.504.1-hotspot\lib\ct.sym(META-INF/sym/rt.jar/java/io/FileDescriptor.class)]]
2026-09-12 19:03 -    commands.recompile - DEBUG - [loading ZipFileIndexFileObject[C:\Program Files\Eclipse Adoptium\jdk-8.0.504.1-hotspot\lib\ct.sym(META-INF/sym/rt.jar/java/io/FilterInputStream.class)]]
2026-09-12 19:03 -    commands.recompile - DEBUG - [loading ZipFileIndexFileObject[C:\Program Files\Eclipse Adoptium\jdk-8.0.504.1-hotspot\lib\ct.sym(META-INF/sym/rt.jar/javax/xml/parsers/ParserConfigurationException.class)]]
2026-09-12 19:03 -    commands.recompile - DEBUG - [loading ZipFileIndexFileObject[C:\Program Files\Eclipse Adoptium\jdk-8.0.504.1-hotspot\lib\ct.sym(META-INF/sym/rt.jar/org/xml/sax/SAXException.class)]]
2026-09-12 19:03 -    commands.recompile - DEBUG - [loading ZipFileIndexFileObject[C:\Program Files\Eclipse Adoptium\jdk-8.0.504.1-hotspot\lib\ct.sym(META-INF/sym/rt.jar/org/w3c/dom/DOMException.class)]]
2026-09-12 19:03 -    commands.recompile - DEBUG - [loading ZipFileIndexFileObject[C:\Program Files\Eclipse Adoptium\jdk-8.0.504.1-hotspot\lib\ct.sym(META-INF/sym/rt.jar/java/io/FileNotFoundException.class)]]
2026-09-12 19:03 -    commands.recompile - DEBUG - [wrote RegularFileObject[bin\minecraft\net\minecraft\src\ThreadDownloadResources.class]]
2026-09-12 19:03 -    commands.recompile - DEBUG - [checking net.minecraft.src.GuiAchievement]
2026-09-12 19:03 -    commands.recompile - DEBUG - [wrote RegularFileObject[bin\minecraft\net\minecraft\src\GuiAchievement.class]]
2026-09-12 19:03 -    commands.recompile - DEBUG - [checking net.minecraft.src.GuiIngame]
2026-09-12 19:03 -    commands.recompile - DEBUG - [loading ZipFileIndexFileObject[C:\Program Files\Eclipse Adoptium\jdk-8.0.504.1-hotspot\lib\ct.sym(META-INF/sym/rt.jar/java/lang/Runtime.class)]]
2026-09-12 19:03 -    commands.recompile - DEBUG - [loading ZipFileIndexFileObject[C:\Program Files\Eclipse Adoptium\jdk-8.0.504.1-hotspot\lib\ct.sym(META-INF/sym/rt.jar/java/awt/Paint.class)]]
2026-09-12 19:03 -    commands.recompile - DEBUG - [wrote RegularFileObject[bin\minecraft\net\minecraft\src\GuiIngame.class]]
2026-09-12 19:03 -    commands.recompile - DEBUG - [checking net.minecraft.src.ModelBiped]
2026-09-12 19:03 -    commands.recompile - DEBUG - [checking net.minecraft.src.ModelBase]
2026-09-12 19:03 -    commands.recompile - DEBUG - [wrote RegularFileObject[bin\minecraft\net\minecraft\src\ModelBiped.class]]
2026-09-12 19:03 -    commands.recompile - DEBUG - [wrote RegularFileObject[bin\minecraft\net\minecraft\src\ModelBase.class]]
2026-09-12 19:03 -    commands.recompile - DEBUG - [checking net.minecraft.src.MovingObjectPosition]
2026-09-12 19:03 -    commands.recompile - DEBUG - [wrote RegularFileObject[bin\minecraft\net\minecraft\src\MovingObjectPosition.class]]
2026-09-12 19:03 -    commands.recompile - DEBUG - [checking net.minecraft.src.GameSettings]
2026-09-12 19:03 -    commands.recompile - DEBUG - [loading ZipFileIndexFileObject[C:\Program Files\Eclipse Adoptium\jdk-8.0.504.1-hotspot\lib\ct.sym(META-INF/sym/rt.jar/java/io/FileReader.class)]]
2026-09-12 19:03 -    commands.recompile - DEBUG - [loading ZipFileIndexFileObject[C:\Program Files\Eclipse Adoptium\jdk-8.0.504.1-hotspot\lib\ct.sym(META-INF/sym/rt.jar/java/io/FileWriter.class)]]
2026-09-12 19:03 -    commands.recompile - DEBUG - [loading ZipFileIndexFileObject[C:\Program Files\Eclipse Adoptium\jdk-8.0.504.1-hotspot\lib\ct.sym(META-INF/sym/rt.jar/java/io/OutputStreamWriter.class)]]
2026-09-12 19:03 -    commands.recompile - DEBUG - [wrote RegularFileObject[bin\minecraft\net\minecraft\src\GameSettings.class]]
2026-09-12 19:03 -    commands.recompile - DEBUG - [checking net.minecraft.src.SoundManager]
2026-09-12 19:03 -    commands.recompile - DEBUG - [wrote RegularFileObject[bin\minecraft\net\minecraft\src\SoundManager.class]]
2026-09-12 19:03 -    commands.recompile - DEBUG - [checking net.minecraft.src.MouseHelper]
2026-09-12 19:03 -    commands.recompile - DEBUG - [wrote RegularFileObject[bin\minecraft\net\minecraft\src\MouseHelper.class]]
2026-09-12 19:03 -    commands.recompile - DEBUG - [checking net.minecraft.src.TexturePackList]
2026-09-12 19:03 -    commands.recompile - DEBUG - [wrote RegularFileObject[bin\minecraft\net\minecraft\src\TexturePackList.class]]
2026-09-12 19:03 -    commands.recompile - DEBUG - [checking net.minecraft.src.StatFileWriter]
2026-09-12 19:03 -    commands.recompile - DEBUG - [loading ZipFileIndexFileObject[C:\Program Files\Eclipse Adoptium\jdk-8.0.504.1-hotspot\lib\ct.sym(META-INF/sym/rt.jar/java/util/Map$Entry.class)]]
2026-09-12 19:03 -    commands.recompile - DEBUG - [wrote RegularFileObject[bin\minecraft\net\minecraft\src\StatFileWriter.class]]
2026-09-12 19:03 -    commands.recompile - DEBUG - [checking net.minecraft.src.TextureWaterFX]
2026-09-12 19:03 -    commands.recompile - DEBUG - [checking net.minecraft.src.TextureFX]
2026-09-12 19:03 -    commands.recompile - DEBUG - [wrote RegularFileObject[bin\minecraft\net\minecraft\src\TextureWaterFX.class]]
2026-09-12 19:03 -    commands.recompile - DEBUG - [wrote RegularFileObject[bin\minecraft\net\minecraft\src\TextureFX.class]]
2026-09-12 19:03 -    commands.recompile - DEBUG - [checking net.minecraft.src.TextureLavaFX]
2026-09-12 19:03 -    commands.recompile - DEBUG - [wrote RegularFileObject[bin\minecraft\net\minecraft\src\TextureLavaFX.class]]
2026-09-12 19:03 -    commands.recompile - DEBUG - [checking net.minecraft.src.ISaveHandler]
2026-09-12 19:03 -    commands.recompile - DEBUG - [wrote RegularFileObject[bin\minecraft\net\minecraft\src\ISaveHandler.class]]
2026-09-12 19:03 -    commands.recompile - DEBUG - [checking net.minecraft.src.WorldInfo]
2026-09-12 19:03 -    commands.recompile - DEBUG - [wrote RegularFileObject[bin\minecraft\net\minecraft\src\WorldInfo.class]]
2026-09-12 19:03 -    commands.recompile - DEBUG - [checking net.minecraft.src.GuiButton]
2026-09-12 19:03 -    commands.recompile - DEBUG - [wrote RegularFileObject[bin\minecraft\net\minecraft\src\GuiButton.class]]
2026-09-12 19:03 -    commands.recompile - DEBUG - [checking net.minecraft.src.GuiParticle]
2026-09-12 19:03 -    commands.recompile - DEBUG - [wrote RegularFileObject[bin\minecraft\net\minecraft\src\GuiParticle.class]]
2026-09-12 19:03 -    commands.recompile - DEBUG - [checking net.minecraft.src.WorldChunkManager]
2026-09-12 19:03 -    commands.recompile - DEBUG - [wrote RegularFileObject[bin\minecraft\net\minecraft\src\WorldChunkManager.class]]
2026-09-12 19:03 -    commands.recompile - DEBUG - [checking net.minecraft.src.WorldProvider]
2026-09-12 19:03 -    commands.recompile - DEBUG - [wrote RegularFileObject[bin\minecraft\net\minecraft\src\WorldProvider.class]]
2026-09-12 19:03 -    commands.recompile - DEBUG - [checking net.minecraft.src.IChunkProvider]
2026-09-12 19:03 -    commands.recompile - DEBUG - [wrote RegularFileObject[bin\minecraft\net\minecraft\src\IChunkProvider.class]]
2026-09-12 19:03 -    commands.recompile - DEBUG - [checking net.minecraft.src.Chunk]
2026-09-12 19:03 -    commands.recompile - DEBUG - [wrote RegularFileObject[bin\minecraft\net\minecraft\src\Chunk.class]]
2026-09-12 19:03 -    commands.recompile - DEBUG - [checking net.minecraft.src.Material]
2026-09-12 19:03 -    commands.recompile - DEBUG - [wrote RegularFileObject[bin\minecraft\net\minecraft\src\Material.class]]
2026-09-12 19:03 -    commands.recompile - DEBUG - [checking net.minecraft.src.EnumSkyBlock]
2026-09-12 19:03 -    commands.recompile - DEBUG - [wrote RegularFileObject[bin\minecraft\net\minecraft\src\EnumSkyBlock.class]]
2026-09-12 19:03 -    commands.recompile - DEBUG - [checking net.minecraft.src.Vec3D]
2026-09-12 19:03 -    commands.recompile - DEBUG - [wrote RegularFileObject[bin\minecraft\net\minecraft\src\Vec3D.class]]
2026-09-12 19:03 -    commands.recompile - DEBUG - [checking net.minecraft.src.AxisAlignedBB]
2026-09-12 19:03 -    commands.recompile - DEBUG - [wrote RegularFileObject[bin\minecraft\net\minecraft\src\AxisAlignedBB.class]]
2026-09-12 19:03 -    commands.recompile - DEBUG - [checking net.minecraft.src.Explosion]
2026-09-12 19:03 -    commands.recompile - DEBUG - [wrote RegularFileObject[bin\minecraft\net\minecraft\src\Explosion.class]]
2026-09-12 19:03 -    commands.recompile - DEBUG - [checking net.minecraft.src.TileEntity]
2026-09-12 19:03 -    commands.recompile - DEBUG - [loading ZipFileIndexFileObject[C:\Program Files\Eclipse Adoptium\jdk-8.0.504.1-hotspot\lib\ct.sym(META-INF/sym/rt.jar/java/lang/ClassNotFoundException.class)]]
2026-09-12 19:03 -    commands.recompile - DEBUG - [loading ZipFileIndexFileObject[C:\Program Files\Eclipse Adoptium\jdk-8.0.504.1-hotspot\lib\ct.sym(META-INF/sym/rt.jar/java/lang/ReflectiveOperationException.class)]]
2026-09-12 19:03 -    commands.recompile - DEBUG - [loading ZipFileIndexFileObject[C:\Program Files\Eclipse Adoptium\jdk-8.0.504.1-hotspot\lib\ct.sym(META-INF/sym/rt.jar/java/lang/NoClassDefFoundError.class)]]
2026-09-12 19:03 -    commands.recompile - DEBUG - [loading ZipFileIndexFileObject[C:\Program Files\Eclipse Adoptium\jdk-8.0.504.1-hotspot\lib\ct.sym(META-INF/sym/rt.jar/java/lang/LinkageError.class)]]
2026-09-12 19:03 -    commands.recompile - DEBUG - [loading ZipFileIndexFileObject[C:\Program Files\Eclipse Adoptium\jdk-8.0.504.1-hotspot\lib\ct.sym(META-INF/sym/rt.jar/java/lang/InstantiationException.class)]]
2026-09-12 19:03 -    commands.recompile - DEBUG - [loading ZipFileIndexFileObject[C:\Program Files\Eclipse Adoptium\jdk-8.0.504.1-hotspot\lib\ct.sym(META-INF/sym/rt.jar/java/lang/IllegalAccessException.class)]]
2026-09-12 19:03 -    commands.recompile - DEBUG - [wrote RegularFileObject[bin\minecraft\net\minecraft\src\TileEntity.class]]
2026-09-12 19:03 -    commands.recompile - DEBUG - [checking net.minecraft.src.PathEntity]
2026-09-12 19:03 -    commands.recompile - DEBUG - [wrote RegularFileObject[bin\minecraft\net\minecraft\src\PathEntity.class]]
2026-09-12 19:03 -    commands.recompile - DEBUG - [checking net.minecraft.src.ChunkCoordinates]
2026-09-12 19:03 -    commands.recompile - DEBUG - [wrote RegularFileObject[bin\minecraft\net\minecraft\src\ChunkCoordinates.class]]
2026-09-12 19:03 -    commands.recompile - DEBUG - [checking net.minecraft.src.MapDataBase]
2026-09-12 19:03 -    commands.recompile - DEBUG - [wrote RegularFileObject[bin\minecraft\net\minecraft\src\MapDataBase.class]]
2026-09-12 19:03 -    commands.recompile - DEBUG - [checking net.minecraft.src.MapStorage]
2026-09-12 19:03 -    commands.recompile - DEBUG - [loading ZipFileIndexFileObject[C:\Program Files\Eclipse Adoptium\jdk-8.0.504.1-hotspot\lib\ct.sym(META-INF/sym/rt.jar/java/lang/reflect/Executable.class)]]
2026-09-12 19:03 -    commands.recompile - DEBUG - [loading ZipFileIndexFileObject[C:\Program Files\Eclipse Adoptium\jdk-8.0.504.1-hotspot\lib\ct.sym(META-INF/sym/rt.jar/java/lang/reflect/Member.class)]]
2026-09-12 19:03 -    commands.recompile - DEBUG - [loading ZipFileIndexFileObject[C:\Program Files\Eclipse Adoptium\jdk-8.0.504.1-hotspot\lib\ct.sym(META-INF/sym/rt.jar/java/lang/reflect/AccessibleObject.class)]]
2026-09-12 19:03 -    commands.recompile - DEBUG - [loading ZipFileIndexFileObject[C:\Program Files\Eclipse Adoptium\jdk-8.0.504.1-hotspot\lib\ct.sym(META-INF/sym/rt.jar/java/io/FileInputStream.class)]]
2026-09-12 19:03 -    commands.recompile - DEBUG - [loading ZipFileIndexFileObject[C:\Program Files\Eclipse Adoptium\jdk-8.0.504.1-hotspot\lib\ct.sym(META-INF/sym/rt.jar/java/lang/NoSuchMethodException.class)]]
2026-09-12 19:03 -    commands.recompile - DEBUG - [loading ZipFileIndexFileObject[C:\Program Files\Eclipse Adoptium\jdk-8.0.504.1-hotspot\lib\ct.sym(META-INF/sym/rt.jar/java/lang/SecurityException.class)]]
2026-09-12 19:03 -    commands.recompile - DEBUG - [loading ZipFileIndexFileObject[C:\Program Files\Eclipse Adoptium\jdk-8.0.504.1-hotspot\lib\ct.sym(META-INF/sym/rt.jar/java/lang/reflect/InvocationTargetException.class)]]
2026-09-12 19:03 -    commands.recompile - DEBUG - [wrote RegularFileObject[bin\minecraft\net\minecraft\src\MapStorage.class]]
2026-09-12 19:03 -    commands.recompile - DEBUG - [checking net.minecraft.src.ItemStack]
2026-09-12 19:03 -    commands.recompile - DEBUG - [wrote RegularFileObject[bin\minecraft\net\minecraft\src\ItemStack.class]]
2026-09-12 19:03 -    commands.recompile - DEBUG - [checking net.minecraft.src.EntityItem]
2026-09-12 19:03 -    commands.recompile - DEBUG - [wrote RegularFileObject[bin\minecraft\net\minecraft\src\EntityItem.class]]
2026-09-12 19:03 -    commands.recompile - DEBUG - [checking net.minecraft.src.Block]
2026-09-12 19:03 -    commands.recompile - DEBUG - [wrote RegularFileObject[bin\minecraft\net\minecraft\src\Block.class]]
2026-09-12 19:03 -    commands.recompile - DEBUG - [checking net.minecraft.src.NBTTagCompound]
2026-09-12 19:03 -    commands.recompile - DEBUG - [checking net.minecraft.src.NBTBase]
2026-09-12 19:03 -    commands.recompile - DEBUG - [wrote RegularFileObject[bin\minecraft\net\minecraft\src\NBTTagCompound.class]]
2026-09-12 19:03 -    commands.recompile - DEBUG - [wrote RegularFileObject[bin\minecraft\net\minecraft\src\NBTBase.class]]
2026-09-12 19:03 -    commands.recompile - DEBUG - [checking net.minecraft.src.IInventory]
2026-09-12 19:03 -    commands.recompile - DEBUG - [wrote RegularFileObject[bin\minecraft\net\minecraft\src\IInventory.class]]
2026-09-12 19:03 -    commands.recompile - DEBUG - [checking net.minecraft.src.TileEntityFurnace]
2026-09-12 19:03 -    commands.recompile - DEBUG - [wrote RegularFileObject[bin\minecraft\net\minecraft\src\TileEntityFurnace.class]]
2026-09-12 19:03 -    commands.recompile - DEBUG - [checking net.minecraft.src.TileEntityHearth]
2026-09-12 19:03 -    commands.recompile - DEBUG - [wrote RegularFileObject[bin\minecraft\net\minecraft\src\TileEntityHearth.class]]
2026-09-12 19:03 -    commands.recompile - DEBUG - [checking net.minecraft.src.TileEntityDispenser]
2026-09-12 19:03 -    commands.recompile - DEBUG - [wrote RegularFileObject[bin\minecraft\net\minecraft\src\TileEntityDispenser.class]]
2026-09-12 19:03 -    commands.recompile - DEBUG - [checking net.minecraft.src.TileEntitySign]
2026-09-12 19:03 -    commands.recompile - DEBUG - [wrote RegularFileObject[bin\minecraft\net\minecraft\src\TileEntitySign.class]]
2026-09-12 19:03 -    commands.recompile - DEBUG - [checking net.minecraft.src.EnumStatus]
2026-09-12 19:03 -    commands.recompile - DEBUG - [wrote RegularFileObject[bin\minecraft\net\minecraft\src\EnumStatus.class]]
2026-09-12 19:03 -    commands.recompile - DEBUG - [checking net.minecraft.src.StatBase]
2026-09-12 19:03 -    commands.recompile - DEBUG - [loading ZipFileIndexFileObject[C:\Program Files\Eclipse Adoptium\jdk-8.0.504.1-hotspot\lib\ct.sym(META-INF/sym/rt.jar/java/util/Locale.class)]]
2026-09-12 19:03 -    commands.recompile - DEBUG - [loading ZipFileIndexFileObject[C:\Program Files\Eclipse Adoptium\jdk-8.0.504.1-hotspot\lib\ct.sym(META-INF/sym/rt.jar/java/text/Format.class)]]
2026-09-12 19:03 -    commands.recompile - DEBUG - [wrote RegularFileObject[bin\minecraft\net\minecraft\src\StatBase.class]]
2026-09-12 19:03 -    commands.recompile - DEBUG - [checking net.minecraft.src.InventoryPlayer]
2026-09-12 19:03 -    commands.recompile - DEBUG - [wrote RegularFileObject[bin\minecraft\net\minecraft\src\InventoryPlayer.class]]
2026-09-12 19:03 -    commands.recompile - DEBUG - [checking net.minecraft.src.Container]
2026-09-12 19:03 -    commands.recompile - DEBUG - [wrote RegularFileObject[bin\minecraft\net\minecraft\src\Container.class]]
2026-09-12 19:03 -    commands.recompile - DEBUG - [checking net.minecraft.src.EntityFish]
2026-09-12 19:03 -    commands.recompile - DEBUG - [wrote RegularFileObject[bin\minecraft\net\minecraft\src\EntityFish.class]]
2026-09-12 19:03 -    commands.recompile - DEBUG - [checking net.minecraft.src.DataWatcher]
2026-09-12 19:03 -    commands.recompile - DEBUG - [wrote RegularFileObject[bin\minecraft\net\minecraft\src\DataWatcher.class]]
2026-09-12 19:03 -    commands.recompile - DEBUG - [checking net.minecraft.src.NBTTagList]
2026-09-12 19:03 -    commands.recompile - DEBUG - [wrote RegularFileObject[bin\minecraft\net\minecraft\src\NBTTagList.class]]
2026-09-12 19:03 -    commands.recompile - DEBUG - [checking net.minecraft.src.EntityLightningBolt]
2026-09-12 19:03 -    commands.recompile - DEBUG - [checking net.minecraft.src.EntityWeatherEffect]
2026-09-12 19:03 -    commands.recompile - DEBUG - [wrote RegularFileObject[bin\minecraft\net\minecraft\src\EntityLightningBolt.class]]
2026-09-12 19:03 -    commands.recompile - DEBUG - [wrote RegularFileObject[bin\minecraft\net\minecraft\src\EntityWeatherEffect.class]]
2026-09-12 19:03 -    commands.recompile - DEBUG - [checking net.minecraft.src.Packet1Login]
2026-09-12 19:03 -    commands.recompile - DEBUG - [loading ZipFileIndexFileObject[C:\Program Files\Eclipse Adoptium\jdk-8.0.504.1-hotspot\lib\ct.sym(META-INF/sym/rt.jar/java/io/EOFException.class)]]
2026-09-12 19:03 -    commands.recompile - DEBUG - [checking net.minecraft.src.Packet]
2026-09-12 19:03 -    commands.recompile - DEBUG - [wrote RegularFileObject[bin\minecraft\net\minecraft\src\Packet1Login.class]]
2026-09-12 19:03 -    commands.recompile - DEBUG - [wrote RegularFileObject[bin\minecraft\net\minecraft\src\Packet.class]]
2026-09-12 19:03 -    commands.recompile - DEBUG - [checking net.minecraft.src.Packet21PickupSpawn]
2026-09-12 19:03 -    commands.recompile - DEBUG - [wrote RegularFileObject[bin\minecraft\net\minecraft\src\Packet21PickupSpawn.class]]
2026-09-12 19:03 -    commands.recompile - DEBUG - [checking net.minecraft.src.Packet23VehicleSpawn]
2026-09-12 19:03 -    commands.recompile - DEBUG - [wrote RegularFileObject[bin\minecraft\net\minecraft\src\Packet23VehicleSpawn.class]]
2026-09-12 19:03 -    commands.recompile - DEBUG - [checking net.minecraft.src.Packet71Weather]
2026-09-12 19:03 -    commands.recompile - DEBUG - [wrote RegularFileObject[bin\minecraft\net\minecraft\src\Packet71Weather.class]]
2026-09-12 19:03 -    commands.recompile - DEBUG - [checking net.minecraft.src.Packet25EntityPainting]
2026-09-12 19:03 -    commands.recompile - DEBUG - [wrote RegularFileObject[bin\minecraft\net\minecraft\src\Packet25EntityPainting.class]]
2026-09-12 19:03 -    commands.recompile - DEBUG - [checking net.minecraft.src.Packet28EntityVelocity]
2026-09-12 19:03 -    commands.recompile - DEBUG - [wrote RegularFileObject[bin\minecraft\net\minecraft\src\Packet28EntityVelocity.class]]
2026-09-12 19:03 -    commands.recompile - DEBUG - [checking net.minecraft.src.Packet40EntityMetadata]
2026-09-12 19:03 -    commands.recompile - DEBUG - [wrote RegularFileObject[bin\minecraft\net\minecraft\src\Packet40EntityMetadata.class]]
2026-09-12 19:03 -    commands.recompile - DEBUG - [checking net.minecraft.src.Packet20NamedEntitySpawn]
2026-09-12 19:03 -    commands.recompile - DEBUG - [wrote RegularFileObject[bin\minecraft\net\minecraft\src\Packet20NamedEntitySpawn.class]]
2026-09-12 19:03 -    commands.recompile - DEBUG - [checking net.minecraft.src.Packet34EntityTeleport]
2026-09-12 19:03 -    commands.recompile - DEBUG - [wrote RegularFileObject[bin\minecraft\net\minecraft\src\Packet34EntityTeleport.class]]
2026-09-12 19:03 -    commands.recompile - DEBUG - [checking net.minecraft.src.Packet30Entity]
2026-09-12 19:03 -    commands.recompile - DEBUG - [wrote RegularFileObject[bin\minecraft\net\minecraft\src\Packet30Entity.class]]
2026-09-12 19:03 -    commands.recompile - DEBUG - [checking net.minecraft.src.Packet29DestroyEntity]
2026-09-12 19:03 -    commands.recompile - DEBUG - [wrote RegularFileObject[bin\minecraft\net\minecraft\src\Packet29DestroyEntity.class]]
2026-09-12 19:03 -    commands.recompile - DEBUG - [checking net.minecraft.src.Packet10Flying]
2026-09-12 19:03 -    commands.recompile - DEBUG - [wrote RegularFileObject[bin\minecraft\net\minecraft\src\Packet10Flying.class]]
2026-09-12 19:03 -    commands.recompile - DEBUG - [checking net.minecraft.src.Packet50PreChunk]
2026-09-12 19:03 -    commands.recompile - DEBUG - [wrote RegularFileObject[bin\minecraft\net\minecraft\src\Packet50PreChunk.class]]
2026-09-12 19:03 -    commands.recompile - DEBUG - [checking net.minecraft.src.Packet52MultiBlockChange]
2026-09-12 19:03 -    commands.recompile - DEBUG - [wrote RegularFileObject[bin\minecraft\net\minecraft\src\Packet52MultiBlockChange.class]]
2026-09-12 19:03 -    commands.recompile - DEBUG - [checking net.minecraft.src.Packet51MapChunk]
2026-09-12 19:03 -    commands.recompile - DEBUG - [wrote RegularFileObject[bin\minecraft\net\minecraft\src\Packet51MapChunk.class]]
2026-09-12 19:03 -    commands.recompile - DEBUG - [checking net.minecraft.src.Packet53BlockChange]
2026-09-12 19:03 -    commands.recompile - DEBUG - [wrote RegularFileObject[bin\minecraft\net\minecraft\src\Packet53BlockChange.class]]
2026-09-12 19:03 -    commands.recompile - DEBUG - [checking net.minecraft.src.Packet255KickDisconnect]
2026-09-12 19:03 -    commands.recompile - DEBUG - [wrote RegularFileObject[bin\minecraft\net\minecraft\src\Packet255KickDisconnect.class]]
2026-09-12 19:03 -    commands.recompile - DEBUG - [checking net.minecraft.src.Packet22Collect]
2026-09-12 19:03 -    commands.recompile - DEBUG - [wrote RegularFileObject[bin\minecraft\net\minecraft\src\Packet22Collect.class]]
2026-09-12 19:03 -    commands.recompile - DEBUG - [checking net.minecraft.src.Packet3Chat]
2026-09-12 19:03 -    commands.recompile - DEBUG - [wrote RegularFileObject[bin\minecraft\net\minecraft\src\Packet3Chat.class]]
2026-09-12 19:03 -    commands.recompile - DEBUG - [checking net.minecraft.src.Packet18Animation]
2026-09-12 19:03 -    commands.recompile - DEBUG - [wrote RegularFileObject[bin\minecraft\net\minecraft\src\Packet18Animation.class]]
2026-09-12 19:03 -    commands.recompile - DEBUG - [checking net.minecraft.src.Packet17Sleep]
2026-09-12 19:03 -    commands.recompile - DEBUG - [wrote RegularFileObject[bin\minecraft\net\minecraft\src\Packet17Sleep.class]]
2026-09-12 19:03 -    commands.recompile - DEBUG - [checking net.minecraft.src.Packet2Handshake]
2026-09-12 19:03 -    commands.recompile - DEBUG - [wrote RegularFileObject[bin\minecraft\net\minecraft\src\Packet2Handshake.class]]
2026-09-12 19:03 -    commands.recompile - DEBUG - [checking net.minecraft.src.Packet24MobSpawn]
2026-09-12 19:03 -    commands.recompile - DEBUG - [wrote RegularFileObject[bin\minecraft\net\minecraft\src\Packet24MobSpawn.class]]
2026-09-12 19:03 -    commands.recompile - DEBUG - [checking net.minecraft.src.Packet4UpdateTime]
2026-09-12 19:03 -    commands.recompile - DEBUG - [wrote RegularFileObject[bin\minecraft\net\minecraft\src\Packet4UpdateTime.class]]
2026-09-12 19:03 -    commands.recompile - DEBUG - [checking net.minecraft.src.Packet6SpawnPosition]
2026-09-12 19:03 -    commands.recompile - DEBUG - [wrote RegularFileObject[bin\minecraft\net\minecraft\src\Packet6SpawnPosition.class]]
2026-09-12 19:03 -    commands.recompile - DEBUG - [checking net.minecraft.src.Packet39AttachEntity]
2026-09-12 19:03 -    commands.recompile - DEBUG - [wrote RegularFileObject[bin\minecraft\net\minecraft\src\Packet39AttachEntity.class]]
2026-09-12 19:03 -    commands.recompile - DEBUG - [checking net.minecraft.src.Packet38EntityStatus]
2026-09-12 19:03 -    commands.recompile - DEBUG - [wrote RegularFileObject[bin\minecraft\net\minecraft\src\Packet38EntityStatus.class]]
2026-09-12 19:03 -    commands.recompile - DEBUG - [checking net.minecraft.src.Packet8UpdateHealth]
2026-09-12 19:03 -    commands.recompile - DEBUG - [wrote RegularFileObject[bin\minecraft\net\minecraft\src\Packet8UpdateHealth.class]]
2026-09-12 19:03 -    commands.recompile - DEBUG - [checking net.minecraft.src.Packet9Respawn]
2026-09-12 19:03 -    commands.recompile - DEBUG - [wrote RegularFileObject[bin\minecraft\net\minecraft\src\Packet9Respawn.class]]
2026-09-12 19:03 -    commands.recompile - DEBUG - [checking net.minecraft.src.Packet60Explosion]
2026-09-12 19:03 -    commands.recompile - DEBUG - [wrote RegularFileObject[bin\minecraft\net\minecraft\src\Packet60Explosion.class]]
2026-09-12 19:03 -    commands.recompile - DEBUG - [checking net.minecraft.src.Packet100OpenWindow]
2026-09-12 19:03 -    commands.recompile - DEBUG - [wrote RegularFileObject[bin\minecraft\net\minecraft\src\Packet100OpenWindow.class]]
2026-09-12 19:03 -    commands.recompile - DEBUG - [checking net.minecraft.src.Packet103SetSlot]
2026-09-12 19:03 -    commands.recompile - DEBUG - [wrote RegularFileObject[bin\minecraft\net\minecraft\src\Packet103SetSlot.class]]
2026-09-12 19:03 -    commands.recompile - DEBUG - [checking net.minecraft.src.Packet106Transaction]
2026-09-12 19:03 -    commands.recompile - DEBUG - [wrote RegularFileObject[bin\minecraft\net\minecraft\src\Packet106Transaction.class]]
2026-09-12 19:03 -    commands.recompile - DEBUG - [checking net.minecraft.src.Packet104WindowItems]
2026-09-12 19:03 -    commands.recompile - DEBUG - [wrote RegularFileObject[bin\minecraft\net\minecraft\src\Packet104WindowItems.class]]
2026-09-12 19:03 -    commands.recompile - DEBUG - [checking net.minecraft.src.Packet130UpdateSign]
2026-09-12 19:03 -    commands.recompile - DEBUG - [wrote RegularFileObject[bin\minecraft\net\minecraft\src\Packet130UpdateSign.class]]
2026-09-12 19:03 -    commands.recompile - DEBUG - [checking net.minecraft.src.Packet105UpdateProgressbar]
2026-09-12 19:03 -    commands.recompile - DEBUG - [wrote RegularFileObject[bin\minecraft\net\minecraft\src\Packet105UpdateProgressbar.class]]
2026-09-12 19:03 -    commands.recompile - DEBUG - [checking net.minecraft.src.Packet5PlayerInventory]
2026-09-12 19:03 -    commands.recompile - DEBUG - [wrote RegularFileObject[bin\minecraft\net\minecraft\src\Packet5PlayerInventory.class]]
2026-09-12 19:03 -    commands.recompile - DEBUG - [checking net.minecraft.src.Packet101CloseWindow]
2026-09-12 19:03 -    commands.recompile - DEBUG - [wrote RegularFileObject[bin\minecraft\net\minecraft\src\Packet101CloseWindow.class]]
2026-09-12 19:03 -    commands.recompile - DEBUG - [checking net.minecraft.src.Packet54PlayNoteBlock]
2026-09-12 19:03 -    commands.recompile - DEBUG - [wrote RegularFileObject[bin\minecraft\net\minecraft\src\Packet54PlayNoteBlock.class]]
2026-09-12 19:03 -    commands.recompile - DEBUG - [checking net.minecraft.src.Packet70Bed]
2026-09-12 19:03 -    commands.recompile - DEBUG - [wrote RegularFileObject[bin\minecraft\net\minecraft\src\Packet70Bed.class]]
2026-09-12 19:03 -    commands.recompile - DEBUG - [checking net.minecraft.src.Packet131MapData]
2026-09-12 19:03 -    commands.recompile - DEBUG - [wrote RegularFileObject[bin\minecraft\net\minecraft\src\Packet131MapData.class]]
2026-09-12 19:03 -    commands.recompile - DEBUG - [checking net.minecraft.src.Packet61DoorChange]
2026-09-12 19:03 -    commands.recompile - DEBUG - [wrote RegularFileObject[bin\minecraft\net\minecraft\src\Packet61DoorChange.class]]
2026-09-12 19:03 -    commands.recompile - DEBUG - [checking net.minecraft.src.Packet200Statistic]
2026-09-12 19:03 -    commands.recompile - DEBUG - [wrote RegularFileObject[bin\minecraft\net\minecraft\src\Packet200Statistic.class]]
2026-09-12 19:03 -    commands.recompile - DEBUG - [checking net.minecraft.src.NetworkManager]
2026-09-12 19:03 -    commands.recompile - DEBUG - [loading ZipFileIndexFileObject[C:\Program Files\Eclipse Adoptium\jdk-8.0.504.1-hotspot\lib\ct.sym(META-INF/sym/rt.jar/java/net/SocketException.class)]]
2026-09-12 19:03 -    commands.recompile - DEBUG - [loading ZipFileIndexFileObject[C:\Program Files\Eclipse Adoptium\jdk-8.0.504.1-hotspot\lib\ct.sym(META-INF/sym/rt.jar/java/io/BufferedOutputStream.class)]]
2026-09-12 19:03 -    commands.recompile - DEBUG - [wrote RegularFileObject[bin\minecraft\net\minecraft\src\NetworkManager.class]]
2026-09-12 19:03 -    commands.recompile - DEBUG - [checking net.minecraft.src.WorldClient]
2026-09-12 19:03 -    commands.recompile - DEBUG - [loading ZipFileIndexFileObject[C:\Program Files\Eclipse Adoptium\jdk-8.0.504.1-hotspot\lib\ct.sym(META-INF/sym/rt.jar/java/util/Deque.class)]]
2026-09-12 19:03 -    commands.recompile - DEBUG - [loading ZipFileIndexFileObject[C:\Program Files\Eclipse Adoptium\jdk-8.0.504.1-hotspot\lib\ct.sym(META-INF/sym/rt.jar/java/util/Queue.class)]]
2026-09-12 19:03 -    commands.recompile - DEBUG - [loading ZipFileIndexFileObject[C:\Program Files\Eclipse Adoptium\jdk-8.0.504.1-hotspot\lib\ct.sym(META-INF/sym/rt.jar/java/util/AbstractSequentialList.class)]]
2026-09-12 19:03 -    commands.recompile - DEBUG - [wrote RegularFileObject[bin\minecraft\net\minecraft\src\WorldClient.class]]
2026-09-12 19:03 -    commands.recompile - DEBUG - [checking net.minecraft.src.Packet14BlockDig]
2026-09-12 19:03 -    commands.recompile - DEBUG - [wrote RegularFileObject[bin\minecraft\net\minecraft\src\Packet14BlockDig.class]]
2026-09-12 19:03 -    commands.recompile - DEBUG - [checking net.minecraft.src.Packet15Place]
2026-09-12 19:03 -    commands.recompile - DEBUG - [wrote RegularFileObject[bin\minecraft\net\minecraft\src\Packet15Place.class]]
2026-09-12 19:03 -    commands.recompile - DEBUG - [checking net.minecraft.src.Packet16BlockItemSwitch]
2026-09-12 19:03 -    commands.recompile - DEBUG - [wrote RegularFileObject[bin\minecraft\net\minecraft\src\Packet16BlockItemSwitch.class]]
2026-09-12 19:03 -    commands.recompile - DEBUG - [checking net.minecraft.src.Packet19EntityAction]
2026-09-12 19:03 -    commands.recompile - DEBUG - [wrote RegularFileObject[bin\minecraft\net\minecraft\src\Packet19EntityAction.class]]
2026-09-12 19:03 -    commands.recompile - DEBUG - [checking net.minecraft.src.Packet7UseEntity]
2026-09-12 19:03 -    commands.recompile - DEBUG - [wrote RegularFileObject[bin\minecraft\net\minecraft\src\Packet7UseEntity.class]]
2026-09-12 19:03 -    commands.recompile - DEBUG - [checking net.minecraft.src.Packet102WindowClick]
2026-09-12 19:03 -    commands.recompile - DEBUG - [wrote RegularFileObject[bin\minecraft\net\minecraft\src\Packet102WindowClick.class]]
2026-09-12 19:03 -    commands.recompile - DEBUG - [checking net.minecraft.src.Packet27Position]
2026-09-12 19:03 -    commands.recompile - DEBUG - [wrote RegularFileObject[bin\minecraft\net\minecraft\src\Packet27Position.class]]
2026-09-12 19:03 -    commands.recompile - DEBUG - [checking net.minecraft.src.ICamera]
2026-09-12 19:03 -    commands.recompile - DEBUG - [wrote RegularFileObject[bin\minecraft\net\minecraft\src\ICamera.class]]
2026-09-12 19:03 -    commands.recompile - DEBUG - [checking net.minecraft.src.WorldRenderer]
2026-09-12 19:03 -    commands.recompile - DEBUG - [wrote RegularFileObject[bin\minecraft\net\minecraft\src\WorldRenderer.class]]
2026-09-12 19:03 -    commands.recompile - DEBUG - [checking net.minecraft.src.RenderBlocks]
2026-09-12 19:03 -    commands.recompile - DEBUG - [wrote RegularFileObject[bin\minecraft\net\minecraft\src\RenderBlocks.class]]
2026-09-12 19:03 -    commands.recompile - DEBUG - [checking net.minecraft.src.RenderList]
2026-09-12 19:03 -    commands.recompile - DEBUG - [wrote RegularFileObject[bin\minecraft\net\minecraft\src\RenderList.class]]
2026-09-12 19:03 -    commands.recompile - DEBUG - [checking net.minecraft.src.MovementInput]
2026-09-12 19:03 -    commands.recompile - DEBUG - [wrote RegularFileObject[bin\minecraft\net\minecraft\src\MovementInput.class]]
2026-09-12 19:03 -    commands.recompile - DEBUG - [checking net.minecraft.src.MouseFilter]
2026-09-12 19:03 -    commands.recompile - DEBUG - [wrote RegularFileObject[bin\minecraft\net\minecraft\src\MouseFilter.class]]
2026-09-12 19:03 -    commands.recompile - DEBUG - [checking net.minecraft.src.EntityFX]
2026-09-12 19:03 -    commands.recompile - DEBUG - [wrote RegularFileObject[bin\minecraft\net\minecraft\src\EntityFX.class]]
2026-09-12 19:03 -    commands.recompile - DEBUG - [checking net.minecraft.src.ImageBuffer]
2026-09-12 19:03 -    commands.recompile - DEBUG - [wrote RegularFileObject[bin\minecraft\net\minecraft\src\ImageBuffer.class]]
2026-09-12 19:03 -    commands.recompile - DEBUG - [checking net.minecraft.src.ThreadDownloadImageData]
2026-09-12 19:03 -    commands.recompile - DEBUG - [wrote RegularFileObject[bin\minecraft\net\minecraft\src\ThreadDownloadImageData.class]]
2026-09-12 19:03 -    commands.recompile - DEBUG - [checking net.minecraft.src.ItemRenderer]
2026-09-12 19:03 -    commands.recompile - DEBUG - [wrote RegularFileObject[bin\minecraft\net\minecraft\src\ItemRenderer.class]]
2026-09-12 19:03 -    commands.recompile - DEBUG - [checking net.minecraft.src.Achievement]
2026-09-12 19:03 -    commands.recompile - DEBUG - [wrote RegularFileObject[bin\minecraft\net\minecraft\src\Achievement.class]]
2026-09-12 19:03 -    commands.recompile - DEBUG - [checking net.minecraft.src.RenderItem]
2026-09-12 19:03 -    commands.recompile - DEBUG - [checking net.minecraft.src.Render]
2026-09-12 19:03 -    commands.recompile - DEBUG - [wrote RegularFileObject[bin\minecraft\net\minecraft\src\RenderItem.class]]
2026-09-12 19:03 -    commands.recompile - DEBUG - [wrote RegularFileObject[bin\minecraft\net\minecraft\src\Render.class]]
2026-09-12 19:03 -    commands.recompile - DEBUG - [checking net.minecraft.src.ModelRenderer]
2026-09-12 19:03 -    commands.recompile - DEBUG - [wrote RegularFileObject[bin\minecraft\net\minecraft\src\ModelRenderer.class]]
2026-09-12 19:03 -    commands.recompile - DEBUG - [checking net.minecraft.src.EnumMovingObjectType]
2026-09-12 19:03 -    commands.recompile - DEBUG - [wrote RegularFileObject[bin\minecraft\net\minecraft\src\EnumMovingObjectType.class]]
2026-09-12 19:03 -    commands.recompile - DEBUG - [checking net.minecraft.src.EnumOptions]
2026-09-12 19:03 -    commands.recompile - DEBUG - [wrote RegularFileObject[bin\minecraft\net\minecraft\src\EnumOptions.class]]
2026-09-12 19:03 -    commands.recompile - DEBUG - [checking net.minecraft.src.KeyBinding]
2026-09-12 19:03 -    commands.recompile - DEBUG - [wrote RegularFileObject[bin\minecraft\net\minecraft\src\KeyBinding.class]]
2026-09-12 19:03 -    commands.recompile - DEBUG - [checking net.minecraft.src.SoundPool]
2026-09-12 19:03 -    commands.recompile - DEBUG - [wrote RegularFileObject[bin\minecraft\net\minecraft\src\SoundPool.class]]
2026-09-12 19:03 -    commands.recompile - DEBUG - [checking net.minecraft.src.TexturePackBase]
2026-09-12 19:03 -    commands.recompile - DEBUG - [wrote RegularFileObject[bin\minecraft\net\minecraft\src\TexturePackBase.class]]
2026-09-12 19:03 -    commands.recompile - DEBUG - [checking net.minecraft.src.StatsSyncher]
2026-09-12 19:03 -    commands.recompile - DEBUG - [wrote RegularFileObject[bin\minecraft\net\minecraft\src\StatsSyncher.class]]
2026-09-12 19:03 -    commands.recompile - DEBUG - [checking net.minecraft.src.IChunkLoader]
2026-09-12 19:03 -    commands.recompile - DEBUG - [wrote RegularFileObject[bin\minecraft\net\minecraft\src\IChunkLoader.class]]
2026-09-12 19:03 -    commands.recompile - DEBUG - [checking net.minecraft.src.ChunkCoordIntPair]
2026-09-12 19:03 -    commands.recompile - DEBUG - [wrote RegularFileObject[bin\minecraft\net\minecraft\src\ChunkCoordIntPair.class]]
2026-09-12 19:03 -    commands.recompile - DEBUG - [checking net.minecraft.src.BiomeGenBase]
2026-09-12 19:03 -    commands.recompile - DEBUG - [wrote RegularFileObject[bin\minecraft\net\minecraft\src\BiomeGenBase.class]]
2026-09-12 19:03 -    commands.recompile - DEBUG - [checking net.minecraft.src.NoiseGeneratorOctaves2]
2026-09-12 19:03 -    commands.recompile - DEBUG - [checking net.minecraft.src.NoiseGenerator]
2026-09-12 19:03 -    commands.recompile - DEBUG - [wrote RegularFileObject[bin\minecraft\net\minecraft\src\NoiseGeneratorOctaves2.class]]
2026-09-12 19:03 -    commands.recompile - DEBUG - [wrote RegularFileObject[bin\minecraft\net\minecraft\src\NoiseGenerator.class]]
2026-09-12 19:03 -    commands.recompile - DEBUG - [checking net.minecraft.src.NibbleArray]
2026-09-12 19:03 -    commands.recompile - DEBUG - [wrote RegularFileObject[bin\minecraft\net\minecraft\src\NibbleArray.class]]
2026-09-12 19:03 -    commands.recompile - DEBUG - [checking net.minecraft.src.MapColor]
2026-09-12 19:03 -    commands.recompile - DEBUG - [wrote RegularFileObject[bin\minecraft\net\minecraft\src\MapColor.class]]
2026-09-12 19:03 -    commands.recompile - DEBUG - [checking net.minecraft.src.PathPoint]
2026-09-12 19:03 -    commands.recompile - DEBUG - [wrote RegularFileObject[bin\minecraft\net\minecraft\src\PathPoint.class]]
2026-09-12 19:03 -    commands.recompile - DEBUG - [checking net.minecraft.src.Item]
2026-09-12 19:03 -    commands.recompile - DEBUG - [wrote RegularFileObject[bin\minecraft\net\minecraft\src\Item.class]]
2026-09-12 19:03 -    commands.recompile - DEBUG - [checking net.minecraft.src.StepSound]
2026-09-12 19:03 -    commands.recompile - DEBUG - [wrote RegularFileObject[bin\minecraft\net\minecraft\src\StepSound.class]]
2026-09-12 19:03 -    commands.recompile - DEBUG - [checking net.minecraft.src.BlockGrass]
2026-09-12 19:03 -    commands.recompile - DEBUG - [wrote RegularFileObject[bin\minecraft\net\minecraft\src\BlockGrass.class]]
2026-09-12 19:03 -    commands.recompile - DEBUG - [checking net.minecraft.src.BlockLeaves]
2026-09-12 19:03 -    commands.recompile - DEBUG - [checking net.minecraft.src.BlockLeavesBase]
2026-09-12 19:03 -    commands.recompile - DEBUG - [wrote RegularFileObject[bin\minecraft\net\minecraft\src\BlockLeaves.class]]
2026-09-12 19:03 -    commands.recompile - DEBUG - [wrote RegularFileObject[bin\minecraft\net\minecraft\src\BlockLeavesBase.class]]
2026-09-12 19:03 -    commands.recompile - DEBUG - [checking net.minecraft.src.BlockTallGrass]
2026-09-12 19:03 -    commands.recompile - DEBUG - [checking net.minecraft.src.BlockFlower]
2026-09-12 19:03 -    commands.recompile - DEBUG - [wrote RegularFileObject[bin\minecraft\net\minecraft\src\BlockTallGrass.class]]
2026-09-12 19:03 -    commands.recompile - DEBUG - [wrote RegularFileObject[bin\minecraft\net\minecraft\src\BlockFlower.class]]
2026-09-12 19:03 -    commands.recompile - DEBUG - [checking net.minecraft.src.BlockDeadBush]
2026-09-12 19:03 -    commands.recompile - DEBUG - [wrote RegularFileObject[bin\minecraft\net\minecraft\src\BlockDeadBush.class]]
2026-09-12 19:03 -    commands.recompile - DEBUG - [checking net.minecraft.src.BlockPistonExtension]
2026-09-12 19:03 -    commands.recompile - DEBUG - [wrote RegularFileObject[bin\minecraft\net\minecraft\src\BlockPistonExtension.class]]
2026-09-12 19:03 -    commands.recompile - DEBUG - [checking net.minecraft.src.BlockPistonMoving]
2026-09-12 19:03 -    commands.recompile - DEBUG - [checking net.minecraft.src.BlockContainer]
2026-09-12 19:03 -    commands.recompile - DEBUG - [wrote RegularFileObject[bin\minecraft\net\minecraft\src\BlockPistonMoving.class]]
2026-09-12 19:03 -    commands.recompile - DEBUG - [wrote RegularFileObject[bin\minecraft\net\minecraft\src\BlockContainer.class]]
2026-09-12 19:03 -    commands.recompile - DEBUG - [checking net.minecraft.src.BlockFire]
2026-09-12 19:03 -    commands.recompile - DEBUG - [wrote RegularFileObject[bin\minecraft\net\minecraft\src\BlockFire.class]]
2026-09-12 19:03 -    commands.recompile - DEBUG - [checking net.minecraft.src.BlockPortal]
2026-09-12 19:03 -    commands.recompile - DEBUG - [checking net.minecraft.src.BlockBreakable]
2026-09-12 19:03 -    commands.recompile - DEBUG - [wrote RegularFileObject[bin\minecraft\net\minecraft\src\BlockPortal.class]]
2026-09-12 19:03 -    commands.recompile - DEBUG - [wrote RegularFileObject[bin\minecraft\net\minecraft\src\BlockBreakable.class]]
2026-09-12 19:03 -    commands.recompile - DEBUG - [checking net.minecraft.src.IStatType]
2026-09-12 19:03 -    commands.recompile - DEBUG - [wrote RegularFileObject[bin\minecraft\net\minecraft\src\IStatType.class]]
2026-09-12 19:03 -    commands.recompile - DEBUG - [checking net.minecraft.src.Slot]
2026-09-12 19:03 -    commands.recompile - DEBUG - [wrote RegularFileObject[bin\minecraft\net\minecraft\src\Slot.class]]
2026-09-12 19:03 -    commands.recompile - DEBUG - [checking net.minecraft.src.WatchableObject]
2026-09-12 19:03 -    commands.recompile - DEBUG - [wrote RegularFileObject[bin\minecraft\net\minecraft\src\WatchableObject.class]]
2026-09-12 19:03 -    commands.recompile - DEBUG - [checking net.minecraft.src.EntityPainting]
2026-09-12 19:03 -    commands.recompile - DEBUG - [wrote RegularFileObject[bin\minecraft\net\minecraft\src\EntityPainting.class]]
2026-09-12 19:03 -    commands.recompile - DEBUG - [checking net.minecraft.src.ChunkProviderClient]
2026-09-12 19:03 -    commands.recompile - DEBUG - [wrote RegularFileObject[bin\minecraft\net\minecraft\src\ChunkProviderClient.class]]
2026-09-12 19:03 -    commands.recompile - DEBUG - [checking net.minecraft.src.MCHash]
2026-09-12 19:03 -    commands.recompile - DEBUG - [wrote RegularFileObject[bin\minecraft\net\minecraft\src\MCHash.class]]
2026-09-12 19:03 -    commands.recompile - DEBUG - [checking net.minecraft.src.Tessellator]
2026-09-12 19:03 -    commands.recompile - DEBUG - [loading ZipFileIndexFileObject[jars\bin\lwjgl.jar(org/lwjgl/opengl/ARBVertexBufferObject.class)]]
2026-09-12 19:03 -    commands.recompile - DEBUG - [loading ZipFileIndexFileObject[jars\bin\lwjgl.jar(org/lwjgl/opengl/ARBBufferObject.class)]]
2026-09-12 19:03 -    commands.recompile - DEBUG - [loading ZipFileIndexFileObject[C:\Program Files\Eclipse Adoptium\jdk-8.0.504.1-hotspot\lib\ct.sym(META-INF/sym/rt.jar/java/nio/ByteOrder.class)]]
2026-09-12 19:03 -    commands.recompile - DEBUG - [wrote RegularFileObject[bin\minecraft\net\minecraft\src\Tessellator.class]]
2026-09-12 19:03 -    commands.recompile - DEBUG - [checking net.minecraft.src.BlockRail]
2026-09-12 19:03 -    commands.recompile - DEBUG - [wrote RegularFileObject[bin\minecraft\net\minecraft\src\BlockRail.class]]
2026-09-12 19:03 -    commands.recompile - DEBUG - [checking net.minecraft.src.MapItemRenderer]
2026-09-12 19:03 -    commands.recompile - DEBUG - [wrote RegularFileObject[bin\minecraft\net\minecraft\src\MapItemRenderer.class]]
2026-09-12 19:03 -    commands.recompile - DEBUG - [checking net.minecraft.src.IStatStringFormat]
2026-09-12 19:03 -    commands.recompile - DEBUG - [wrote RegularFileObject[bin\minecraft\net\minecraft\src\IStatStringFormat.class]]
2026-09-12 19:03 -    commands.recompile - DEBUG - [checking net.minecraft.src.RenderManager]
2026-09-12 19:03 -    commands.recompile - DEBUG - [wrote RegularFileObject[bin\minecraft\net\minecraft\src\RenderManager.class]]
2026-09-12 19:03 -    commands.recompile - DEBUG - [checking net.minecraft.src.PositionTextureVertex]
2026-09-12 19:03 -    commands.recompile - DEBUG - [wrote RegularFileObject[bin\minecraft\net\minecraft\src\PositionTextureVertex.class]]
2026-09-12 19:03 -    commands.recompile - DEBUG - [checking net.minecraft.src.TexturedQuad]
2026-09-12 19:03 -    commands.recompile - DEBUG - [wrote RegularFileObject[bin\minecraft\net\minecraft\src\TexturedQuad.class]]
2026-09-12 19:03 -    commands.recompile - DEBUG - [checking net.minecraft.src.SoundPoolEntry]
2026-09-12 19:03 -    commands.recompile - DEBUG - [wrote RegularFileObject[bin\minecraft\net\minecraft\src\SoundPoolEntry.class]]
2026-09-12 19:03 -    commands.recompile - DEBUG - [checking net.minecraft.src.WorldGenerator]
2026-09-12 19:03 -    commands.recompile - DEBUG - [wrote RegularFileObject[bin\minecraft\net\minecraft\src\WorldGenerator.class]]
2026-09-12 19:03 -    commands.recompile - DEBUG - [checking net.minecraft.src.EnumCreatureType]
2026-09-12 19:03 -    commands.recompile - DEBUG - [wrote RegularFileObject[bin\minecraft\net\minecraft\src\EnumCreatureType.class]]
2026-09-12 19:03 -    commands.recompile - DEBUG - [checking net.minecraft.src.NoiseGenerator2]
2026-09-12 19:03 -    commands.recompile - DEBUG - [wrote RegularFileObject[bin\minecraft\net\minecraft\src\NoiseGenerator2.class]]
2026-09-12 19:03 -    commands.recompile - DEBUG - [checking net.minecraft.src.ItemMap]
2026-09-12 19:03 -    commands.recompile - DEBUG - [checking net.minecraft.src.ItemMapBase]
2026-09-12 19:03 -    commands.recompile - DEBUG - [wrote RegularFileObject[bin\minecraft\net\minecraft\src\ItemMap.class]]
2026-09-12 19:03 -    commands.recompile - DEBUG - [wrote RegularFileObject[bin\minecraft\net\minecraft\src\ItemMapBase.class]]
2026-09-12 19:03 -    commands.recompile - DEBUG - [checking net.minecraft.src.ItemShears]
2026-09-12 19:03 -    commands.recompile - DEBUG - [wrote RegularFileObject[bin\minecraft\net\minecraft\src\ItemShears.class]]
2026-09-12 19:03 -    commands.recompile - DEBUG - [checking net.minecraft.src.TileEntityPiston]
2026-09-12 19:03 -    commands.recompile - DEBUG - [wrote RegularFileObject[bin\minecraft\net\minecraft\src\TileEntityPiston.class]]
2026-09-12 19:03 -    commands.recompile - DEBUG - [checking net.minecraft.src.EnumArt]
2026-09-12 19:03 -    commands.recompile - DEBUG - [wrote RegularFileObject[bin\minecraft\net\minecraft\src\EnumArt.class]]
2026-09-12 19:03 -    commands.recompile - DEBUG - [checking net.minecraft.src.MCHashEntry]
2026-09-12 19:03 -    commands.recompile - DEBUG - [wrote RegularFileObject[bin\minecraft\net\minecraft\src\MCHashEntry.class]]
2026-09-12 19:03 -    commands.recompile - DEBUG - [checking net.minecraft.src.MapData]
2026-09-12 19:03 -    commands.recompile - DEBUG - [wrote RegularFileObject[bin\minecraft\net\minecraft\src\MapData.class]]
2026-09-12 19:03 -    commands.recompile - DEBUG - [checking net.minecraft.isom.IsomPreviewApplet]
2026-09-12 19:03 -    commands.recompile - DEBUG - [wrote RegularFileObject[bin\minecraft\net\minecraft\isom\IsomPreviewApplet.class]]
2026-09-12 19:03 -    commands.recompile - DEBUG - [checking net.minecraft.src.CanvasIsomPreview]
2026-09-12 19:03 -    commands.recompile - DEBUG - [loading ZipFileIndexFileObject[C:\Program Files\Eclipse Adoptium\jdk-8.0.504.1-hotspot\lib\ct.sym(META-INF/sym/rt.jar/java/awt/geom/AffineTransform.class)]]
2026-09-12 19:03 -    commands.recompile - DEBUG - [loading ZipFileIndexFileObject[C:\Program Files\Eclipse Adoptium\jdk-8.0.504.1-hotspot\lib\ct.sym(META-INF/sym/rt.jar/java/awt/RenderingHints$Key.class)]]
2026-09-12 19:03 -    commands.recompile - DEBUG - [loading ZipFileIndexFileObject[C:\Program Files\Eclipse Adoptium\jdk-8.0.504.1-hotspot\lib\ct.sym(META-INF/sym/rt.jar/java/awt/image/BufferedImageOp.class)]]
2026-09-12 19:03 -    commands.recompile - DEBUG - [loading ZipFileIndexFileObject[C:\Program Files\Eclipse Adoptium\jdk-8.0.504.1-hotspot\lib\ct.sym(META-INF/sym/rt.jar/java/awt/event/InputEvent.class)]]
2026-09-12 19:03 -    commands.recompile - DEBUG - [loading ZipFileIndexFileObject[C:\Program Files\Eclipse Adoptium\jdk-8.0.504.1-hotspot\lib\ct.sym(META-INF/sym/rt.jar/java/awt/event/ComponentEvent.class)]]
2026-09-12 19:03 -    commands.recompile - DEBUG - [loading ZipFileIndexFileObject[C:\Program Files\Eclipse Adoptium\jdk-8.0.504.1-hotspot\lib\ct.sym(META-INF/sym/rt.jar/java/awt/AWTEvent.class)]]
2026-09-12 19:03 -    commands.recompile - DEBUG - [loading ZipFileIndexFileObject[C:\Program Files\Eclipse Adoptium\jdk-8.0.504.1-hotspot\lib\ct.sym(META-INF/sym/rt.jar/java/util/EventObject.class)]]
2026-09-12 19:03 -    commands.recompile - DEBUG - [wrote RegularFileObject[bin\minecraft\net\minecraft\src\CanvasIsomPreview.class]]
2026-09-12 19:03 -    commands.recompile - DEBUG - [checking net.minecraft.src.EnumOS1]
2026-09-12 19:03 -    commands.recompile - DEBUG - [wrote RegularFileObject[bin\minecraft\net\minecraft\src\EnumOS1.class]]
2026-09-12 19:03 -    commands.recompile - DEBUG - [checking net.minecraft.src.IsoImageBuffer]
2026-09-12 19:03 -    commands.recompile - DEBUG - [wrote RegularFileObject[bin\minecraft\net\minecraft\src\IsoImageBuffer.class]]
2026-09-12 19:03 -    commands.recompile - DEBUG - [checking net.minecraft.src.AchievementList]
2026-09-12 19:03 -    commands.recompile - DEBUG - [wrote RegularFileObject[bin\minecraft\net\minecraft\src\AchievementList.class]]
2026-09-12 19:03 -    commands.recompile - DEBUG - [checking net.minecraft.src.AchievementMap]
2026-09-12 19:03 -    commands.recompile - DEBUG - [wrote RegularFileObject[bin\minecraft\net\minecraft\src\AchievementMap.class]]
2026-09-12 19:03 -    commands.recompile - DEBUG - [checking net.minecraft.src.BiomeGenDesert]
2026-09-12 19:03 -    commands.recompile - DEBUG - [wrote RegularFileObject[bin\minecraft\net\minecraft\src\BiomeGenDesert.class]]
2026-09-12 19:03 -    commands.recompile - DEBUG - [checking net.minecraft.src.BiomeGenForest]
2026-09-12 19:03 -    commands.recompile - DEBUG - [wrote RegularFileObject[bin\minecraft\net\minecraft\src\BiomeGenForest.class]]
2026-09-12 19:03 -    commands.recompile - DEBUG - [checking net.minecraft.src.BiomeGenHell]
2026-09-12 19:03 -    commands.recompile - DEBUG - [wrote RegularFileObject[bin\minecraft\net\minecraft\src\BiomeGenHell.class]]
2026-09-12 19:03 -    commands.recompile - DEBUG - [checking net.minecraft.src.BiomeGenRainforest]
2026-09-12 19:03 -    commands.recompile - DEBUG - [wrote RegularFileObject[bin\minecraft\net\minecraft\src\BiomeGenRainforest.class]]
2026-09-12 19:03 -    commands.recompile - DEBUG - [checking net.minecraft.src.BiomeGenSky]
2026-09-12 19:03 -    commands.recompile - DEBUG - [wrote RegularFileObject[bin\minecraft\net\minecraft\src\BiomeGenSky.class]]
2026-09-12 19:03 -    commands.recompile - DEBUG - [checking net.minecraft.src.BiomeGenSwamp]
2026-09-12 19:03 -    commands.recompile - DEBUG - [wrote RegularFileObject[bin\minecraft\net\minecraft\src\BiomeGenSwamp.class]]
2026-09-12 19:03 -    commands.recompile - DEBUG - [checking net.minecraft.src.BiomeGenTaiga]
2026-09-12 19:03 -    commands.recompile - DEBUG - [wrote RegularFileObject[bin\minecraft\net\minecraft\src\BiomeGenTaiga.class]]
2026-09-12 19:03 -    commands.recompile - DEBUG - [checking net.minecraft.src.BlockBed]
2026-09-12 19:03 -    commands.recompile - DEBUG - [wrote RegularFileObject[bin\minecraft\net\minecraft\src\BlockBed.class]]
2026-09-12 19:03 -    commands.recompile - DEBUG - [checking net.minecraft.src.BlockBookshelf]
2026-09-12 19:03 -    commands.recompile - DEBUG - [wrote RegularFileObject[bin\minecraft\net\minecraft\src\BlockBookshelf.class]]
2026-09-12 19:03 -    commands.recompile - DEBUG - [checking net.minecraft.src.BlockButton]
2026-09-12 19:03 -    commands.recompile - DEBUG - [wrote RegularFileObject[bin\minecraft\net\minecraft\src\BlockButton.class]]
2026-09-12 19:03 -    commands.recompile - DEBUG - [checking net.minecraft.src.BlockCactus]
2026-09-12 19:03 -    commands.recompile - DEBUG - [wrote RegularFileObject[bin\minecraft\net\minecraft\src\BlockCactus.class]]
2026-09-12 19:03 -    commands.recompile - DEBUG - [checking net.minecraft.src.BlockCake]
2026-09-12 19:03 -    commands.recompile - DEBUG - [wrote RegularFileObject[bin\minecraft\net\minecraft\src\BlockCake.class]]
2026-09-12 19:03 -    commands.recompile - DEBUG - [checking net.minecraft.src.BlockChest]
2026-09-12 19:03 -    commands.recompile - DEBUG - [wrote RegularFileObject[bin\minecraft\net\minecraft\src\BlockChest.class]]
2026-09-12 19:03 -    commands.recompile - DEBUG - [checking net.minecraft.src.BlockClay]
2026-09-12 19:03 -    commands.recompile - DEBUG - [wrote RegularFileObject[bin\minecraft\net\minecraft\src\BlockClay.class]]
2026-09-12 19:03 -    commands.recompile - DEBUG - [checking net.minecraft.src.BlockCloth]
2026-09-12 19:03 -    commands.recompile - DEBUG - [wrote RegularFileObject[bin\minecraft\net\minecraft\src\BlockCloth.class]]
2026-09-12 19:03 -    commands.recompile - DEBUG - [checking net.minecraft.src.BlockCrops]
2026-09-12 19:03 -    commands.recompile - DEBUG - [wrote RegularFileObject[bin\minecraft\net\minecraft\src\BlockCrops.class]]
2026-09-12 19:03 -    commands.recompile - DEBUG - [checking net.minecraft.src.BlockDetectorRail]
2026-09-12 19:03 -    commands.recompile - DEBUG - [wrote RegularFileObject[bin\minecraft\net\minecraft\src\BlockDetectorRail.class]]
2026-09-12 19:03 -    commands.recompile - DEBUG - [checking net.minecraft.src.BlockDirt]
2026-09-12 19:03 -    commands.recompile - DEBUG - [wrote RegularFileObject[bin\minecraft\net\minecraft\src\BlockDirt.class]]
2026-09-12 19:03 -    commands.recompile - DEBUG - [checking net.minecraft.src.BlockDispenser]
2026-09-12 19:03 -    commands.recompile - DEBUG - [wrote RegularFileObject[bin\minecraft\net\minecraft\src\BlockDispenser.class]]
2026-09-12 19:03 -    commands.recompile - DEBUG - [checking net.minecraft.src.BlockDoor]
2026-09-12 19:03 -    commands.recompile - DEBUG - [wrote RegularFileObject[bin\minecraft\net\minecraft\src\BlockDoor.class]]
2026-09-12 19:03 -    commands.recompile - DEBUG - [checking net.minecraft.src.BlockFarmland]
2026-09-12 19:03 -    commands.recompile - DEBUG - [wrote RegularFileObject[bin\minecraft\net\minecraft\src\BlockFarmland.class]]
2026-09-12 19:03 -    commands.recompile - DEBUG - [checking net.minecraft.src.BlockFence]
2026-09-12 19:03 -    commands.recompile - DEBUG - [wrote RegularFileObject[bin\minecraft\net\minecraft\src\BlockFence.class]]
2026-09-12 19:03 -    commands.recompile - DEBUG - [checking net.minecraft.src.BlockFlowing]
2026-09-12 19:03 -    commands.recompile - DEBUG - [checking net.minecraft.src.BlockFluid]
2026-09-12 19:03 -    commands.recompile - DEBUG - [wrote RegularFileObject[bin\minecraft\net\minecraft\src\BlockFlowing.class]]
2026-09-12 19:03 -    commands.recompile - DEBUG - [wrote RegularFileObject[bin\minecraft\net\minecraft\src\BlockFluid.class]]
2026-09-12 19:03 -    commands.recompile - DEBUG - [checking net.minecraft.src.BlockFurnace]
2026-09-12 19:03 -    commands.recompile - DEBUG - [wrote RegularFileObject[bin\minecraft\net\minecraft\src\BlockFurnace.class]]
2026-09-12 19:03 -    commands.recompile - DEBUG - [checking net.minecraft.src.BlockGlass]
2026-09-12 19:03 -    commands.recompile - DEBUG - [wrote RegularFileObject[bin\minecraft\net\minecraft\src\BlockGlass.class]]
2026-09-12 19:03 -    commands.recompile - DEBUG - [checking net.minecraft.src.BlockGlowStone]
2026-09-12 19:03 -    commands.recompile - DEBUG - [wrote RegularFileObject[bin\minecraft\net\minecraft\src\BlockGlowStone.class]]
2026-09-12 19:03 -    commands.recompile - DEBUG - [checking net.minecraft.src.BlockGravel]
2026-09-12 19:03 -    commands.recompile - DEBUG - [checking net.minecraft.src.BlockSand]
2026-09-12 19:03 -    commands.recompile - DEBUG - [wrote RegularFileObject[bin\minecraft\net\minecraft\src\BlockGravel.class]]
2026-09-12 19:03 -    commands.recompile - DEBUG - [wrote RegularFileObject[bin\minecraft\net\minecraft\src\BlockSand.class]]
2026-09-12 19:03 -    commands.recompile - DEBUG - [checking net.minecraft.src.BlockHay]
2026-09-12 19:03 -    commands.recompile - DEBUG - [wrote RegularFileObject[bin\minecraft\net\minecraft\src\BlockHay.class]]
2026-09-12 19:03 -    commands.recompile - DEBUG - [checking net.minecraft.src.BlockHearth]
2026-09-12 19:03 -    commands.recompile - DEBUG - [wrote RegularFileObject[bin\minecraft\net\minecraft\src\BlockHearth.class]]
2026-09-12 19:03 -    commands.recompile - DEBUG - [checking net.minecraft.src.BlockIce]
2026-09-12 19:03 -    commands.recompile - DEBUG - [wrote RegularFileObject[bin\minecraft\net\minecraft\src\BlockIce.class]]
2026-09-12 19:03 -    commands.recompile - DEBUG - [checking net.minecraft.src.BlockJukeBox]
2026-09-12 19:03 -    commands.recompile - DEBUG - [wrote RegularFileObject[bin\minecraft\net\minecraft\src\BlockJukeBox.class]]
2026-09-12 19:03 -    commands.recompile - DEBUG - [checking net.minecraft.src.BlockLadder]
2026-09-12 19:03 -    commands.recompile - DEBUG - [wrote RegularFileObject[bin\minecraft\net\minecraft\src\BlockLadder.class]]
2026-09-12 19:03 -    commands.recompile - DEBUG - [checking net.minecraft.src.BlockLever]
2026-09-12 19:03 -    commands.recompile - DEBUG - [wrote RegularFileObject[bin\minecraft\net\minecraft\src\BlockLever.class]]
2026-09-12 19:03 -    commands.recompile - DEBUG - [checking net.minecraft.src.BlockLockedChest]
2026-09-12 19:03 -    commands.recompile - DEBUG - [wrote RegularFileObject[bin\minecraft\net\minecraft\src\BlockLockedChest.class]]
2026-09-12 19:03 -    commands.recompile - DEBUG - [checking net.minecraft.src.BlockLog]
2026-09-12 19:03 -    commands.recompile - DEBUG - [wrote RegularFileObject[bin\minecraft\net\minecraft\src\BlockLog.class]]
2026-09-12 19:03 -    commands.recompile - DEBUG - [checking net.minecraft.src.BlockMobSpawner]
2026-09-12 19:03 -    commands.recompile - DEBUG - [wrote RegularFileObject[bin\minecraft\net\minecraft\src\BlockMobSpawner.class]]
2026-09-12 19:03 -    commands.recompile - DEBUG - [checking net.minecraft.src.BlockMushroom]
2026-09-12 19:03 -    commands.recompile - DEBUG - [wrote RegularFileObject[bin\minecraft\net\minecraft\src\BlockMushroom.class]]
2026-09-12 19:03 -    commands.recompile - DEBUG - [checking net.minecraft.src.BlockNetherrack]
2026-09-12 19:03 -    commands.recompile - DEBUG - [wrote RegularFileObject[bin\minecraft\net\minecraft\src\BlockNetherrack.class]]
2026-09-12 19:03 -    commands.recompile - DEBUG - [checking net.minecraft.src.BlockNote]
2026-09-12 19:03 -    commands.recompile - DEBUG - [wrote RegularFileObject[bin\minecraft\net\minecraft\src\BlockNote.class]]
2026-09-12 19:03 -    commands.recompile - DEBUG - [checking net.minecraft.src.BlockObsidian]
2026-09-12 19:03 -    commands.recompile - DEBUG - [checking net.minecraft.src.BlockStone]
2026-09-12 19:03 -    commands.recompile - DEBUG - [wrote RegularFileObject[bin\minecraft\net\minecraft\src\BlockObsidian.class]]
2026-09-12 19:03 -    commands.recompile - DEBUG - [wrote RegularFileObject[bin\minecraft\net\minecraft\src\BlockStone.class]]
2026-09-12 19:03 -    commands.recompile - DEBUG - [checking net.minecraft.src.BlockOre]
2026-09-12 19:03 -    commands.recompile - DEBUG - [wrote RegularFileObject[bin\minecraft\net\minecraft\src\BlockOre.class]]
2026-09-12 19:03 -    commands.recompile - DEBUG - [checking net.minecraft.src.BlockOreStorage]
2026-09-12 19:03 -    commands.recompile - DEBUG - [wrote RegularFileObject[bin\minecraft\net\minecraft\src\BlockOreStorage.class]]
2026-09-12 19:03 -    commands.recompile - DEBUG - [checking net.minecraft.src.BlockPillar]
2026-09-12 19:03 -    commands.recompile - DEBUG - [wrote RegularFileObject[bin\minecraft\net\minecraft\src\BlockPillar.class]]
2026-09-12 19:03 -    commands.recompile - DEBUG - [checking net.minecraft.src.BlockPistonBase]
2026-09-12 19:03 -    commands.recompile - DEBUG - [wrote RegularFileObject[bin\minecraft\net\minecraft\src\BlockPistonBase.class]]
2026-09-12 19:03 -    commands.recompile - DEBUG - [checking net.minecraft.src.BlockPressurePlate]
2026-09-12 19:03 -    commands.recompile - DEBUG - [wrote RegularFileObject[bin\minecraft\net\minecraft\src\BlockPressurePlate.class]]
2026-09-12 19:03 -    commands.recompile - DEBUG - [checking net.minecraft.src.EnumMobType]
2026-09-12 19:03 -    commands.recompile - DEBUG - [wrote RegularFileObject[bin\minecraft\net\minecraft\src\EnumMobType.class]]
2026-09-12 19:03 -    commands.recompile - DEBUG - [checking net.minecraft.src.BlockPumpkin]
2026-09-12 19:03 -    commands.recompile - DEBUG - [wrote RegularFileObject[bin\minecraft\net\minecraft\src\BlockPumpkin.class]]
2026-09-12 19:03 -    commands.recompile - DEBUG - [checking net.minecraft.src.BlockRedstoneOre]
2026-09-12 19:03 -    commands.recompile - DEBUG - [wrote RegularFileObject[bin\minecraft\net\minecraft\src\BlockRedstoneOre.class]]
2026-09-12 19:03 -    commands.recompile - DEBUG - [checking net.minecraft.src.BlockRedstoneRepeater]
2026-09-12 19:03 -    commands.recompile - DEBUG - [wrote RegularFileObject[bin\minecraft\net\minecraft\src\BlockRedstoneRepeater.class]]
2026-09-12 19:03 -    commands.recompile - DEBUG - [checking net.minecraft.src.BlockRedstoneTorch]
2026-09-12 19:03 -    commands.recompile - DEBUG - [checking net.minecraft.src.BlockTorch]
2026-09-12 19:03 -    commands.recompile - DEBUG - [wrote RegularFileObject[bin\minecraft\net\minecraft\src\BlockRedstoneTorch.class]]
2026-09-12 19:03 -    commands.recompile - DEBUG - [wrote RegularFileObject[bin\minecraft\net\minecraft\src\BlockTorch.class]]
2026-09-12 19:03 -    commands.recompile - DEBUG - [checking net.minecraft.src.BlockRedstoneWire]
2026-09-12 19:03 -    commands.recompile - DEBUG - [wrote RegularFileObject[bin\minecraft\net\minecraft\src\BlockRedstoneWire.class]]
2026-09-12 19:03 -    commands.recompile - DEBUG - [checking net.minecraft.src.BlockReed]
2026-09-12 19:03 -    commands.recompile - DEBUG - [wrote RegularFileObject[bin\minecraft\net\minecraft\src\BlockReed.class]]
2026-09-12 19:03 -    commands.recompile - DEBUG - [checking net.minecraft.src.BlockSandStone]
2026-09-12 19:03 -    commands.recompile - DEBUG - [wrote RegularFileObject[bin\minecraft\net\minecraft\src\BlockSandStone.class]]
2026-09-12 19:03 -    commands.recompile - DEBUG - [checking net.minecraft.src.BlockSapling]
2026-09-12 19:03 -    commands.recompile - DEBUG - [wrote RegularFileObject[bin\minecraft\net\minecraft\src\BlockSapling.class]]
2026-09-12 19:03 -    commands.recompile - DEBUG - [checking net.minecraft.src.BlockSign]
2026-09-12 19:03 -    commands.recompile - DEBUG - [wrote RegularFileObject[bin\minecraft\net\minecraft\src\BlockSign.class]]
2026-09-12 19:03 -    commands.recompile - DEBUG - [checking net.minecraft.src.BlockSnow]
2026-09-12 19:03 -    commands.recompile - DEBUG - [wrote RegularFileObject[bin\minecraft\net\minecraft\src\BlockSnow.class]]
2026-09-12 19:03 -    commands.recompile - DEBUG - [checking net.minecraft.src.BlockSnowBlock]
2026-09-12 19:03 -    commands.recompile - DEBUG - [wrote RegularFileObject[bin\minecraft\net\minecraft\src\BlockSnowBlock.class]]
2026-09-12 19:03 -    commands.recompile - DEBUG - [checking net.minecraft.src.BlockSoulSand]
2026-09-12 19:03 -    commands.recompile - DEBUG - [wrote RegularFileObject[bin\minecraft\net\minecraft\src\BlockSoulSand.class]]
2026-09-12 19:03 -    commands.recompile - DEBUG - [checking net.minecraft.src.BlockSponge]
2026-09-12 19:03 -    commands.recompile - DEBUG - [wrote RegularFileObject[bin\minecraft\net\minecraft\src\BlockSponge.class]]
2026-09-12 19:03 -    commands.recompile - DEBUG - [checking net.minecraft.src.BlockStairs]
2026-09-12 19:03 -    commands.recompile - DEBUG - [wrote RegularFileObject[bin\minecraft\net\minecraft\src\BlockStairs.class]]
2026-09-12 19:03 -    commands.recompile - DEBUG - [checking net.minecraft.src.BlockStationary]
2026-09-12 19:03 -    commands.recompile - DEBUG - [wrote RegularFileObject[bin\minecraft\net\minecraft\src\BlockStationary.class]]
2026-09-12 19:03 -    commands.recompile - DEBUG - [checking net.minecraft.src.BlockStep]
2026-09-12 19:03 -    commands.recompile - DEBUG - [wrote RegularFileObject[bin\minecraft\net\minecraft\src\BlockStep.class]]
2026-09-12 19:03 -    commands.recompile - DEBUG - [checking net.minecraft.src.BlockSticks]
2026-09-12 19:03 -    commands.recompile - DEBUG - [wrote RegularFileObject[bin\minecraft\net\minecraft\src\BlockSticks.class]]
2026-09-12 19:03 -    commands.recompile - DEBUG - [checking net.minecraft.src.BlockTNT]
2026-09-12 19:03 -    commands.recompile - DEBUG - [wrote RegularFileObject[bin\minecraft\net\minecraft\src\BlockTNT.class]]
2026-09-12 19:03 -    commands.recompile - DEBUG - [checking net.minecraft.src.BlockTrapDoor]
2026-09-12 19:03 -    commands.recompile - DEBUG - [wrote RegularFileObject[bin\minecraft\net\minecraft\src\BlockTrapDoor.class]]
2026-09-12 19:03 -    commands.recompile - DEBUG - [checking net.minecraft.src.BlockWeb]
2026-09-12 19:03 -    commands.recompile - DEBUG - [wrote RegularFileObject[bin\minecraft\net\minecraft\src\BlockWeb.class]]
2026-09-12 19:03 -    commands.recompile - DEBUG - [checking net.minecraft.src.BlockWorkbench]
2026-09-12 19:03 -    commands.recompile - DEBUG - [wrote RegularFileObject[bin\minecraft\net\minecraft\src\BlockWorkbench.class]]
2026-09-12 19:03 -    commands.recompile - DEBUG - [checking net.minecraft.src.CanvasCrashReport]
2026-09-12 19:03 -    commands.recompile - DEBUG - [wrote RegularFileObject[bin\minecraft\net\minecraft\src\CanvasCrashReport.class]]
2026-09-12 19:03 -    commands.recompile - DEBUG - [checking net.minecraft.src.CanvasMinecraftApplet]
2026-09-12 19:03 -    commands.recompile - DEBUG - [wrote RegularFileObject[bin\minecraft\net\minecraft\src\CanvasMinecraftApplet.class]]
2026-09-12 19:03 -    commands.recompile - DEBUG - [checking net.minecraft.src.CanvasMojangLogo]
2026-09-12 19:03 -    commands.recompile - DEBUG - [wrote RegularFileObject[bin\minecraft\net\minecraft\src\CanvasMojangLogo.class]]
2026-09-12 19:03 -    commands.recompile - DEBUG - [checking net.minecraft.src.ChatAllowedCharacters]
2026-09-12 19:03 -    commands.recompile - DEBUG - [loading ZipFileIndexFileObject[C:\Program Files\Eclipse Adoptium\jdk-8.0.504.1-hotspot\lib\ct.sym(META-INF/sym/rt.jar/java/nio/charset/CharsetDecoder.class)]]
2026-09-12 19:03 -    commands.recompile - DEBUG - [loading ZipFileIndexFileObject[C:\Program Files\Eclipse Adoptium\jdk-8.0.504.1-hotspot\lib\ct.sym(META-INF/sym/rt.jar/java/io/UnsupportedEncodingException.class)]]
2026-09-12 19:03 -    commands.recompile - DEBUG - [wrote RegularFileObject[bin\minecraft\net\minecraft\src\ChatAllowedCharacters.class]]
2026-09-12 19:03 -    commands.recompile - DEBUG - [checking net.minecraft.src.ChatLine]
2026-09-12 19:03 -    commands.recompile - DEBUG - [wrote RegularFileObject[bin\minecraft\net\minecraft\src\ChatLine.class]]
2026-09-12 19:03 -    commands.recompile - DEBUG - [checking net.minecraft.src.ChunkBlockMap]
2026-09-12 19:03 -    commands.recompile - DEBUG - [wrote RegularFileObject[bin\minecraft\net\minecraft\src\ChunkBlockMap.class]]
2026-09-12 19:03 -    commands.recompile - DEBUG - [checking net.minecraft.src.ChunkCache]
2026-09-12 19:03 -    commands.recompile - DEBUG - [wrote RegularFileObject[bin\minecraft\net\minecraft\src\ChunkCache.class]]
2026-09-12 19:03 -    commands.recompile - DEBUG - [checking net.minecraft.src.ChunkFile]
2026-09-12 19:03 -    commands.recompile - DEBUG - [loading ZipFileIndexFileObject[C:\Program Files\Eclipse Adoptium\jdk-8.0.504.1-hotspot\lib\ct.sym(META-INF/sym/rt.jar/java/util/regex/MatchResult.class)]]
2026-09-12 19:03 -    commands.recompile - DEBUG - [wrote RegularFileObject[bin\minecraft\net\minecraft\src\ChunkFile.class]]
2026-09-12 19:03 -    commands.recompile - DEBUG - [checking net.minecraft.src.ChunkFilePattern]
2026-09-12 19:03 -    commands.recompile - DEBUG - [wrote RegularFileObject[bin\minecraft\net\minecraft\src\ChunkFilePattern.class]]
2026-09-12 19:03 -    commands.recompile - DEBUG - [checking net.minecraft.src.Empty2]
2026-09-12 19:03 -    commands.recompile - DEBUG - [wrote RegularFileObject[bin\minecraft\net\minecraft\src\Empty2.class]]
2026-09-12 19:03 -    commands.recompile - DEBUG - [checking net.minecraft.src.ChunkFolderPattern]
2026-09-12 19:03 -    commands.recompile - DEBUG - [wrote RegularFileObject[bin\minecraft\net\minecraft\src\ChunkFolderPattern.class]]
2026-09-12 19:03 -    commands.recompile - DEBUG - [checking net.minecraft.src.ChunkLoader]
2026-09-12 19:03 -    commands.recompile - DEBUG - [wrote RegularFileObject[bin\minecraft\net\minecraft\src\ChunkLoader.class]]
2026-09-12 19:03 -    commands.recompile - DEBUG - [checking net.minecraft.src.ChunkPosition]
2026-09-12 19:03 -    commands.recompile - DEBUG - [wrote RegularFileObject[bin\minecraft\net\minecraft\src\ChunkPosition.class]]
2026-09-12 19:03 -    commands.recompile - DEBUG - [checking net.minecraft.src.ChunkProvider]
2026-09-12 19:03 -    commands.recompile - DEBUG - [wrote RegularFileObject[bin\minecraft\net\minecraft\src\ChunkProvider.class]]
2026-09-12 19:03 -    commands.recompile - DEBUG - [checking net.minecraft.src.ChunkProviderGenerate]
2026-09-12 19:03 -    commands.recompile - DEBUG - [wrote RegularFileObject[bin\minecraft\net\minecraft\src\ChunkProviderGenerate.class]]
2026-09-12 19:03 -    commands.recompile - DEBUG - [checking net.minecraft.src.NoiseGeneratorOctaves]
2026-09-12 19:03 -    commands.recompile - DEBUG - [wrote RegularFileObject[bin\minecraft\net\minecraft\src\NoiseGeneratorOctaves.class]]
2026-09-12 19:03 -    commands.recompile - DEBUG - [checking net.minecraft.src.MapGenBase]
2026-09-12 19:03 -    commands.recompile - DEBUG - [wrote RegularFileObject[bin\minecraft\net\minecraft\src\MapGenBase.class]]
2026-09-12 19:03 -    commands.recompile - DEBUG - [checking net.minecraft.src.NoiseGeneratorPerlin]
2026-09-12 19:03 -    commands.recompile - DEBUG - [wrote RegularFileObject[bin\minecraft\net\minecraft\src\NoiseGeneratorPerlin.class]]
2026-09-12 19:03 -    commands.recompile - DEBUG - [checking net.minecraft.src.ChunkProviderHell]
2026-09-12 19:03 -    commands.recompile - DEBUG - [wrote RegularFileObject[bin\minecraft\net\minecraft\src\ChunkProviderHell.class]]
2026-09-12 19:03 -    commands.recompile - DEBUG - [checking net.minecraft.src.ChunkProviderLoadOrGenerate]
2026-09-12 19:03 -    commands.recompile - DEBUG - [wrote RegularFileObject[bin\minecraft\net\minecraft\src\ChunkProviderLoadOrGenerate.class]]
2026-09-12 19:03 -    commands.recompile - DEBUG - [checking net.minecraft.src.ChunkProviderSky]
2026-09-12 19:03 -    commands.recompile - DEBUG - [wrote RegularFileObject[bin\minecraft\net\minecraft\src\ChunkProviderSky.class]]
2026-09-12 19:03 -    commands.recompile - DEBUG - [checking net.minecraft.src.ClippingHelper]
2026-09-12 19:03 -    commands.recompile - DEBUG - [wrote RegularFileObject[bin\minecraft\net\minecraft\src\ClippingHelper.class]]
2026-09-12 19:03 -    commands.recompile - DEBUG - [checking net.minecraft.src.ClippingHelperImpl]
2026-09-12 19:03 -    commands.recompile - DEBUG - [wrote RegularFileObject[bin\minecraft\net\minecraft\src\ClippingHelperImpl.class]]
2026-09-12 19:03 -    commands.recompile - DEBUG - [checking net.minecraft.src.CodecMus]
2026-09-12 19:03 -    commands.recompile - DEBUG - [loading ZipFileIndexFileObject[C:\Program Files\Eclipse Adoptium\jdk-8.0.504.1-hotspot\lib\ct.sym(META-INF/sym/rt.jar/java/net/URLConnection.class)]]
2026-09-12 19:03 -    commands.recompile - DEBUG - [wrote RegularFileObject[bin\minecraft\net\minecraft\src\CodecMus.class]]
2026-09-12 19:03 -    commands.recompile - DEBUG - [checking net.minecraft.src.ColorizerFoliage]
2026-09-12 19:03 -    commands.recompile - DEBUG - [wrote RegularFileObject[bin\minecraft\net\minecraft\src\ColorizerFoliage.class]]
2026-09-12 19:03 -    commands.recompile - DEBUG - [checking net.minecraft.src.ColorizerGrass]
2026-09-12 19:03 -    commands.recompile - DEBUG - [wrote RegularFileObject[bin\minecraft\net\minecraft\src\ColorizerGrass.class]]
2026-09-12 19:03 -    commands.recompile - DEBUG - [checking net.minecraft.src.ColorizerWater]
2026-09-12 19:03 -    commands.recompile - DEBUG - [wrote RegularFileObject[bin\minecraft\net\minecraft\src\ColorizerWater.class]]
2026-09-12 19:03 -    commands.recompile - DEBUG - [checking net.minecraft.src.CompressedStreamTools]
2026-09-12 19:03 -    commands.recompile - DEBUG - [loading ZipFileIndexFileObject[C:\Program Files\Eclipse Adoptium\jdk-8.0.504.1-hotspot\lib\ct.sym(META-INF/sym/rt.jar/java/util/zip/InflaterInputStream.class)]]
2026-09-12 19:03 -    commands.recompile - DEBUG - [loading ZipFileIndexFileObject[C:\Program Files\Eclipse Adoptium\jdk-8.0.504.1-hotspot\lib\ct.sym(META-INF/sym/rt.jar/java/util/zip/DeflaterOutputStream.class)]]
2026-09-12 19:03 -    commands.recompile - DEBUG - [wrote RegularFileObject[bin\minecraft\net\minecraft\src\CompressedStreamTools.class]]
2026-09-12 19:03 -    commands.recompile - DEBUG - [checking net.minecraft.src.ContainerChest]
2026-09-12 19:03 -    commands.recompile - DEBUG - [wrote RegularFileObject[bin\minecraft\net\minecraft\src\ContainerChest.class]]
2026-09-12 19:03 -    commands.recompile - DEBUG - [checking net.minecraft.src.ContainerDispenser]
2026-09-12 19:03 -    commands.recompile - DEBUG - [wrote RegularFileObject[bin\minecraft\net\minecraft\src\ContainerDispenser.class]]
2026-09-12 19:03 -    commands.recompile - DEBUG - [checking net.minecraft.src.ContainerFurnace]
2026-09-12 19:03 -    commands.recompile - DEBUG - [wrote RegularFileObject[bin\minecraft\net\minecraft\src\ContainerFurnace.class]]
2026-09-12 19:03 -    commands.recompile - DEBUG - [checking net.minecraft.src.ContainerHearth]
2026-09-12 19:03 -    commands.recompile - DEBUG - [wrote RegularFileObject[bin\minecraft\net\minecraft\src\ContainerHearth.class]]
2026-09-12 19:03 -    commands.recompile - DEBUG - [checking net.minecraft.src.ContainerPlayer]
2026-09-12 19:03 -    commands.recompile - DEBUG - [wrote RegularFileObject[bin\minecraft\net\minecraft\src\ContainerPlayer.class]]
2026-09-12 19:03 -    commands.recompile - DEBUG - [checking net.minecraft.src.InventoryCrafting]
2026-09-12 19:03 -    commands.recompile - DEBUG - [wrote RegularFileObject[bin\minecraft\net\minecraft\src\InventoryCrafting.class]]
2026-09-12 19:03 -    commands.recompile - DEBUG - [checking net.minecraft.src.ContainerWorkbench]
2026-09-12 19:03 -    commands.recompile - DEBUG - [wrote RegularFileObject[bin\minecraft\net\minecraft\src\ContainerWorkbench.class]]
2026-09-12 19:03 -    commands.recompile - DEBUG - [checking net.minecraft.src.CraftingManager]
2026-09-12 19:03 -    commands.recompile - DEBUG - [wrote RegularFileObject[bin\minecraft\net\minecraft\src\CraftingManager.class]]
2026-09-12 19:03 -    commands.recompile - DEBUG - [checking net.minecraft.src.Empty1]
2026-09-12 19:03 -    commands.recompile - DEBUG - [wrote RegularFileObject[bin\minecraft\net\minecraft\src\Empty1.class]]
2026-09-12 19:03 -    commands.recompile - DEBUG - [checking net.minecraft.src.EmptyChunk]
2026-09-12 19:03 -    commands.recompile - DEBUG - [wrote RegularFileObject[bin\minecraft\net\minecraft\src\EmptyChunk.class]]
2026-09-12 19:03 -    commands.recompile - DEBUG - [checking net.minecraft.src.EntityAnimal]
2026-09-12 19:03 -    commands.recompile - DEBUG - [checking net.minecraft.src.EntityCreature]
2026-09-12 19:03 -    commands.recompile - DEBUG - [wrote RegularFileObject[bin\minecraft\net\minecraft\src\EntityAnimal.class]]
2026-09-12 19:03 -    commands.recompile - DEBUG - [wrote RegularFileObject[bin\minecraft\net\minecraft\src\EntityCreature.class]]
2026-09-12 19:03 -    commands.recompile - DEBUG - [checking net.minecraft.src.EntityArrow]
2026-09-12 19:03 -    commands.recompile - DEBUG - [wrote RegularFileObject[bin\minecraft\net\minecraft\src\EntityArrow.class]]
2026-09-12 19:03 -    commands.recompile - DEBUG - [checking net.minecraft.src.EntityBoat]
2026-09-12 19:03 -    commands.recompile - DEBUG - [wrote RegularFileObject[bin\minecraft\net\minecraft\src\EntityBoat.class]]
2026-09-12 19:03 -    commands.recompile - DEBUG - [checking net.minecraft.src.EntityBubbleFX]
2026-09-12 19:03 -    commands.recompile - DEBUG - [wrote RegularFileObject[bin\minecraft\net\minecraft\src\EntityBubbleFX.class]]
2026-09-12 19:03 -    commands.recompile - DEBUG - [checking net.minecraft.src.EntityChicken]
2026-09-12 19:03 -    commands.recompile - DEBUG - [wrote RegularFileObject[bin\minecraft\net\minecraft\src\EntityChicken.class]]
2026-09-12 19:03 -    commands.recompile - DEBUG - [checking net.minecraft.src.EntityClientPlayerMP]
2026-09-12 19:03 -    commands.recompile - DEBUG - [wrote RegularFileObject[bin\minecraft\net\minecraft\src\EntityClientPlayerMP.class]]
2026-09-12 19:03 -    commands.recompile - DEBUG - [checking net.minecraft.src.EntityCow]
2026-09-12 19:03 -    commands.recompile - DEBUG - [wrote RegularFileObject[bin\minecraft\net\minecraft\src\EntityCow.class]]
2026-09-12 19:03 -    commands.recompile - DEBUG - [checking net.minecraft.src.EntityCreeper]
2026-09-12 19:03 -    commands.recompile - DEBUG - [checking net.minecraft.src.EntityMob]
2026-09-12 19:03 -    commands.recompile - DEBUG - [wrote RegularFileObject[bin\minecraft\net\minecraft\src\EntityCreeper.class]]
2026-09-12 19:03 -    commands.recompile - DEBUG - [wrote RegularFileObject[bin\minecraft\net\minecraft\src\EntityMob.class]]
2026-09-12 19:03 -    commands.recompile - DEBUG - [checking net.minecraft.src.IMob]
2026-09-12 19:03 -    commands.recompile - DEBUG - [wrote RegularFileObject[bin\minecraft\net\minecraft\src\IMob.class]]
2026-09-12 19:03 -    commands.recompile - DEBUG - [checking net.minecraft.src.EntityDiggingFX]
2026-09-12 19:03 -    commands.recompile - DEBUG - [wrote RegularFileObject[bin\minecraft\net\minecraft\src\EntityDiggingFX.class]]
2026-09-12 19:03 -    commands.recompile - DEBUG - [checking net.minecraft.src.EntityEgg]
2026-09-12 19:03 -    commands.recompile - DEBUG - [wrote RegularFileObject[bin\minecraft\net\minecraft\src\EntityEgg.class]]
2026-09-12 19:03 -    commands.recompile - DEBUG - [checking net.minecraft.src.EntityExplodeFX]
2026-09-12 19:03 -    commands.recompile - DEBUG - [wrote RegularFileObject[bin\minecraft\net\minecraft\src\EntityExplodeFX.class]]
2026-09-12 19:03 -    commands.recompile - DEBUG - [checking net.minecraft.src.EntityFallingSand]
2026-09-12 19:03 -    commands.recompile - DEBUG - [wrote RegularFileObject[bin\minecraft\net\minecraft\src\EntityFallingSand.class]]
2026-09-12 19:03 -    commands.recompile - DEBUG - [checking net.minecraft.src.EntityFireball]
2026-09-12 19:03 -    commands.recompile - DEBUG - [wrote RegularFileObject[bin\minecraft\net\minecraft\src\EntityFireball.class]]
2026-09-12 19:03 -    commands.recompile - DEBUG - [checking net.minecraft.src.EntityFlameFX]
2026-09-12 19:03 -    commands.recompile - DEBUG - [wrote RegularFileObject[bin\minecraft\net\minecraft\src\EntityFlameFX.class]]
2026-09-12 19:03 -    commands.recompile - DEBUG - [checking net.minecraft.src.EntityFlying]
2026-09-12 19:03 -    commands.recompile - DEBUG - [wrote RegularFileObject[bin\minecraft\net\minecraft\src\EntityFlying.class]]
2026-09-12 19:03 -    commands.recompile - DEBUG - [checking net.minecraft.src.EntityFootStepFX]
2026-09-12 19:03 -    commands.recompile - DEBUG - [wrote RegularFileObject[bin\minecraft\net\minecraft\src\EntityFootStepFX.class]]
2026-09-12 19:03 -    commands.recompile - DEBUG - [checking net.minecraft.src.EntityGhast]
2026-09-12 19:03 -    commands.recompile - DEBUG - [wrote RegularFileObject[bin\minecraft\net\minecraft\src\EntityGhast.class]]
2026-09-12 19:03 -    commands.recompile - DEBUG - [checking net.minecraft.src.EntityGiantZombie]
2026-09-12 19:03 -    commands.recompile - DEBUG - [wrote RegularFileObject[bin\minecraft\net\minecraft\src\EntityGiantZombie.class]]
2026-09-12 19:03 -    commands.recompile - DEBUG - [checking net.minecraft.src.EntityHeartFX]
2026-09-12 19:03 -    commands.recompile - DEBUG - [wrote RegularFileObject[bin\minecraft\net\minecraft\src\EntityHeartFX.class]]
2026-09-12 19:03 -    commands.recompile - DEBUG - [checking net.minecraft.src.EntityLavaFX]
2026-09-12 19:03 -    commands.recompile - DEBUG - [wrote RegularFileObject[bin\minecraft\net\minecraft\src\EntityLavaFX.class]]
2026-09-12 19:03 -    commands.recompile - DEBUG - [checking net.minecraft.src.EntityList]
2026-09-12 19:03 -    commands.recompile - DEBUG - [wrote RegularFileObject[bin\minecraft\net\minecraft\src\EntityList.class]]
2026-09-12 19:03 -    commands.recompile - DEBUG - [checking net.minecraft.src.EntityMinecart]
2026-09-12 19:03 -    commands.recompile - DEBUG - [wrote RegularFileObject[bin\minecraft\net\minecraft\src\EntityMinecart.class]]
2026-09-12 19:03 -    commands.recompile - DEBUG - [checking net.minecraft.src.EntityNoteFX]
2026-09-12 19:03 -    commands.recompile - DEBUG - [wrote RegularFileObject[bin\minecraft\net\minecraft\src\EntityNoteFX.class]]
2026-09-12 19:03 -    commands.recompile - DEBUG - [checking net.minecraft.src.EntityOtherPlayerMP]
2026-09-12 19:03 -    commands.recompile - DEBUG - [wrote RegularFileObject[bin\minecraft\net\minecraft\src\EntityOtherPlayerMP.class]]
2026-09-12 19:03 -    commands.recompile - DEBUG - [checking net.minecraft.src.EntityPickupFX]
2026-09-12 19:03 -    commands.recompile - DEBUG - [wrote RegularFileObject[bin\minecraft\net\minecraft\src\EntityPickupFX.class]]
2026-09-12 19:03 -    commands.recompile - DEBUG - [checking net.minecraft.src.EntityPig]
2026-09-12 19:03 -    commands.recompile - DEBUG - [wrote RegularFileObject[bin\minecraft\net\minecraft\src\EntityPig.class]]
2026-09-12 19:03 -    commands.recompile - DEBUG - [checking net.minecraft.src.EntityPigZombie]
2026-09-12 19:03 -    commands.recompile - DEBUG - [checking net.minecraft.src.EntityZombie]
2026-09-12 19:03 -    commands.recompile - DEBUG - [wrote RegularFileObject[bin\minecraft\net\minecraft\src\EntityPigZombie.class]]
2026-09-12 19:03 -    commands.recompile - DEBUG - [wrote RegularFileObject[bin\minecraft\net\minecraft\src\EntityZombie.class]]
2026-09-12 19:03 -    commands.recompile - DEBUG - [checking net.minecraft.src.EntityPortalFX]
2026-09-12 19:03 -    commands.recompile - DEBUG - [wrote RegularFileObject[bin\minecraft\net\minecraft\src\EntityPortalFX.class]]
2026-09-12 19:03 -    commands.recompile - DEBUG - [checking net.minecraft.src.EntityRainFX]
2026-09-12 19:03 -    commands.recompile - DEBUG - [wrote RegularFileObject[bin\minecraft\net\minecraft\src\EntityRainFX.class]]
2026-09-12 19:03 -    commands.recompile - DEBUG - [checking net.minecraft.src.EntityReddustFX]
2026-09-12 19:03 -    commands.recompile - DEBUG - [wrote RegularFileObject[bin\minecraft\net\minecraft\src\EntityReddustFX.class]]
2026-09-12 19:03 -    commands.recompile - DEBUG - [checking net.minecraft.src.EntitySheep]
2026-09-12 19:03 -    commands.recompile - DEBUG - [wrote RegularFileObject[bin\minecraft\net\minecraft\src\EntitySheep.class]]
2026-09-12 19:03 -    commands.recompile - DEBUG - [checking net.minecraft.src.EntitySkeleton]
2026-09-12 19:03 -    commands.recompile - DEBUG - [wrote RegularFileObject[bin\minecraft\net\minecraft\src\EntitySkeleton.class]]
2026-09-12 19:03 -    commands.recompile - DEBUG - [checking net.minecraft.src.EntitySlime]
2026-09-12 19:03 -    commands.recompile - DEBUG - [wrote RegularFileObject[bin\minecraft\net\minecraft\src\EntitySlime.class]]
2026-09-12 19:03 -    commands.recompile - DEBUG - [checking net.minecraft.src.EntitySlimeFX]
2026-09-12 19:03 -    commands.recompile - DEBUG - [wrote RegularFileObject[bin\minecraft\net\minecraft\src\EntitySlimeFX.class]]
2026-09-12 19:03 -    commands.recompile - DEBUG - [checking net.minecraft.src.EntitySmokeFX]
2026-09-12 19:03 -    commands.recompile - DEBUG - [wrote RegularFileObject[bin\minecraft\net\minecraft\src\EntitySmokeFX.class]]
2026-09-12 19:03 -    commands.recompile - DEBUG - [checking net.minecraft.src.EntitySnowball]
2026-09-12 19:03 -    commands.recompile - DEBUG - [wrote RegularFileObject[bin\minecraft\net\minecraft\src\EntitySnowball.class]]
2026-09-12 19:03 -    commands.recompile - DEBUG - [checking net.minecraft.src.EntitySnowShovelFX]
2026-09-12 19:03 -    commands.recompile - DEBUG - [wrote RegularFileObject[bin\minecraft\net\minecraft\src\EntitySnowShovelFX.class]]
2026-09-12 19:03 -    commands.recompile - DEBUG - [checking net.minecraft.src.EntitySorter]
2026-09-12 19:03 -    commands.recompile - DEBUG - [wrote RegularFileObject[bin\minecraft\net\minecraft\src\EntitySorter.class]]
2026-09-12 19:03 -    commands.recompile - DEBUG - [checking net.minecraft.src.EntitySpider]
2026-09-12 19:03 -    commands.recompile - DEBUG - [wrote RegularFileObject[bin\minecraft\net\minecraft\src\EntitySpider.class]]
2026-09-12 19:03 -    commands.recompile - DEBUG - [checking net.minecraft.src.EntitySplashFX]
2026-09-12 19:03 -    commands.recompile - DEBUG - [wrote RegularFileObject[bin\minecraft\net\minecraft\src\EntitySplashFX.class]]
2026-09-12 19:03 -    commands.recompile - DEBUG - [checking net.minecraft.src.EntitySquid]
2026-09-12 19:03 -    commands.recompile - DEBUG - [checking net.minecraft.src.EntityWaterMob]
2026-09-12 19:03 -    commands.recompile - DEBUG - [wrote RegularFileObject[bin\minecraft\net\minecraft\src\EntitySquid.class]]
2026-09-12 19:03 -    commands.recompile - DEBUG - [wrote RegularFileObject[bin\minecraft\net\minecraft\src\EntityWaterMob.class]]
2026-09-12 19:03 -    commands.recompile - DEBUG - [checking net.minecraft.src.EntityTNTPrimed]
2026-09-12 19:03 -    commands.recompile - DEBUG - [wrote RegularFileObject[bin\minecraft\net\minecraft\src\EntityTNTPrimed.class]]
2026-09-12 19:03 -    commands.recompile - DEBUG - [checking net.minecraft.src.EntityWolf]
2026-09-12 19:03 -    commands.recompile - DEBUG - [wrote RegularFileObject[bin\minecraft\net\minecraft\src\EntityWolf.class]]
2026-09-12 19:03 -    commands.recompile - DEBUG - [checking net.minecraft.src.EnumJsonNodeType]
2026-09-12 19:03 -    commands.recompile - DEBUG - [wrote RegularFileObject[bin\minecraft\net\minecraft\src\EnumJsonNodeType.class]]
2026-09-12 19:03 -    commands.recompile - DEBUG - [checking net.minecraft.src.EnumJsonNodeTypeMappingHelper]
2026-09-12 19:03 -    commands.recompile - DEBUG - [loading ZipFileIndexFileObject[C:\Program Files\Eclipse Adoptium\jdk-8.0.504.1-hotspot\lib\ct.sym(META-INF/sym/rt.jar/java/lang/NoSuchFieldError.class)]]
2026-09-12 19:03 -    commands.recompile - DEBUG - [loading ZipFileIndexFileObject[C:\Program Files\Eclipse Adoptium\jdk-8.0.504.1-hotspot\lib\ct.sym(META-INF/sym/rt.jar/java/lang/IncompatibleClassChangeError.class)]]
2026-09-12 19:03 -    commands.recompile - DEBUG - [wrote RegularFileObject[bin\minecraft\net\minecraft\src\EnumJsonNodeTypeMappingHelper.class]]
2026-09-12 19:03 -    commands.recompile - DEBUG - [checking net.minecraft.src.EnumOptionsMappingHelper]
2026-09-12 19:03 -    commands.recompile - DEBUG - [wrote RegularFileObject[bin\minecraft\net\minecraft\src\EnumOptionsMappingHelper.class]]
2026-09-12 19:03 -    commands.recompile - DEBUG - [checking net.minecraft.src.EnumOSMappingHelper]
2026-09-12 19:03 -    commands.recompile - DEBUG - [wrote RegularFileObject[bin\minecraft\net\minecraft\src\EnumOSMappingHelper.class]]
2026-09-12 19:03 -    commands.recompile - DEBUG - [checking net.minecraft.src.EnumToolMaterial]
2026-09-12 19:03 -    commands.recompile - DEBUG - [wrote RegularFileObject[bin\minecraft\net\minecraft\src\EnumToolMaterial.class]]
2026-09-12 19:03 -    commands.recompile - DEBUG - [checking net.minecraft.src.Frustrum]
2026-09-12 19:03 -    commands.recompile - DEBUG - [wrote RegularFileObject[bin\minecraft\net\minecraft\src\Frustrum.class]]
2026-09-12 19:03 -    commands.recompile - DEBUG - [checking net.minecraft.src.FurnaceRecipes]
2026-09-12 19:03 -    commands.recompile - DEBUG - [wrote RegularFileObject[bin\minecraft\net\minecraft\src\FurnaceRecipes.class]]
2026-09-12 19:03 -    commands.recompile - DEBUG - [checking net.minecraft.src.GameWindowListener]
2026-09-12 19:03 -    commands.recompile - DEBUG - [wrote RegularFileObject[bin\minecraft\net\minecraft\src\GameWindowListener.class]]
2026-09-12 19:03 -    commands.recompile - DEBUG - [checking net.minecraft.src.GLAllocation]
2026-09-12 19:03 -    commands.recompile - DEBUG - [wrote RegularFileObject[bin\minecraft\net\minecraft\src\GLAllocation.class]]
2026-09-12 19:03 -    commands.recompile - DEBUG - [checking net.minecraft.src.GuiAchievements]
2026-09-12 19:03 -    commands.recompile - DEBUG - [wrote RegularFileObject[bin\minecraft\net\minecraft\src\GuiAchievements.class]]
2026-09-12 19:03 -    commands.recompile - DEBUG - [checking net.minecraft.src.GuiChat]
2026-09-12 19:03 -    commands.recompile - DEBUG - [wrote RegularFileObject[bin\minecraft\net\minecraft\src\GuiChat.class]]
2026-09-12 19:03 -    commands.recompile - DEBUG - [checking net.minecraft.src.GuiChest]
2026-09-12 19:03 -    commands.recompile - DEBUG - [checking net.minecraft.src.GuiContainer]
2026-09-12 19:03 -    commands.recompile - DEBUG - [wrote RegularFileObject[bin\minecraft\net\minecraft\src\GuiChest.class]]
2026-09-12 19:03 -    commands.recompile - DEBUG - [wrote RegularFileObject[bin\minecraft\net\minecraft\src\GuiContainer.class]]
2026-09-12 19:03 -    commands.recompile - DEBUG - [checking net.minecraft.src.GuiConflictWarning]
2026-09-12 19:03 -    commands.recompile - DEBUG - [wrote RegularFileObject[bin\minecraft\net\minecraft\src\GuiConflictWarning.class]]
2026-09-12 19:03 -    commands.recompile - DEBUG - [checking net.minecraft.src.GuiConnectFailed]
2026-09-12 19:03 -    commands.recompile - DEBUG - [wrote RegularFileObject[bin\minecraft\net\minecraft\src\GuiConnectFailed.class]]
2026-09-12 19:03 -    commands.recompile - DEBUG - [checking net.minecraft.src.GuiConnecting]
2026-09-12 19:03 -    commands.recompile - DEBUG - [wrote RegularFileObject[bin\minecraft\net\minecraft\src\GuiConnecting.class]]
2026-09-12 19:03 -    commands.recompile - DEBUG - [checking net.minecraft.src.GuiControls]
2026-09-12 19:03 -    commands.recompile - DEBUG - [wrote RegularFileObject[bin\minecraft\net\minecraft\src\GuiControls.class]]
2026-09-12 19:03 -    commands.recompile - DEBUG - [checking net.minecraft.src.GuiCrafting]
2026-09-12 19:03 -    commands.recompile - DEBUG - [wrote RegularFileObject[bin\minecraft\net\minecraft\src\GuiCrafting.class]]
2026-09-12 19:03 -    commands.recompile - DEBUG - [checking net.minecraft.src.GuiCreateWorld]
2026-09-12 19:03 -    commands.recompile - DEBUG - [wrote RegularFileObject[bin\minecraft\net\minecraft\src\GuiCreateWorld.class]]
2026-09-12 19:03 -    commands.recompile - DEBUG - [checking net.minecraft.src.GuiTextField]
2026-09-12 19:03 -    commands.recompile - DEBUG - [wrote RegularFileObject[bin\minecraft\net\minecraft\src\GuiTextField.class]]
2026-09-12 19:03 -    commands.recompile - DEBUG - [checking net.minecraft.src.GuiDispenser]
2026-09-12 19:03 -    commands.recompile - DEBUG - [wrote RegularFileObject[bin\minecraft\net\minecraft\src\GuiDispenser.class]]
2026-09-12 19:03 -    commands.recompile - DEBUG - [checking net.minecraft.src.GuiDownloadTerrain]
2026-09-12 19:03 -    commands.recompile - DEBUG - [wrote RegularFileObject[bin\minecraft\net\minecraft\src\GuiDownloadTerrain.class]]
2026-09-12 19:03 -    commands.recompile - DEBUG - [checking net.minecraft.src.GuiEditSign]
2026-09-12 19:03 -    commands.recompile - DEBUG - [wrote RegularFileObject[bin\minecraft\net\minecraft\src\GuiEditSign.class]]
2026-09-12 19:03 -    commands.recompile - DEBUG - [checking net.minecraft.src.GuiErrorScreen]
2026-09-12 19:03 -    commands.recompile - DEBUG - [wrote RegularFileObject[bin\minecraft\net\minecraft\src\GuiErrorScreen.class]]
2026-09-12 19:03 -    commands.recompile - DEBUG - [checking net.minecraft.src.GuiFurnace]
2026-09-12 19:03 -    commands.recompile - DEBUG - [wrote RegularFileObject[bin\minecraft\net\minecraft\src\GuiFurnace.class]]
2026-09-12 19:03 -    commands.recompile - DEBUG - [checking net.minecraft.src.GuiGameOver]
2026-09-12 19:03 -    commands.recompile - DEBUG - [wrote RegularFileObject[bin\minecraft\net\minecraft\src\GuiGameOver.class]]
2026-09-12 19:03 -    commands.recompile - DEBUG - [checking net.minecraft.src.GuiHearth]
2026-09-12 19:03 -    commands.recompile - DEBUG - [wrote RegularFileObject[bin\minecraft\net\minecraft\src\GuiHearth.class]]
2026-09-12 19:03 -    commands.recompile - DEBUG - [checking net.minecraft.src.GuiIngameMenu]
2026-09-12 19:03 -    commands.recompile - DEBUG - [wrote RegularFileObject[bin\minecraft\net\minecraft\src\GuiIngameMenu.class]]
2026-09-12 19:03 -    commands.recompile - DEBUG - [checking net.minecraft.src.GuiInventory]
2026-09-12 19:03 -    commands.recompile - DEBUG - [wrote RegularFileObject[bin\minecraft\net\minecraft\src\GuiInventory.class]]
2026-09-12 19:03 -    commands.recompile - DEBUG - [checking net.minecraft.src.GuiMainMenu]
2026-09-12 19:03 -    commands.recompile - DEBUG - [loading ZipFileIndexFileObject[C:\Program Files\Eclipse Adoptium\jdk-8.0.504.1-hotspot\lib\ct.sym(META-INF/sym/rt.jar/java/util/Calendar.class)]]
2026-09-12 19:03 -    commands.recompile - DEBUG - [wrote RegularFileObject[bin\minecraft\net\minecraft\src\GuiMainMenu.class]]
2026-09-12 19:03 -    commands.recompile - DEBUG - [checking net.minecraft.src.GuiMultiplayer]
2026-09-12 19:03 -    commands.recompile - DEBUG - [wrote RegularFileObject[bin\minecraft\net\minecraft\src\GuiMultiplayer.class]]
2026-09-12 19:03 -    commands.recompile - DEBUG - [checking net.minecraft.src.GuiOptions]
2026-09-12 19:03 -    commands.recompile - DEBUG - [wrote RegularFileObject[bin\minecraft\net\minecraft\src\GuiOptions.class]]
2026-09-12 19:03 -    commands.recompile - DEBUG - [checking net.minecraft.src.GuiRenameWorld]
2026-09-12 19:03 -    commands.recompile - DEBUG - [wrote RegularFileObject[bin\minecraft\net\minecraft\src\GuiRenameWorld.class]]
2026-09-12 19:03 -    commands.recompile - DEBUG - [checking net.minecraft.src.GuiSelectWorld]
2026-09-12 19:03 -    commands.recompile - DEBUG - [wrote RegularFileObject[bin\minecraft\net\minecraft\src\GuiSelectWorld.class]]
2026-09-12 19:03 -    commands.recompile - DEBUG - [checking net.minecraft.src.GuiWorldSlot]
2026-09-12 19:03 -    commands.recompile - DEBUG - [checking net.minecraft.src.GuiSlot]
2026-09-12 19:03 -    commands.recompile - DEBUG - [wrote RegularFileObject[bin\minecraft\net\minecraft\src\GuiWorldSlot.class]]
2026-09-12 19:03 -    commands.recompile - DEBUG - [wrote RegularFileObject[bin\minecraft\net\minecraft\src\GuiSlot.class]]
2026-09-12 19:03 -    commands.recompile - DEBUG - [checking net.minecraft.src.GuiSleepMP]
2026-09-12 19:03 -    commands.recompile - DEBUG - [wrote RegularFileObject[bin\minecraft\net\minecraft\src\GuiSleepMP.class]]
2026-09-12 19:03 -    commands.recompile - DEBUG - [checking net.minecraft.src.GuiSlider]
2026-09-12 19:03 -    commands.recompile - DEBUG - [wrote RegularFileObject[bin\minecraft\net\minecraft\src\GuiSlider.class]]
2026-09-12 19:03 -    commands.recompile - DEBUG - [checking net.minecraft.src.GuiSlotStats]
2026-09-12 19:03 -    commands.recompile - DEBUG - [wrote RegularFileObject[bin\minecraft\net\minecraft\src\GuiSlotStats.class]]
2026-09-12 19:03 -    commands.recompile - DEBUG - [checking net.minecraft.src.GuiStats]
2026-09-12 19:03 -    commands.recompile - DEBUG - [wrote RegularFileObject[bin\minecraft\net\minecraft\src\GuiStats.class]]
2026-09-12 19:03 -    commands.recompile - DEBUG - [checking net.minecraft.src.StatCrafting]
2026-09-12 19:03 -    commands.recompile - DEBUG - [wrote RegularFileObject[bin\minecraft\net\minecraft\src\StatCrafting.class]]
2026-09-12 19:03 -    commands.recompile - DEBUG - [checking net.minecraft.src.GuiSlotStatsGeneral]
2026-09-12 19:03 -    commands.recompile - DEBUG - [wrote RegularFileObject[bin\minecraft\net\minecraft\src\GuiSlotStatsGeneral.class]]
2026-09-12 19:03 -    commands.recompile - DEBUG - [checking net.minecraft.src.GuiSlotStatsItem]
2026-09-12 19:03 -    commands.recompile - DEBUG - [wrote RegularFileObject[bin\minecraft\net\minecraft\src\GuiSlotStatsItem.class]]
2026-09-12 19:03 -    commands.recompile - DEBUG - [checking net.minecraft.src.GuiSlotStatsBlock]
2026-09-12 19:03 -    commands.recompile - DEBUG - [wrote RegularFileObject[bin\minecraft\net\minecraft\src\GuiSlotStatsBlock.class]]
2026-09-12 19:03 -    commands.recompile - DEBUG - [checking net.minecraft.src.GuiSmallButton]
2026-09-12 19:03 -    commands.recompile - DEBUG - [wrote RegularFileObject[bin\minecraft\net\minecraft\src\GuiSmallButton.class]]
2026-09-12 19:03 -    commands.recompile - DEBUG - [checking net.minecraft.src.GuiTexturePacks]
2026-09-12 19:03 -    commands.recompile - DEBUG - [wrote RegularFileObject[bin\minecraft\net\minecraft\src\GuiTexturePacks.class]]
2026-09-12 19:03 -    commands.recompile - DEBUG - [checking net.minecraft.src.GuiTexturePackSlot]
2026-09-12 19:03 -    commands.recompile - DEBUG - [wrote RegularFileObject[bin\minecraft\net\minecraft\src\GuiTexturePackSlot.class]]
2026-09-12 19:03 -    commands.recompile - DEBUG - [checking net.minecraft.src.GuiUnused]
2026-09-12 19:03 -    commands.recompile - DEBUG - [wrote RegularFileObject[bin\minecraft\net\minecraft\src\GuiUnused.class]]
2026-09-12 19:03 -    commands.recompile - DEBUG - [checking net.minecraft.src.GuiVideoSettings]
2026-09-12 19:03 -    commands.recompile - DEBUG - [wrote RegularFileObject[bin\minecraft\net\minecraft\src\GuiVideoSettings.class]]
2026-09-12 19:03 -    commands.recompile - DEBUG - [checking net.minecraft.src.GuiYesNo]
2026-09-12 19:03 -    commands.recompile - DEBUG - [wrote RegularFileObject[bin\minecraft\net\minecraft\src\GuiYesNo.class]]
2026-09-12 19:03 -    commands.recompile - DEBUG - [checking net.minecraft.src.HearthRecipes]
2026-09-12 19:03 -    commands.recompile - DEBUG - [wrote RegularFileObject[bin\minecraft\net\minecraft\src\HearthRecipes.class]]
2026-09-12 19:03 -    commands.recompile - DEBUG - [checking net.minecraft.src.ICrafting]
2026-09-12 19:03 -    commands.recompile - DEBUG - [wrote RegularFileObject[bin\minecraft\net\minecraft\src\ICrafting.class]]
2026-09-12 19:03 -    commands.recompile - DEBUG - [checking net.minecraft.src.IInvBasic]
2026-09-12 19:03 -    commands.recompile - DEBUG - [wrote RegularFileObject[bin\minecraft\net\minecraft\src\IInvBasic.class]]
2026-09-12 19:03 -    commands.recompile - DEBUG - [checking net.minecraft.src.InventoryBasic]
2026-09-12 19:03 -    commands.recompile - DEBUG - [wrote RegularFileObject[bin\minecraft\net\minecraft\src\InventoryBasic.class]]
2026-09-12 19:03 -    commands.recompile - DEBUG - [checking net.minecraft.src.ImageBufferDownload]
2026-09-12 19:03 -    commands.recompile - DEBUG - [loading ZipFileIndexFileObject[C:\Program Files\Eclipse Adoptium\jdk-8.0.504.1-hotspot\lib\ct.sym(META-INF/sym/rt.jar/java/awt/image/DataBufferInt.class)]]
2026-09-12 19:03 -    commands.recompile - DEBUG - [loading ZipFileIndexFileObject[C:\Program Files\Eclipse Adoptium\jdk-8.0.504.1-hotspot\lib\ct.sym(META-INF/sym/rt.jar/java/awt/image/WritableRaster.class)]]
2026-09-12 19:03 -    commands.recompile - DEBUG - [loading ZipFileIndexFileObject[C:\Program Files\Eclipse Adoptium\jdk-8.0.504.1-hotspot\lib\ct.sym(META-INF/sym/rt.jar/java/awt/image/Raster.class)]]
2026-09-12 19:03 -    commands.recompile - DEBUG - [loading ZipFileIndexFileObject[C:\Program Files\Eclipse Adoptium\jdk-8.0.504.1-hotspot\lib\ct.sym(META-INF/sym/rt.jar/java/awt/image/DataBuffer.class)]]
2026-09-12 19:03 -    commands.recompile - DEBUG - [wrote RegularFileObject[bin\minecraft\net\minecraft\src\ImageBufferDownload.class]]
2026-09-12 19:03 -    commands.recompile - DEBUG - [checking net.minecraft.src.InventoryCraftResult]
2026-09-12 19:03 -    commands.recompile - DEBUG - [wrote RegularFileObject[bin\minecraft\net\minecraft\src\InventoryCraftResult.class]]
2026-09-12 19:03 -    commands.recompile - DEBUG - [checking net.minecraft.src.InventoryLargeChest]
2026-09-12 19:03 -    commands.recompile - DEBUG - [wrote RegularFileObject[bin\minecraft\net\minecraft\src\InventoryLargeChest.class]]
2026-09-12 19:03 -    commands.recompile - DEBUG - [checking net.minecraft.src.IRecipe]
2026-09-12 19:03 -    commands.recompile - DEBUG - [wrote RegularFileObject[bin\minecraft\net\minecraft\src\IRecipe.class]]
2026-09-12 19:03 -    commands.recompile - DEBUG - [checking net.minecraft.src.ItemArmor]
2026-09-12 19:03 -    commands.recompile - DEBUG - [wrote RegularFileObject[bin\minecraft\net\minecraft\src\ItemArmor.class]]
2026-09-12 19:03 -    commands.recompile - DEBUG - [checking net.minecraft.src.ItemAxe]
2026-09-12 19:03 -    commands.recompile - DEBUG - [checking net.minecraft.src.ItemTool]
2026-09-12 19:03 -    commands.recompile - DEBUG - [wrote RegularFileObject[bin\minecraft\net\minecraft\src\ItemAxe.class]]
2026-09-12 19:03 -    commands.recompile - DEBUG - [wrote RegularFileObject[bin\minecraft\net\minecraft\src\ItemTool.class]]
2026-09-12 19:03 -    commands.recompile - DEBUG - [checking net.minecraft.src.ItemBed]
2026-09-12 19:03 -    commands.recompile - DEBUG - [wrote RegularFileObject[bin\minecraft\net\minecraft\src\ItemBed.class]]
2026-09-12 19:03 -    commands.recompile - DEBUG - [checking net.minecraft.src.ItemBlock]
2026-09-12 19:03 -    commands.recompile - DEBUG - [wrote RegularFileObject[bin\minecraft\net\minecraft\src\ItemBlock.class]]
2026-09-12 19:03 -    commands.recompile - DEBUG - [checking net.minecraft.src.ItemBoat]
2026-09-12 19:03 -    commands.recompile - DEBUG - [wrote RegularFileObject[bin\minecraft\net\minecraft\src\ItemBoat.class]]
2026-09-12 19:03 -    commands.recompile - DEBUG - [checking net.minecraft.src.ItemBow]
2026-09-12 19:03 -    commands.recompile - DEBUG - [wrote RegularFileObject[bin\minecraft\net\minecraft\src\ItemBow.class]]
2026-09-12 19:03 -    commands.recompile - DEBUG - [checking net.minecraft.src.ItemBucket]
2026-09-12 19:03 -    commands.recompile - DEBUG - [wrote RegularFileObject[bin\minecraft\net\minecraft\src\ItemBucket.class]]
2026-09-12 19:03 -    commands.recompile - DEBUG - [checking net.minecraft.src.ItemCloth]
2026-09-12 19:03 -    commands.recompile - DEBUG - [wrote RegularFileObject[bin\minecraft\net\minecraft\src\ItemCloth.class]]
2026-09-12 19:03 -    commands.recompile - DEBUG - [checking net.minecraft.src.ItemCoal]
2026-09-12 19:03 -    commands.recompile - DEBUG - [wrote RegularFileObject[bin\minecraft\net\minecraft\src\ItemCoal.class]]
2026-09-12 19:03 -    commands.recompile - DEBUG - [checking net.minecraft.src.ItemCoin]
2026-09-12 19:03 -    commands.recompile - DEBUG - [wrote RegularFileObject[bin\minecraft\net\minecraft\src\ItemCoin.class]]
2026-09-12 19:03 -    commands.recompile - DEBUG - [checking net.minecraft.src.ItemCookie]
2026-09-12 19:03 -    commands.recompile - DEBUG - [checking net.minecraft.src.ItemFood]
2026-09-12 19:03 -    commands.recompile - DEBUG - [wrote RegularFileObject[bin\minecraft\net\minecraft\src\ItemCookie.class]]
2026-09-12 19:03 -    commands.recompile - DEBUG - [wrote RegularFileObject[bin\minecraft\net\minecraft\src\ItemFood.class]]
2026-09-12 19:03 -    commands.recompile - DEBUG - [checking net.minecraft.src.ItemDoor]
2026-09-12 19:03 -    commands.recompile - DEBUG - [wrote RegularFileObject[bin\minecraft\net\minecraft\src\ItemDoor.class]]
2026-09-12 19:03 -    commands.recompile - DEBUG - [checking net.minecraft.src.ItemDye]
2026-09-12 19:03 -    commands.recompile - DEBUG - [wrote RegularFileObject[bin\minecraft\net\minecraft\src\ItemDye.class]]
2026-09-12 19:03 -    commands.recompile - DEBUG - [checking net.minecraft.src.ItemEgg]
2026-09-12 19:03 -    commands.recompile - DEBUG - [wrote RegularFileObject[bin\minecraft\net\minecraft\src\ItemEgg.class]]
2026-09-12 19:03 -    commands.recompile - DEBUG - [checking net.minecraft.src.ItemFishingRod]
2026-09-12 19:03 -    commands.recompile - DEBUG - [wrote RegularFileObject[bin\minecraft\net\minecraft\src\ItemFishingRod.class]]
2026-09-12 19:03 -    commands.recompile - DEBUG - [checking net.minecraft.src.ItemFlintAndSteel]
2026-09-12 19:03 -    commands.recompile - DEBUG - [wrote RegularFileObject[bin\minecraft\net\minecraft\src\ItemFlintAndSteel.class]]
2026-09-12 19:03 -    commands.recompile - DEBUG - [checking net.minecraft.src.ItemHoe]
2026-09-12 19:03 -    commands.recompile - DEBUG - [wrote RegularFileObject[bin\minecraft\net\minecraft\src\ItemHoe.class]]
2026-09-12 19:03 -    commands.recompile - DEBUG - [checking net.minecraft.src.ItemLeaves]
2026-09-12 19:03 -    commands.recompile - DEBUG - [wrote RegularFileObject[bin\minecraft\net\minecraft\src\ItemLeaves.class]]
2026-09-12 19:03 -    commands.recompile - DEBUG - [checking net.minecraft.src.ItemLog]
2026-09-12 19:03 -    commands.recompile - DEBUG - [wrote RegularFileObject[bin\minecraft\net\minecraft\src\ItemLog.class]]
2026-09-12 19:03 -    commands.recompile - DEBUG - [checking net.minecraft.src.ItemMinecart]
2026-09-12 19:03 -    commands.recompile - DEBUG - [wrote RegularFileObject[bin\minecraft\net\minecraft\src\ItemMinecart.class]]
2026-09-12 19:03 -    commands.recompile - DEBUG - [checking net.minecraft.src.ItemPainting]
2026-09-12 19:03 -    commands.recompile - DEBUG - [wrote RegularFileObject[bin\minecraft\net\minecraft\src\ItemPainting.class]]
2026-09-12 19:03 -    commands.recompile - DEBUG - [checking net.minecraft.src.ItemPickaxe]
2026-09-12 19:03 -    commands.recompile - DEBUG - [wrote RegularFileObject[bin\minecraft\net\minecraft\src\ItemPickaxe.class]]
2026-09-12 19:03 -    commands.recompile - DEBUG - [checking net.minecraft.src.ItemPiston]
2026-09-12 19:03 -    commands.recompile - DEBUG - [wrote RegularFileObject[bin\minecraft\net\minecraft\src\ItemPiston.class]]
2026-09-12 19:03 -    commands.recompile - DEBUG - [checking net.minecraft.src.ItemRecord]
2026-09-12 19:03 -    commands.recompile - DEBUG - [wrote RegularFileObject[bin\minecraft\net\minecraft\src\ItemRecord.class]]
2026-09-12 19:03 -    commands.recompile - DEBUG - [checking net.minecraft.src.ItemRedstone]
2026-09-12 19:03 -    commands.recompile - DEBUG - [wrote RegularFileObject[bin\minecraft\net\minecraft\src\ItemRedstone.class]]
2026-09-12 19:03 -    commands.recompile - DEBUG - [checking net.minecraft.src.ItemReed]
2026-09-12 19:03 -    commands.recompile - DEBUG - [wrote RegularFileObject[bin\minecraft\net\minecraft\src\ItemReed.class]]
2026-09-12 19:03 -    commands.recompile - DEBUG - [checking net.minecraft.src.ItemSaddle]
2026-09-12 19:03 -    commands.recompile - DEBUG - [wrote RegularFileObject[bin\minecraft\net\minecraft\src\ItemSaddle.class]]
2026-09-12 19:03 -    commands.recompile - DEBUG - [checking net.minecraft.src.ItemSapling]
2026-09-12 19:03 -    commands.recompile - DEBUG - [wrote RegularFileObject[bin\minecraft\net\minecraft\src\ItemSapling.class]]
2026-09-12 19:03 -    commands.recompile - DEBUG - [checking net.minecraft.src.ItemSeeds]
2026-09-12 19:03 -    commands.recompile - DEBUG - [wrote RegularFileObject[bin\minecraft\net\minecraft\src\ItemSeeds.class]]
2026-09-12 19:03 -    commands.recompile - DEBUG - [checking net.minecraft.src.ItemSign]
2026-09-12 19:03 -    commands.recompile - DEBUG - [wrote RegularFileObject[bin\minecraft\net\minecraft\src\ItemSign.class]]
2026-09-12 19:03 -    commands.recompile - DEBUG - [checking net.minecraft.src.ItemSlab]
2026-09-12 19:03 -    commands.recompile - DEBUG - [wrote RegularFileObject[bin\minecraft\net\minecraft\src\ItemSlab.class]]
2026-09-12 19:03 -    commands.recompile - DEBUG - [checking net.minecraft.src.ItemSnowball]
2026-09-12 19:03 -    commands.recompile - DEBUG - [wrote RegularFileObject[bin\minecraft\net\minecraft\src\ItemSnowball.class]]
2026-09-12 19:03 -    commands.recompile - DEBUG - [checking net.minecraft.src.ItemSoup]
2026-09-12 19:03 -    commands.recompile - DEBUG - [wrote RegularFileObject[bin\minecraft\net\minecraft\src\ItemSoup.class]]
2026-09-12 19:03 -    commands.recompile - DEBUG - [checking net.minecraft.src.ItemSpade]
2026-09-12 19:03 -    commands.recompile - DEBUG - [wrote RegularFileObject[bin\minecraft\net\minecraft\src\ItemSpade.class]]
2026-09-12 19:03 -    commands.recompile - DEBUG - [checking net.minecraft.src.ItemSpear]
2026-09-12 19:03 -    commands.recompile - DEBUG - [wrote RegularFileObject[bin\minecraft\net\minecraft\src\ItemSpear.class]]
2026-09-12 19:03 -    commands.recompile - DEBUG - [checking net.minecraft.src.ItemSword]
2026-09-12 19:03 -    commands.recompile - DEBUG - [wrote RegularFileObject[bin\minecraft\net\minecraft\src\ItemSword.class]]
2026-09-12 19:03 -    commands.recompile - DEBUG - [checking net.minecraft.src.J_ArrayNodeContainer]
2026-09-12 19:03 -    commands.recompile - DEBUG - [wrote RegularFileObject[bin\minecraft\net\minecraft\src\J_ArrayNodeContainer.class]]
2026-09-12 19:03 -    commands.recompile - DEBUG - [checking net.minecraft.src.J_NodeContainer]
2026-09-12 19:03 -    commands.recompile - DEBUG - [wrote RegularFileObject[bin\minecraft\net\minecraft\src\J_NodeContainer.class]]
2026-09-12 19:03 -    commands.recompile - DEBUG - [checking net.minecraft.src.J_JsonListenerToJdomAdapter]
2026-09-12 19:03 -    commands.recompile - DEBUG - [loading ZipFileIndexFileObject[C:\Program Files\Eclipse Adoptium\jdk-8.0.504.1-hotspot\lib\ct.sym(META-INF/sym/rt.jar/java/util/Vector.class)]]
2026-09-12 19:03 -    commands.recompile - DEBUG - [wrote RegularFileObject[bin\minecraft\net\minecraft\src\J_JsonListenerToJdomAdapter.class]]
2026-09-12 19:03 -    commands.recompile - DEBUG - [checking net.minecraft.src.J_JsonListener]
2026-09-12 19:03 -    commands.recompile - DEBUG - [wrote RegularFileObject[bin\minecraft\net\minecraft\src\J_JsonListener.class]]
2026-09-12 19:03 -    commands.recompile - DEBUG - [checking net.minecraft.src.J_JsonArrayNodeBuilder]
2026-09-12 19:03 -    commands.recompile - DEBUG - [wrote RegularFileObject[bin\minecraft\net\minecraft\src\J_JsonArrayNodeBuilder.class]]
2026-09-12 19:03 -    commands.recompile - DEBUG - [checking net.minecraft.src.J_JsonNodeBuilder]
2026-09-12 19:03 -    commands.recompile - DEBUG - [wrote RegularFileObject[bin\minecraft\net\minecraft\src\J_JsonNodeBuilder.class]]
2026-09-12 19:03 -    commands.recompile - DEBUG - [checking net.minecraft.src.J_JsonFieldBuilder]
2026-09-12 19:03 -    commands.recompile - DEBUG - [wrote RegularFileObject[bin\minecraft\net\minecraft\src\J_JsonFieldBuilder.class]]
2026-09-12 19:03 -    commands.recompile - DEBUG - [checking net.minecraft.src.J_JsonRootNode]
2026-09-12 19:03 -    commands.recompile - DEBUG - [checking net.minecraft.src.J_JsonNode]
2026-09-12 19:03 -    commands.recompile - DEBUG - [wrote RegularFileObject[bin\minecraft\net\minecraft\src\J_JsonRootNode.class]]
2026-09-12 19:03 -    commands.recompile - DEBUG - [wrote RegularFileObject[bin\minecraft\net\minecraft\src\J_JsonNode.class]]
2026-09-12 19:03 -    commands.recompile - DEBUG - [checking net.minecraft.src.J_JsonStringNode]
2026-09-12 19:03 -    commands.recompile - DEBUG - [loading ZipFileIndexFileObject[C:\Program Files\Eclipse Adoptium\jdk-8.0.504.1-hotspot\lib\ct.sym(META-INF/sym/rt.jar/java/lang/NullPointerException.class)]]
2026-09-12 19:03 -    commands.recompile - DEBUG - [wrote RegularFileObject[bin\minecraft\net\minecraft\src\J_JsonStringNode.class]]
2026-09-12 19:03 -    commands.recompile - DEBUG - [checking net.minecraft.src.J_JsonNodeSelector]
2026-09-12 19:03 -    commands.recompile - DEBUG - [wrote RegularFileObject[bin\minecraft\net\minecraft\src\J_JsonNodeSelector.class]]
2026-09-12 19:03 -    commands.recompile - DEBUG - [checking net.minecraft.src.J_Functor]
2026-09-12 19:03 -    commands.recompile - DEBUG - [wrote RegularFileObject[bin\minecraft\net\minecraft\src\J_Functor.class]]
2026-09-12 19:03 -    commands.recompile - DEBUG - [checking net.minecraft.src.J_ChainedFunctor]
2026-09-12 19:03 -    commands.recompile - DEBUG - [wrote RegularFileObject[bin\minecraft\net\minecraft\src\J_ChainedFunctor.class]]
2026-09-12 19:03 -    commands.recompile - DEBUG - [checking net.minecraft.src.J_CompactJsonFormatter]
2026-09-12 19:03 -    commands.recompile - DEBUG - [loading ZipFileIndexFileObject[C:\Program Files\Eclipse Adoptium\jdk-8.0.504.1-hotspot\lib\ct.sym(META-INF/sym/rt.jar/java/util/NavigableMap.class)]]
2026-09-12 19:03 -    commands.recompile - DEBUG - [wrote RegularFileObject[bin\minecraft\net\minecraft\src\J_CompactJsonFormatter.class]]
2026-09-12 19:03 -    commands.recompile - DEBUG - [checking net.minecraft.src.J_JsonFormatter]
2026-09-12 19:03 -    commands.recompile - DEBUG - [wrote RegularFileObject[bin\minecraft\net\minecraft\src\J_JsonFormatter.class]]
2026-09-12 19:03 -    commands.recompile - DEBUG - [checking net.minecraft.src.J_FieldNodeContainer]
2026-09-12 19:03 -    commands.recompile - DEBUG - [wrote RegularFileObject[bin\minecraft\net\minecraft\src\J_FieldNodeContainer.class]]
2026-09-12 19:03 -    commands.recompile - DEBUG - [checking net.minecraft.src.J_InvalidSyntaxException]
2026-09-12 19:03 -    commands.recompile - DEBUG - [wrote RegularFileObject[bin\minecraft\net\minecraft\src\J_InvalidSyntaxException.class]]
2026-09-12 19:03 -    commands.recompile - DEBUG - [checking net.minecraft.src.J_ThingWithPosition]
2026-09-12 19:03 -    commands.recompile - DEBUG - [wrote RegularFileObject[bin\minecraft\net\minecraft\src\J_ThingWithPosition.class]]
2026-09-12 19:03 -    commands.recompile - DEBUG - [checking net.minecraft.src.J_JdomParser]
2026-09-12 19:03 -    commands.recompile - DEBUG - [loading ZipFileIndexFileObject[C:\Program Files\Eclipse Adoptium\jdk-8.0.504.1-hotspot\lib\ct.sym(META-INF/sym/rt.jar/java/io/StringReader.class)]]
2026-09-12 19:03 -    commands.recompile - DEBUG - [wrote RegularFileObject[bin\minecraft\net\minecraft\src\J_JdomParser.class]]
2026-09-12 19:03 -    commands.recompile - DEBUG - [checking net.minecraft.src.J_JsonArray]
2026-09-12 19:03 -    commands.recompile - DEBUG - [wrote RegularFileObject[bin\minecraft\net\minecraft\src\J_JsonArray.class]]
2026-09-12 19:03 -    commands.recompile - DEBUG - [checking net.minecraft.src.J_JsonArrayNodeSelector]
2026-09-12 19:03 -    commands.recompile - DEBUG - [checking net.minecraft.src.J_LeafFunctor]
2026-09-12 19:03 -    commands.recompile - DEBUG - [wrote RegularFileObject[bin\minecraft\net\minecraft\src\J_JsonArrayNodeSelector.class]]
2026-09-12 19:03 -    commands.recompile - DEBUG - [wrote RegularFileObject[bin\minecraft\net\minecraft\src\J_LeafFunctor.class]]
2026-09-12 19:03 -    commands.recompile - DEBUG - [checking net.minecraft.src.J_JsonConstants]
2026-09-12 19:03 -    commands.recompile - DEBUG - [wrote RegularFileObject[bin\minecraft\net\minecraft\src\J_JsonConstants.class]]
2026-09-12 19:03 -    commands.recompile - DEBUG - [checking net.minecraft.src.J_JsonElementNodeSelector]
2026-09-12 19:03 -    commands.recompile - DEBUG - [wrote RegularFileObject[bin\minecraft\net\minecraft\src\J_JsonElementNodeSelector.class]]
2026-09-12 19:03 -    commands.recompile - DEBUG - [checking net.minecraft.src.J_JsonEscapedString]
2026-09-12 19:03 -    commands.recompile - DEBUG - [wrote RegularFileObject[bin\minecraft\net\minecraft\src\J_JsonEscapedString.class]]
2026-09-12 19:03 -    commands.recompile - DEBUG - [checking net.minecraft.src.J_JsonFalseNodeBuilder]
2026-09-12 19:03 -    commands.recompile - DEBUG - [wrote RegularFileObject[bin\minecraft\net\minecraft\src\J_JsonFalseNodeBuilder.class]]
2026-09-12 19:03 -    commands.recompile - DEBUG - [checking net.minecraft.src.J_JsonFieldNodeSelector]
2026-09-12 19:03 -    commands.recompile - DEBUG - [wrote RegularFileObject[bin\minecraft\net\minecraft\src\J_JsonFieldNodeSelector.class]]
2026-09-12 19:03 -    commands.recompile - DEBUG - [checking net.minecraft.src.J_JsonNodeBuilders]
2026-09-12 19:03 -    commands.recompile - DEBUG - [wrote RegularFileObject[bin\minecraft\net\minecraft\src\J_JsonNodeBuilders.class]]
2026-09-12 19:03 -    commands.recompile - DEBUG - [checking net.minecraft.src.J_JsonStringNodeBuilder]
2026-09-12 19:03 -    commands.recompile - DEBUG - [wrote RegularFileObject[bin\minecraft\net\minecraft\src\J_JsonStringNodeBuilder.class]]
2026-09-12 19:03 -    commands.recompile - DEBUG - [checking net.minecraft.src.J_JsonObjectNodeBuilder]
2026-09-12 19:03 -    commands.recompile - DEBUG - [wrote RegularFileObject[bin\minecraft\net\minecraft\src\J_JsonObjectNodeBuilder.class]]
2026-09-12 19:03 -    commands.recompile - DEBUG - [checking net.minecraft.src.J_JsonNodeDoesNotMatchChainedJsonNodeSelectorException]
2026-09-12 19:03 -    commands.recompile - DEBUG - [checking net.minecraft.src.J_JsonNodeDoesNotMatchJsonNodeSelectorException]
2026-09-12 19:03 -    commands.recompile - DEBUG - [wrote RegularFileObject[bin\minecraft\net\minecraft\src\J_JsonNodeDoesNotMatchChainedJsonNodeSelectorException.class]]
2026-09-12 19:03 -    commands.recompile - DEBUG - [wrote RegularFileObject[bin\minecraft\net\minecraft\src\J_JsonNodeDoesNotMatchJsonNodeSelectorException.class]]
2026-09-12 19:03 -    commands.recompile - DEBUG - [checking net.minecraft.src.J_JsonNodeDoesNotMatchPathElementsException]
2026-09-12 19:03 -    commands.recompile - DEBUG - [wrote RegularFileObject[bin\minecraft\net\minecraft\src\J_JsonNodeDoesNotMatchPathElementsException.class]]
2026-09-12 19:03 -    commands.recompile - DEBUG - [checking net.minecraft.src.J_JsonNodeFactories]
2026-09-12 19:03 -    commands.recompile - DEBUG - [wrote RegularFileObject[bin\minecraft\net\minecraft\src\J_JsonNodeFactories.class]]
2026-09-12 19:03 -    commands.recompile - DEBUG - [checking net.minecraft.src.J_JsonNodeList]
2026-09-12 19:03 -    commands.recompile - DEBUG - [loading ZipFileIndexFileObject[C:\Program Files\Eclipse Adoptium\jdk-8.0.504.1-hotspot\lib\ct.sym(META-INF/sym/rt.jar/java/util/ListIterator.class)]]
2026-09-12 19:03 -    commands.recompile - DEBUG - [loading ZipFileIndexFileObject[C:\Program Files\Eclipse Adoptium\jdk-8.0.504.1-hotspot\lib\ct.sym(META-INF/sym/rt.jar/java/util/Spliterator.class)]]
2026-09-12 19:03 -    commands.recompile - DEBUG - [loading ZipFileIndexFileObject[C:\Program Files\Eclipse Adoptium\jdk-8.0.504.1-hotspot\lib\ct.sym(META-INF/sym/rt.jar/java/util/function/UnaryOperator.class)]]
2026-09-12 19:03 -    commands.recompile - DEBUG - [loading ZipFileIndexFileObject[C:\Program Files\Eclipse Adoptium\jdk-8.0.504.1-hotspot\lib\ct.sym(META-INF/sym/rt.jar/java/util/function/Predicate.class)]]
2026-09-12 19:03 -    commands.recompile - DEBUG - [loading ZipFileIndexFileObject[C:\Program Files\Eclipse Adoptium\jdk-8.0.504.1-hotspot\lib\ct.sym(META-INF/sym/rt.jar/java/util/function/Consumer.class)]]
2026-09-12 19:03 -    commands.recompile - DEBUG - [wrote RegularFileObject[bin\minecraft\net\minecraft\src\J_JsonNodeList.class]]
2026-09-12 19:03 -    commands.recompile - DEBUG - [checking net.minecraft.src.J_JsonNodeSelectors]
2026-09-12 19:03 -    commands.recompile - DEBUG - [wrote RegularFileObject[bin\minecraft\net\minecraft\src\J_JsonNodeSelectors.class]]
2026-09-12 19:03 -    commands.recompile - DEBUG - [checking net.minecraft.src.J_JsonNullNodeBuilder]
2026-09-12 19:03 -    commands.recompile - DEBUG - [wrote RegularFileObject[bin\minecraft\net\minecraft\src\J_JsonNullNodeBuilder.class]]
2026-09-12 19:03 -    commands.recompile - DEBUG - [checking net.minecraft.src.J_JsonNumberNode]
2026-09-12 19:03 -    commands.recompile - DEBUG - [wrote RegularFileObject[bin\minecraft\net\minecraft\src\J_JsonNumberNode.class]]
2026-09-12 19:03 -    commands.recompile - DEBUG - [checking net.minecraft.src.J_JsonNumberNodeBuilder]
2026-09-12 19:03 -    commands.recompile - DEBUG - [wrote RegularFileObject[bin\minecraft\net\minecraft\src\J_JsonNumberNodeBuilder.class]]
2026-09-12 19:03 -    commands.recompile - DEBUG - [checking net.minecraft.src.J_JsonObject]
2026-09-12 19:03 -    commands.recompile - DEBUG - [wrote RegularFileObject[bin\minecraft\net\minecraft\src\J_JsonObject.class]]
2026-09-12 19:03 -    commands.recompile - DEBUG - [checking net.minecraft.src.J_JsonObjectNodeList]
2026-09-12 19:03 -    commands.recompile - DEBUG - [loading ZipFileIndexFileObject[C:\Program Files\Eclipse Adoptium\jdk-8.0.504.1-hotspot\lib\ct.sym(META-INF/sym/rt.jar/java/util/function/BiFunction.class)]]
2026-09-12 19:03 -    commands.recompile - DEBUG - [loading ZipFileIndexFileObject[C:\Program Files\Eclipse Adoptium\jdk-8.0.504.1-hotspot\lib\ct.sym(META-INF/sym/rt.jar/java/util/function/Function.class)]]
2026-09-12 19:03 -    commands.recompile - DEBUG - [loading ZipFileIndexFileObject[C:\Program Files\Eclipse Adoptium\jdk-8.0.504.1-hotspot\lib\ct.sym(META-INF/sym/rt.jar/java/util/function/BiConsumer.class)]]
2026-09-12 19:03 -    commands.recompile - DEBUG - [wrote RegularFileObject[bin\minecraft\net\minecraft\src\J_JsonObjectNodeList.class]]
2026-09-12 19:03 -    commands.recompile - DEBUG - [checking net.minecraft.src.J_JsonObjectNodeSelector]
2026-09-12 19:03 -    commands.recompile - DEBUG - [wrote RegularFileObject[bin\minecraft\net\minecraft\src\J_JsonObjectNodeSelector.class]]
2026-09-12 19:03 -    commands.recompile - DEBUG - [checking net.minecraft.src.J_JsonStringNodeSelector]
2026-09-12 19:03 -    commands.recompile - DEBUG - [wrote RegularFileObject[bin\minecraft\net\minecraft\src\J_JsonStringNodeSelector.class]]
2026-09-12 19:03 -    commands.recompile - DEBUG - [checking net.minecraft.src.J_JsonTrueNodeBuilder]
2026-09-12 19:03 -    commands.recompile - DEBUG - [wrote RegularFileObject[bin\minecraft\net\minecraft\src\J_JsonTrueNodeBuilder.class]]
2026-09-12 19:03 -    commands.recompile - DEBUG - [checking net.minecraft.src.J_ObjectNodeContainer]
2026-09-12 19:03 -    commands.recompile - DEBUG - [wrote RegularFileObject[bin\minecraft\net\minecraft\src\J_ObjectNodeContainer.class]]
2026-09-12 19:03 -    commands.recompile - DEBUG - [checking net.minecraft.src.J_PositionTrackingPushbackReader]
2026-09-12 19:03 -    commands.recompile - DEBUG - [loading ZipFileIndexFileObject[C:\Program Files\Eclipse Adoptium\jdk-8.0.504.1-hotspot\lib\ct.sym(META-INF/sym/rt.jar/java/io/FilterReader.class)]]
2026-09-12 19:03 -    commands.recompile - DEBUG - [loading ZipFileIndexFileObject[C:\Program Files\Eclipse Adoptium\jdk-8.0.504.1-hotspot\lib\ct.sym(META-INF/sym/rt.jar/java/nio/CharBuffer.class)]]
2026-09-12 19:03 -    commands.recompile - DEBUG - [wrote RegularFileObject[bin\minecraft\net\minecraft\src\J_PositionTrackingPushbackReader.class]]
2026-09-12 19:03 -    commands.recompile - DEBUG - [checking net.minecraft.src.J_SajParser]
2026-09-12 19:03 -    commands.recompile - DEBUG - [wrote RegularFileObject[bin\minecraft\net\minecraft\src\J_SajParser.class]]
2026-09-12 19:03 -    commands.recompile - DEBUG - [checking net.minecraft.src.MapCoord]
2026-09-12 19:03 -    commands.recompile - DEBUG - [wrote RegularFileObject[bin\minecraft\net\minecraft\src\MapCoord.class]]
2026-09-12 19:03 -    commands.recompile - DEBUG - [checking net.minecraft.src.MapGenCaves]
2026-09-12 19:03 -    commands.recompile - DEBUG - [wrote RegularFileObject[bin\minecraft\net\minecraft\src\MapGenCaves.class]]
2026-09-12 19:03 -    commands.recompile - DEBUG - [checking net.minecraft.src.MapGenCavesHell]
2026-09-12 19:03 -    commands.recompile - DEBUG - [wrote RegularFileObject[bin\minecraft\net\minecraft\src\MapGenCavesHell.class]]
2026-09-12 19:03 -    commands.recompile - DEBUG - [checking net.minecraft.src.MapInfo]
2026-09-12 19:03 -    commands.recompile - DEBUG - [wrote RegularFileObject[bin\minecraft\net\minecraft\src\MapInfo.class]]
2026-09-12 19:03 -    commands.recompile - DEBUG - [checking net.minecraft.src.MaterialLiquid]
2026-09-12 19:03 -    commands.recompile - DEBUG - [wrote RegularFileObject[bin\minecraft\net\minecraft\src\MaterialLiquid.class]]
2026-09-12 19:03 -    commands.recompile - DEBUG - [checking net.minecraft.src.MaterialLogic]
2026-09-12 19:03 -    commands.recompile - DEBUG - [wrote RegularFileObject[bin\minecraft\net\minecraft\src\MaterialLogic.class]]
2026-09-12 19:03 -    commands.recompile - DEBUG - [checking net.minecraft.src.MaterialPortal]
2026-09-12 19:03 -    commands.recompile - DEBUG - [wrote RegularFileObject[bin\minecraft\net\minecraft\src\MaterialPortal.class]]
2026-09-12 19:03 -    commands.recompile - DEBUG - [checking net.minecraft.src.MaterialTransparent]
2026-09-12 19:03 -    commands.recompile - DEBUG - [wrote RegularFileObject[bin\minecraft\net\minecraft\src\MaterialTransparent.class]]
2026-09-12 19:03 -    commands.recompile - DEBUG - [checking net.minecraft.src.MathHelper]
2026-09-12 19:03 -    commands.recompile - DEBUG - [wrote RegularFileObject[bin\minecraft\net\minecraft\src\MathHelper.class]]
2026-09-12 19:03 -    commands.recompile - DEBUG - [checking net.minecraft.src.McRegionChunkLoader]
2026-09-12 19:03 -    commands.recompile - DEBUG - [wrote RegularFileObject[bin\minecraft\net\minecraft\src\McRegionChunkLoader.class]]
2026-09-12 19:03 -    commands.recompile - DEBUG - [checking net.minecraft.src.MD5String]
2026-09-12 19:03 -    commands.recompile - DEBUG - [loading ZipFileIndexFileObject[C:\Program Files\Eclipse Adoptium\jdk-8.0.504.1-hotspot\lib\ct.sym(META-INF/sym/rt.jar/java/security/MessageDigestSpi.class)]]
2026-09-12 19:03 -    commands.recompile - DEBUG - [loading ZipFileIndexFileObject[C:\Program Files\Eclipse Adoptium\jdk-8.0.504.1-hotspot\lib\ct.sym(META-INF/sym/rt.jar/java/security/GeneralSecurityException.class)]]
2026-09-12 19:03 -    commands.recompile - DEBUG - [wrote RegularFileObject[bin\minecraft\net\minecraft\src\MD5String.class]]
2026-09-12 19:03 -    commands.recompile - DEBUG - [checking net.minecraft.src.MetadataChunkBlock]
2026-09-12 19:03 -    commands.recompile - DEBUG - [wrote RegularFileObject[bin\minecraft\net\minecraft\src\MetadataChunkBlock.class]]
2026-09-12 19:03 -    commands.recompile - DEBUG - [checking net.minecraft.src.MinecraftAppletImpl]
2026-09-12 19:03 -    commands.recompile - DEBUG - [wrote RegularFileObject[bin\minecraft\net\minecraft\src\MinecraftAppletImpl.class]]
2026-09-12 19:03 -    commands.recompile - DEBUG - [checking net.minecraft.src.MinecraftError]
2026-09-12 19:03 -    commands.recompile - DEBUG - [wrote RegularFileObject[bin\minecraft\net\minecraft\src\MinecraftError.class]]
2026-09-12 19:03 -    commands.recompile - DEBUG - [checking net.minecraft.src.MinecraftException]
2026-09-12 19:03 -    commands.recompile - DEBUG - [wrote RegularFileObject[bin\minecraft\net\minecraft\src\MinecraftException.class]]
2026-09-12 19:03 -    commands.recompile - DEBUG - [checking net.minecraft.src.MinecraftImpl]
2026-09-12 19:03 -    commands.recompile - DEBUG - [wrote RegularFileObject[bin\minecraft\net\minecraft\src\MinecraftImpl.class]]
2026-09-12 19:03 -    commands.recompile - DEBUG - [checking net.minecraft.src.ModelBed]
2026-09-12 19:03 -    commands.recompile - DEBUG - [wrote RegularFileObject[bin\minecraft\net\minecraft\src\ModelBed.class]]
2026-09-12 19:03 -    commands.recompile - DEBUG - [checking net.minecraft.src.ModelBoat]
2026-09-12 19:03 -    commands.recompile - DEBUG - [wrote RegularFileObject[bin\minecraft\net\minecraft\src\ModelBoat.class]]
2026-09-12 19:03 -    commands.recompile - DEBUG - [checking net.minecraft.src.ModelChicken]
2026-09-12 19:03 -    commands.recompile - DEBUG - [wrote RegularFileObject[bin\minecraft\net\minecraft\src\ModelChicken.class]]
2026-09-12 19:03 -    commands.recompile - DEBUG - [checking net.minecraft.src.ModelCow]
2026-09-12 19:03 -    commands.recompile - DEBUG - [checking net.minecraft.src.ModelQuadruped]
2026-09-12 19:03 -    commands.recompile - DEBUG - [wrote RegularFileObject[bin\minecraft\net\minecraft\src\ModelCow.class]]
2026-09-12 19:03 -    commands.recompile - DEBUG - [wrote RegularFileObject[bin\minecraft\net\minecraft\src\ModelQuadruped.class]]
2026-09-12 19:03 -    commands.recompile - DEBUG - [checking net.minecraft.src.ModelCreeper]
2026-09-12 19:03 -    commands.recompile - DEBUG - [wrote RegularFileObject[bin\minecraft\net\minecraft\src\ModelCreeper.class]]
2026-09-12 19:03 -    commands.recompile - DEBUG - [checking net.minecraft.src.ModelGhast]
2026-09-12 19:03 -    commands.recompile - DEBUG - [wrote RegularFileObject[bin\minecraft\net\minecraft\src\ModelGhast.class]]
2026-09-12 19:03 -    commands.recompile - DEBUG - [checking net.minecraft.src.ModelMinecart]
2026-09-12 19:03 -    commands.recompile - DEBUG - [wrote RegularFileObject[bin\minecraft\net\minecraft\src\ModelMinecart.class]]
2026-09-12 19:03 -    commands.recompile - DEBUG - [checking net.minecraft.src.ModelPig]
2026-09-12 19:03 -    commands.recompile - DEBUG - [wrote RegularFileObject[bin\minecraft\net\minecraft\src\ModelPig.class]]
2026-09-12 19:03 -    commands.recompile - DEBUG - [checking net.minecraft.src.ModelSheep1]
2026-09-12 19:03 -    commands.recompile - DEBUG - [wrote RegularFileObject[bin\minecraft\net\minecraft\src\ModelSheep1.class]]
2026-09-12 19:03 -    commands.recompile - DEBUG - [checking net.minecraft.src.ModelSheep2]
2026-09-12 19:03 -    commands.recompile - DEBUG - [wrote RegularFileObject[bin\minecraft\net\minecraft\src\ModelSheep2.class]]
2026-09-12 19:03 -    commands.recompile - DEBUG - [checking net.minecraft.src.ModelSkeleton]
2026-09-12 19:03 -    commands.recompile - DEBUG - [checking net.minecraft.src.ModelZombie]
2026-09-12 19:03 -    commands.recompile - DEBUG - [wrote RegularFileObject[bin\minecraft\net\minecraft\src\ModelSkeleton.class]]
2026-09-12 19:03 -    commands.recompile - DEBUG - [wrote RegularFileObject[bin\minecraft\net\minecraft\src\ModelZombie.class]]
2026-09-12 19:03 -    commands.recompile - DEBUG - [checking net.minecraft.src.ModelSlime]
2026-09-12 19:03 -    commands.recompile - DEBUG - [wrote RegularFileObject[bin\minecraft\net\minecraft\src\ModelSlime.class]]
2026-09-12 19:03 -    commands.recompile - DEBUG - [checking net.minecraft.src.ModelSpider]
2026-09-12 19:03 -    commands.recompile - DEBUG - [wrote RegularFileObject[bin\minecraft\net\minecraft\src\ModelSpider.class]]
2026-09-12 19:03 -    commands.recompile - DEBUG - [checking net.minecraft.src.ModelSquid]
2026-09-12 19:03 -    commands.recompile - DEBUG - [wrote RegularFileObject[bin\minecraft\net\minecraft\src\ModelSquid.class]]
2026-09-12 19:03 -    commands.recompile - DEBUG - [checking net.minecraft.src.ModelWolf]
2026-09-12 19:03 -    commands.recompile - DEBUG - [wrote RegularFileObject[bin\minecraft\net\minecraft\src\ModelWolf.class]]
2026-09-12 19:03 -    commands.recompile - DEBUG - [checking net.minecraft.src.MovementInputFromOptions]
2026-09-12 19:03 -    commands.recompile - DEBUG - [wrote RegularFileObject[bin\minecraft\net\minecraft\src\MovementInputFromOptions.class]]
2026-09-12 19:03 -    commands.recompile - DEBUG - [checking net.minecraft.src.MusInputStream]
2026-09-12 19:03 -    commands.recompile - DEBUG - [wrote RegularFileObject[bin\minecraft\net\minecraft\src\MusInputStream.class]]
2026-09-12 19:03 -    commands.recompile - DEBUG - [checking net.minecraft.src.NBTTagByte]
2026-09-12 19:03 -    commands.recompile - DEBUG - [wrote RegularFileObject[bin\minecraft\net\minecraft\src\NBTTagByte.class]]
2026-09-12 19:03 -    commands.recompile - DEBUG - [checking net.minecraft.src.NBTTagByteArray]
2026-09-12 19:03 -    commands.recompile - DEBUG - [wrote RegularFileObject[bin\minecraft\net\minecraft\src\NBTTagByteArray.class]]
2026-09-12 19:03 -    commands.recompile - DEBUG - [checking net.minecraft.src.NBTTagDouble]
2026-09-12 19:03 -    commands.recompile - DEBUG - [wrote RegularFileObject[bin\minecraft\net\minecraft\src\NBTTagDouble.class]]
2026-09-12 19:03 -    commands.recompile - DEBUG - [checking net.minecraft.src.NBTTagEnd]
2026-09-12 19:03 -    commands.recompile - DEBUG - [wrote RegularFileObject[bin\minecraft\net\minecraft\src\NBTTagEnd.class]]
2026-09-12 19:03 -    commands.recompile - DEBUG - [checking net.minecraft.src.NBTTagFloat]
2026-09-12 19:03 -    commands.recompile - DEBUG - [wrote RegularFileObject[bin\minecraft\net\minecraft\src\NBTTagFloat.class]]
2026-09-12 19:03 -    commands.recompile - DEBUG - [checking net.minecraft.src.NBTTagInt]
2026-09-12 19:03 -    commands.recompile - DEBUG - [wrote RegularFileObject[bin\minecraft\net\minecraft\src\NBTTagInt.class]]
2026-09-12 19:03 -    commands.recompile - DEBUG - [checking net.minecraft.src.NBTTagLong]
2026-09-12 19:03 -    commands.recompile - DEBUG - [wrote RegularFileObject[bin\minecraft\net\minecraft\src\NBTTagLong.class]]
2026-09-12 19:03 -    commands.recompile - DEBUG - [checking net.minecraft.src.NBTTagShort]
2026-09-12 19:03 -    commands.recompile - DEBUG - [wrote RegularFileObject[bin\minecraft\net\minecraft\src\NBTTagShort.class]]
2026-09-12 19:03 -    commands.recompile - DEBUG - [checking net.minecraft.src.NBTTagString]
2026-09-12 19:03 -    commands.recompile - DEBUG - [wrote RegularFileObject[bin\minecraft\net\minecraft\src\NBTTagString.class]]
2026-09-12 19:03 -    commands.recompile - DEBUG - [checking net.minecraft.src.NetworkMasterThread]
2026-09-12 19:03 -    commands.recompile - DEBUG - [wrote RegularFileObject[bin\minecraft\net\minecraft\src\NetworkMasterThread.class]]
2026-09-12 19:03 -    commands.recompile - DEBUG - [checking net.minecraft.src.NetworkReaderThread]
2026-09-12 19:03 -    commands.recompile - DEBUG - [wrote RegularFileObject[bin\minecraft\net\minecraft\src\NetworkReaderThread.class]]
2026-09-12 19:03 -    commands.recompile - DEBUG - [checking net.minecraft.src.NetworkWriterThread]
2026-09-12 19:03 -    commands.recompile - DEBUG - [wrote RegularFileObject[bin\minecraft\net\minecraft\src\NetworkWriterThread.class]]
2026-09-12 19:03 -    commands.recompile - DEBUG - [checking net.minecraft.src.NextTickListEntry]
2026-09-12 19:03 -    commands.recompile - DEBUG - [wrote RegularFileObject[bin\minecraft\net\minecraft\src\NextTickListEntry.class]]
2026-09-12 19:03 -    commands.recompile - DEBUG - [checking net.minecraft.src.OsMap]
2026-09-12 19:03 -    commands.recompile - DEBUG - [wrote RegularFileObject[bin\minecraft\net\minecraft\src\OsMap.class]]
2026-09-12 19:03 -    commands.recompile - DEBUG - [checking net.minecraft.src.Packet0KeepAlive]
2026-09-12 19:03 -    commands.recompile - DEBUG - [wrote RegularFileObject[bin\minecraft\net\minecraft\src\Packet0KeepAlive.class]]
2026-09-12 19:03 -    commands.recompile - DEBUG - [checking net.minecraft.src.Packet11PlayerPosition]
2026-09-12 19:03 -    commands.recompile - DEBUG - [wrote RegularFileObject[bin\minecraft\net\minecraft\src\Packet11PlayerPosition.class]]
2026-09-12 19:03 -    commands.recompile - DEBUG - [checking net.minecraft.src.Packet12PlayerLook]
2026-09-12 19:03 -    commands.recompile - DEBUG - [wrote RegularFileObject[bin\minecraft\net\minecraft\src\Packet12PlayerLook.class]]
2026-09-12 19:03 -    commands.recompile - DEBUG - [checking net.minecraft.src.Packet13PlayerLookMove]
2026-09-12 19:03 -    commands.recompile - DEBUG - [wrote RegularFileObject[bin\minecraft\net\minecraft\src\Packet13PlayerLookMove.class]]
2026-09-12 19:03 -    commands.recompile - DEBUG - [checking net.minecraft.src.Packet31RelEntityMove]
2026-09-12 19:03 -    commands.recompile - DEBUG - [wrote RegularFileObject[bin\minecraft\net\minecraft\src\Packet31RelEntityMove.class]]
2026-09-12 19:03 -    commands.recompile - DEBUG - [checking net.minecraft.src.Packet32EntityLook]
2026-09-12 19:03 -    commands.recompile - DEBUG - [wrote RegularFileObject[bin\minecraft\net\minecraft\src\Packet32EntityLook.class]]
2026-09-12 19:03 -    commands.recompile - DEBUG - [checking net.minecraft.src.Packet33RelEntityMoveLook]
2026-09-12 19:03 -    commands.recompile - DEBUG - [wrote RegularFileObject[bin\minecraft\net\minecraft\src\Packet33RelEntityMoveLook.class]]
2026-09-12 19:03 -    commands.recompile - DEBUG - [checking net.minecraft.src.PacketCounter]
2026-09-12 19:03 -    commands.recompile - DEBUG - [wrote RegularFileObject[bin\minecraft\net\minecraft\src\PacketCounter.class]]
2026-09-12 19:03 -    commands.recompile - DEBUG - [checking net.minecraft.src.PanelCrashReport]
2026-09-12 19:03 -    commands.recompile - DEBUG - [loading ZipFileIndexFileObject[C:\Program Files\Eclipse Adoptium\jdk-8.0.504.1-hotspot\lib\ct.sym(META-INF/sym/rt.jar/java/lang/Throwable$PrintStreamOrWriter.class)]]
2026-09-12 19:03 -    commands.recompile - DEBUG - [loading ZipFileIndexFileObject[C:\Program Files\Eclipse Adoptium\jdk-8.0.504.1-hotspot\lib\ct.sym(META-INF/sym/rt.jar/java/awt/TextArea.class)]]
2026-09-12 19:03 -    commands.recompile - DEBUG - [loading ZipFileIndexFileObject[C:\Program Files\Eclipse Adoptium\jdk-8.0.504.1-hotspot\lib\ct.sym(META-INF/sym/rt.jar/java/awt/Font.class)]]
2026-09-12 19:03 -    commands.recompile - DEBUG - [loading ZipFileIndexFileObject[C:\Program Files\Eclipse Adoptium\jdk-8.0.504.1-hotspot\lib\ct.sym(META-INF/sym/rt.jar/java/awt/TextComponent.class)]]
2026-09-12 19:03 -    commands.recompile - DEBUG - [wrote RegularFileObject[bin\minecraft\net\minecraft\src\PanelCrashReport.class]]
2026-09-12 19:03 -    commands.recompile - DEBUG - [checking net.minecraft.src.Particle]
2026-09-12 19:03 -    commands.recompile - DEBUG - [wrote RegularFileObject[bin\minecraft\net\minecraft\src\Particle.class]]
2026-09-12 19:03 -    commands.recompile - DEBUG - [checking net.minecraft.src.Path]
2026-09-12 19:03 -    commands.recompile - DEBUG - [wrote RegularFileObject[bin\minecraft\net\minecraft\src\Path.class]]
2026-09-12 19:03 -    commands.recompile - DEBUG - [checking net.minecraft.src.Pathfinder]
2026-09-12 19:03 -    commands.recompile - DEBUG - [wrote RegularFileObject[bin\minecraft\net\minecraft\src\Pathfinder.class]]
2026-09-12 19:03 -    commands.recompile - DEBUG - [checking net.minecraft.src.PistonBlockTextures]
2026-09-12 19:03 -    commands.recompile - DEBUG - [wrote RegularFileObject[bin\minecraft\net\minecraft\src\PistonBlockTextures.class]]
2026-09-12 19:03 -    commands.recompile - DEBUG - [checking net.minecraft.src.PlayerControllerMP]
2026-09-12 19:03 -    commands.recompile - DEBUG - [wrote RegularFileObject[bin\minecraft\net\minecraft\src\PlayerControllerMP.class]]
2026-09-12 19:03 -    commands.recompile - DEBUG - [checking net.minecraft.src.PlayerControllerSP]
2026-09-12 19:03 -    commands.recompile - DEBUG - [wrote RegularFileObject[bin\minecraft\net\minecraft\src\PlayerControllerSP.class]]
2026-09-12 19:03 -    commands.recompile - DEBUG - [checking net.minecraft.src.PlayerControllerTest]
2026-09-12 19:03 -    commands.recompile - DEBUG - [wrote RegularFileObject[bin\minecraft\net\minecraft\src\PlayerControllerTest.class]]
2026-09-12 19:03 -    commands.recompile - DEBUG - [checking net.minecraft.src.RailLogic]
2026-09-12 19:03 -    commands.recompile - DEBUG - [wrote RegularFileObject[bin\minecraft\net\minecraft\src\RailLogic.class]]
2026-09-12 19:03 -    commands.recompile - DEBUG - [checking net.minecraft.src.RecipesArmor]
2026-09-12 19:03 -    commands.recompile - DEBUG - [wrote RegularFileObject[bin\minecraft\net\minecraft\src\RecipesArmor.class]]
2026-09-12 19:03 -    commands.recompile - DEBUG - [checking net.minecraft.src.RecipesCrafting]
2026-09-12 19:03 -    commands.recompile - DEBUG - [wrote RegularFileObject[bin\minecraft\net\minecraft\src\RecipesCrafting.class]]
2026-09-12 19:03 -    commands.recompile - DEBUG - [checking net.minecraft.src.RecipesDyes]
2026-09-12 19:03 -    commands.recompile - DEBUG - [wrote RegularFileObject[bin\minecraft\net\minecraft\src\RecipesDyes.class]]
2026-09-12 19:03 -    commands.recompile - DEBUG - [checking net.minecraft.src.RecipesFood]
2026-09-12 19:03 -    commands.recompile - DEBUG - [wrote RegularFileObject[bin\minecraft\net\minecraft\src\RecipesFood.class]]
2026-09-12 19:03 -    commands.recompile - DEBUG - [checking net.minecraft.src.RecipesIngots]
2026-09-12 19:03 -    commands.recompile - DEBUG - [wrote RegularFileObject[bin\minecraft\net\minecraft\src\RecipesIngots.class]]
2026-09-12 19:03 -    commands.recompile - DEBUG - [checking net.minecraft.src.RecipeSorter]
2026-09-12 19:03 -    commands.recompile - DEBUG - [wrote RegularFileObject[bin\minecraft\net\minecraft\src\RecipeSorter.class]]
2026-09-12 19:03 -    commands.recompile - DEBUG - [checking net.minecraft.src.RecipesTools]
2026-09-12 19:03 -    commands.recompile - DEBUG - [wrote RegularFileObject[bin\minecraft\net\minecraft\src\RecipesTools.class]]
2026-09-12 19:03 -    commands.recompile - DEBUG - [checking net.minecraft.src.RecipesWeapons]
2026-09-12 19:03 -    commands.recompile - DEBUG - [wrote RegularFileObject[bin\minecraft\net\minecraft\src\RecipesWeapons.class]]
2026-09-12 19:03 -    commands.recompile - DEBUG - [checking net.minecraft.src.RedstoneUpdateInfo]
2026-09-12 19:03 -    commands.recompile - DEBUG - [wrote RegularFileObject[bin\minecraft\net\minecraft\src\RedstoneUpdateInfo.class]]
2026-09-12 19:03 -    commands.recompile - DEBUG - [checking net.minecraft.src.RegionFile]
2026-09-12 19:03 -    commands.recompile - DEBUG - [loading ZipFileIndexFileObject[C:\Program Files\Eclipse Adoptium\jdk-8.0.504.1-hotspot\lib\ct.sym(META-INF/sym/rt.jar/java/io/ByteArrayInputStream.class)]]
2026-09-12 19:03 -    commands.recompile - DEBUG - [wrote RegularFileObject[bin\minecraft\net\minecraft\src\RegionFile.class]]
2026-09-12 19:03 -    commands.recompile - DEBUG - [checking net.minecraft.src.RegionFileCache]
2026-09-12 19:03 -    commands.recompile - DEBUG - [wrote RegularFileObject[bin\minecraft\net\minecraft\src\RegionFileCache.class]]
2026-09-12 19:03 -    commands.recompile - DEBUG - [checking net.minecraft.src.RegionFileChunkBuffer]
2026-09-12 19:03 -    commands.recompile - DEBUG - [wrote RegularFileObject[bin\minecraft\net\minecraft\src\RegionFileChunkBuffer.class]]
2026-09-12 19:03 -    commands.recompile - DEBUG - [checking net.minecraft.src.RenderArrow]
2026-09-12 19:03 -    commands.recompile - DEBUG - [wrote RegularFileObject[bin\minecraft\net\minecraft\src\RenderArrow.class]]
2026-09-12 19:03 -    commands.recompile - DEBUG - [checking net.minecraft.src.RenderBiped]
2026-09-12 19:03 -    commands.recompile - DEBUG - [checking net.minecraft.src.RenderLiving]
2026-09-12 19:03 -    commands.recompile - DEBUG - [wrote RegularFileObject[bin\minecraft\net\minecraft\src\RenderBiped.class]]
2026-09-12 19:03 -    commands.recompile - DEBUG - [wrote RegularFileObject[bin\minecraft\net\minecraft\src\RenderLiving.class]]
2026-09-12 19:03 -    commands.recompile - DEBUG - [checking net.minecraft.src.RenderBoat]
2026-09-12 19:03 -    commands.recompile - DEBUG - [wrote RegularFileObject[bin\minecraft\net\minecraft\src\RenderBoat.class]]
2026-09-12 19:03 -    commands.recompile - DEBUG - [checking net.minecraft.src.RenderChicken]
2026-09-12 19:03 -    commands.recompile - DEBUG - [wrote RegularFileObject[bin\minecraft\net\minecraft\src\RenderChicken.class]]
2026-09-12 19:03 -    commands.recompile - DEBUG - [checking net.minecraft.src.RenderCow]
2026-09-12 19:03 -    commands.recompile - DEBUG - [wrote RegularFileObject[bin\minecraft\net\minecraft\src\RenderCow.class]]
2026-09-12 19:03 -    commands.recompile - DEBUG - [checking net.minecraft.src.RenderCreeper]
2026-09-12 19:03 -    commands.recompile - DEBUG - [wrote RegularFileObject[bin\minecraft\net\minecraft\src\RenderCreeper.class]]
2026-09-12 19:03 -    commands.recompile - DEBUG - [checking net.minecraft.src.RenderEntity]
2026-09-12 19:03 -    commands.recompile - DEBUG - [wrote RegularFileObject[bin\minecraft\net\minecraft\src\RenderEntity.class]]
2026-09-12 19:03 -    commands.recompile - DEBUG - [checking net.minecraft.src.RenderFallingSand]
2026-09-12 19:03 -    commands.recompile - DEBUG - [wrote RegularFileObject[bin\minecraft\net\minecraft\src\RenderFallingSand.class]]
2026-09-12 19:03 -    commands.recompile - DEBUG - [checking net.minecraft.src.RenderFireball]
2026-09-12 19:03 -    commands.recompile - DEBUG - [wrote RegularFileObject[bin\minecraft\net\minecraft\src\RenderFireball.class]]
2026-09-12 19:03 -    commands.recompile - DEBUG - [checking net.minecraft.src.RenderFish]
2026-09-12 19:03 -    commands.recompile - DEBUG - [wrote RegularFileObject[bin\minecraft\net\minecraft\src\RenderFish.class]]
2026-09-12 19:03 -    commands.recompile - DEBUG - [checking net.minecraft.src.RenderGhast]
2026-09-12 19:03 -    commands.recompile - DEBUG - [wrote RegularFileObject[bin\minecraft\net\minecraft\src\RenderGhast.class]]
2026-09-12 19:03 -    commands.recompile - DEBUG - [checking net.minecraft.src.RenderGiantZombie]
2026-09-12 19:03 -    commands.recompile - DEBUG - [wrote RegularFileObject[bin\minecraft\net\minecraft\src\RenderGiantZombie.class]]
2026-09-12 19:03 -    commands.recompile - DEBUG - [checking net.minecraft.src.RenderHelper]
2026-09-12 19:03 -    commands.recompile - DEBUG - [wrote RegularFileObject[bin\minecraft\net\minecraft\src\RenderHelper.class]]
2026-09-12 19:03 -    commands.recompile - DEBUG - [checking net.minecraft.src.RenderLightningBolt]
2026-09-12 19:03 -    commands.recompile - DEBUG - [wrote RegularFileObject[bin\minecraft\net\minecraft\src\RenderLightningBolt.class]]
2026-09-12 19:03 -    commands.recompile - DEBUG - [checking net.minecraft.src.RenderMinecart]
2026-09-12 19:03 -    commands.recompile - DEBUG - [wrote RegularFileObject[bin\minecraft\net\minecraft\src\RenderMinecart.class]]
2026-09-12 19:03 -    commands.recompile - DEBUG - [checking net.minecraft.src.RenderPainting]
2026-09-12 19:03 -    commands.recompile - DEBUG - [wrote RegularFileObject[bin\minecraft\net\minecraft\src\RenderPainting.class]]
2026-09-12 19:03 -    commands.recompile - DEBUG - [checking net.minecraft.src.RenderPig]
2026-09-12 19:03 -    commands.recompile - DEBUG - [wrote RegularFileObject[bin\minecraft\net\minecraft\src\RenderPig.class]]
2026-09-12 19:03 -    commands.recompile - DEBUG - [checking net.minecraft.src.RenderPlayer]
2026-09-12 19:03 -    commands.recompile - DEBUG - [wrote RegularFileObject[bin\minecraft\net\minecraft\src\RenderPlayer.class]]
2026-09-12 19:03 -    commands.recompile - DEBUG - [checking net.minecraft.src.RenderSheep]
2026-09-12 19:03 -    commands.recompile - DEBUG - [wrote RegularFileObject[bin\minecraft\net\minecraft\src\RenderSheep.class]]
2026-09-12 19:03 -    commands.recompile - DEBUG - [checking net.minecraft.src.RenderSlime]
2026-09-12 19:03 -    commands.recompile - DEBUG - [wrote RegularFileObject[bin\minecraft\net\minecraft\src\RenderSlime.class]]
2026-09-12 19:03 -    commands.recompile - DEBUG - [checking net.minecraft.src.RenderSnowball]
2026-09-12 19:03 -    commands.recompile - DEBUG - [wrote RegularFileObject[bin\minecraft\net\minecraft\src\RenderSnowball.class]]
2026-09-12 19:03 -    commands.recompile - DEBUG - [checking net.minecraft.src.RenderSorter]
2026-09-12 19:03 -    commands.recompile - DEBUG - [wrote RegularFileObject[bin\minecraft\net\minecraft\src\RenderSorter.class]]
2026-09-12 19:03 -    commands.recompile - DEBUG - [checking net.minecraft.src.RenderSpider]
2026-09-12 19:03 -    commands.recompile - DEBUG - [wrote RegularFileObject[bin\minecraft\net\minecraft\src\RenderSpider.class]]
2026-09-12 19:03 -    commands.recompile - DEBUG - [checking net.minecraft.src.RenderSquid]
2026-09-12 19:03 -    commands.recompile - DEBUG - [wrote RegularFileObject[bin\minecraft\net\minecraft\src\RenderSquid.class]]
2026-09-12 19:03 -    commands.recompile - DEBUG - [checking net.minecraft.src.RenderTNTPrimed]
2026-09-12 19:03 -    commands.recompile - DEBUG - [wrote RegularFileObject[bin\minecraft\net\minecraft\src\RenderTNTPrimed.class]]
2026-09-12 19:03 -    commands.recompile - DEBUG - [checking net.minecraft.src.RenderWolf]
2026-09-12 19:03 -    commands.recompile - DEBUG - [wrote RegularFileObject[bin\minecraft\net\minecraft\src\RenderWolf.class]]
2026-09-12 19:03 -    commands.recompile - DEBUG - [checking net.minecraft.src.SaveConverterMcRegion]
2026-09-12 19:03 -    commands.recompile - DEBUG - [checking net.minecraft.src.SaveFormatOld]
2026-09-12 19:03 -    commands.recompile - DEBUG - [wrote RegularFileObject[bin\minecraft\net\minecraft\src\SaveConverterMcRegion.class]]
2026-09-12 19:03 -    commands.recompile - DEBUG - [wrote RegularFileObject[bin\minecraft\net\minecraft\src\SaveFormatOld.class]]
2026-09-12 19:03 -    commands.recompile - DEBUG - [checking net.minecraft.src.SaveFormatComparator]
2026-09-12 19:03 -    commands.recompile - DEBUG - [wrote RegularFileObject[bin\minecraft\net\minecraft\src\SaveFormatComparator.class]]
2026-09-12 19:03 -    commands.recompile - DEBUG - [checking net.minecraft.src.SaveHandler]
2026-09-12 19:03 -    commands.recompile - DEBUG - [wrote RegularFileObject[bin\minecraft\net\minecraft\src\SaveHandler.class]]
2026-09-12 19:03 -    commands.recompile - DEBUG - [checking net.minecraft.src.SaveHandlerMP]
2026-09-12 19:03 -    commands.recompile - DEBUG - [wrote RegularFileObject[bin\minecraft\net\minecraft\src\SaveHandlerMP.class]]
2026-09-12 19:03 -    commands.recompile - DEBUG - [checking net.minecraft.src.SaveOldDir]
2026-09-12 19:03 -    commands.recompile - DEBUG - [wrote RegularFileObject[bin\minecraft\net\minecraft\src\SaveOldDir.class]]
2026-09-12 19:03 -    commands.recompile - DEBUG - [checking net.minecraft.src.ScaledResolution]
2026-09-12 19:03 -    commands.recompile - DEBUG - [wrote RegularFileObject[bin\minecraft\net\minecraft\src\ScaledResolution.class]]
2026-09-12 19:03 -    commands.recompile - DEBUG - [checking net.minecraft.src.ScreenShotHelper]
2026-09-12 19:03 -    commands.recompile - DEBUG - [loading ZipFileIndexFileObject[C:\Program Files\Eclipse Adoptium\jdk-8.0.504.1-hotspot\lib\ct.sym(META-INF/sym/rt.jar/javax/imageio/stream/ImageOutputStream.class)]]
2026-09-12 19:03 -    commands.recompile - DEBUG - [wrote RegularFileObject[bin\minecraft\net\minecraft\src\ScreenShotHelper.class]]
2026-09-12 19:03 -    commands.recompile - DEBUG - [checking net.minecraft.src.ShapedRecipes]
2026-09-12 19:03 -    commands.recompile - DEBUG - [wrote RegularFileObject[bin\minecraft\net\minecraft\src\ShapedRecipes.class]]
2026-09-12 19:03 -    commands.recompile - DEBUG - [checking net.minecraft.src.ShapelessRecipes]
2026-09-12 19:03 -    commands.recompile - DEBUG - [wrote RegularFileObject[bin\minecraft\net\minecraft\src\ShapelessRecipes.class]]
2026-09-12 19:03 -    commands.recompile - DEBUG - [checking net.minecraft.src.SignModel]
2026-09-12 19:03 -    commands.recompile - DEBUG - [wrote RegularFileObject[bin\minecraft\net\minecraft\src\SignModel.class]]
2026-09-12 19:03 -    commands.recompile - DEBUG - [checking net.minecraft.src.SlotArmor]
2026-09-12 19:03 -    commands.recompile - DEBUG - [wrote RegularFileObject[bin\minecraft\net\minecraft\src\SlotArmor.class]]
2026-09-12 19:03 -    commands.recompile - DEBUG - [checking net.minecraft.src.SlotCrafting]
2026-09-12 19:03 -    commands.recompile - DEBUG - [wrote RegularFileObject[bin\minecraft\net\minecraft\src\SlotCrafting.class]]
2026-09-12 19:03 -    commands.recompile - DEBUG - [checking net.minecraft.src.SlotFurnace]
2026-09-12 19:03 -    commands.recompile - DEBUG - [wrote RegularFileObject[bin\minecraft\net\minecraft\src\SlotFurnace.class]]
2026-09-12 19:03 -    commands.recompile - DEBUG - [checking net.minecraft.src.SlotHearth]
2026-09-12 19:03 -    commands.recompile - DEBUG - [wrote RegularFileObject[bin\minecraft\net\minecraft\src\SlotHearth.class]]
2026-09-12 19:03 -    commands.recompile - DEBUG - [checking net.minecraft.src.SorterStatsBlock]
2026-09-12 19:03 -    commands.recompile - DEBUG - [wrote RegularFileObject[bin\minecraft\net\minecraft\src\SorterStatsBlock.class]]
2026-09-12 19:03 -    commands.recompile - DEBUG - [checking net.minecraft.src.SorterStatsItem]
2026-09-12 19:03 -    commands.recompile - DEBUG - [wrote RegularFileObject[bin\minecraft\net\minecraft\src\SorterStatsItem.class]]
2026-09-12 19:03 -    commands.recompile - DEBUG - [checking net.minecraft.src.SpawnerAnimals]
2026-09-12 19:03 -    commands.recompile - DEBUG - [wrote RegularFileObject[bin\minecraft\net\minecraft\src\SpawnerAnimals.class]]
2026-09-12 19:03 -    commands.recompile - DEBUG - [checking net.minecraft.src.SpawnListEntry]
2026-09-12 19:03 -    commands.recompile - DEBUG - [wrote RegularFileObject[bin\minecraft\net\minecraft\src\SpawnListEntry.class]]
2026-09-12 19:03 -    commands.recompile - DEBUG - [checking net.minecraft.src.StatBasic]
2026-09-12 19:03 -    commands.recompile - DEBUG - [wrote RegularFileObject[bin\minecraft\net\minecraft\src\StatBasic.class]]
2026-09-12 19:03 -    commands.recompile - DEBUG - [checking net.minecraft.src.StatCollector]
2026-09-12 19:03 -    commands.recompile - DEBUG - [wrote RegularFileObject[bin\minecraft\net\minecraft\src\StatCollector.class]]
2026-09-12 19:03 -    commands.recompile - DEBUG - [checking net.minecraft.src.StringTranslate]
2026-09-12 19:03 -    commands.recompile - DEBUG - [loading ZipFileIndexFileObject[C:\Program Files\Eclipse Adoptium\jdk-8.0.504.1-hotspot\lib\ct.sym(META-INF/sym/rt.jar/java/util/Hashtable.class)]]
2026-09-12 19:03 -    commands.recompile - DEBUG - [loading ZipFileIndexFileObject[C:\Program Files\Eclipse Adoptium\jdk-8.0.504.1-hotspot\lib\ct.sym(META-INF/sym/rt.jar/java/util/Dictionary.class)]]
2026-09-12 19:03 -    commands.recompile - DEBUG - [wrote RegularFileObject[bin\minecraft\net\minecraft\src\StringTranslate.class]]
2026-09-12 19:03 -    commands.recompile - DEBUG - [checking net.minecraft.src.StatList]
2026-09-12 19:03 -    commands.recompile - DEBUG - [wrote RegularFileObject[bin\minecraft\net\minecraft\src\StatList.class]]
2026-09-12 19:03 -    commands.recompile - DEBUG - [checking net.minecraft.src.StatStringFormatKeyInv]
2026-09-12 19:03 -    commands.recompile - DEBUG - [wrote RegularFileObject[bin\minecraft\net\minecraft\src\StatStringFormatKeyInv.class]]
2026-09-12 19:03 -    commands.recompile - DEBUG - [checking net.minecraft.src.StatTypeDistance]
2026-09-12 19:03 -    commands.recompile - DEBUG - [wrote RegularFileObject[bin\minecraft\net\minecraft\src\StatTypeDistance.class]]
2026-09-12 19:03 -    commands.recompile - DEBUG - [checking net.minecraft.src.StatTypeSimple]
2026-09-12 19:03 -    commands.recompile - DEBUG - [wrote RegularFileObject[bin\minecraft\net\minecraft\src\StatTypeSimple.class]]
2026-09-12 19:03 -    commands.recompile - DEBUG - [checking net.minecraft.src.StatTypeTime]
2026-09-12 19:03 -    commands.recompile - DEBUG - [wrote RegularFileObject[bin\minecraft\net\minecraft\src\StatTypeTime.class]]
2026-09-12 19:03 -    commands.recompile - DEBUG - [checking net.minecraft.src.StepSoundSand]
2026-09-12 19:03 -    commands.recompile - DEBUG - [wrote RegularFileObject[bin\minecraft\net\minecraft\src\StepSoundSand.class]]
2026-09-12 19:03 -    commands.recompile - DEBUG - [checking net.minecraft.src.StepSoundStone]
2026-09-12 19:03 -    commands.recompile - DEBUG - [wrote RegularFileObject[bin\minecraft\net\minecraft\src\StepSoundStone.class]]
2026-09-12 19:03 -    commands.recompile - DEBUG - [checking net.minecraft.src.Teleporter]
2026-09-12 19:03 -    commands.recompile - DEBUG - [wrote RegularFileObject[bin\minecraft\net\minecraft\src\Teleporter.class]]
2026-09-12 19:03 -    commands.recompile - DEBUG - [checking net.minecraft.src.TerrainTextureManager]
2026-09-12 19:03 -    commands.recompile - DEBUG - [wrote RegularFileObject[bin\minecraft\net\minecraft\src\TerrainTextureManager.class]]
2026-09-12 19:03 -    commands.recompile - DEBUG - [checking net.minecraft.src.TextureCompassFX]
2026-09-12 19:03 -    commands.recompile - DEBUG - [wrote RegularFileObject[bin\minecraft\net\minecraft\src\TextureCompassFX.class]]
2026-09-12 19:03 -    commands.recompile - DEBUG - [checking net.minecraft.src.TextureFlamesFX]
2026-09-12 19:03 -    commands.recompile - DEBUG - [wrote RegularFileObject[bin\minecraft\net\minecraft\src\TextureFlamesFX.class]]
2026-09-12 19:03 -    commands.recompile - DEBUG - [checking net.minecraft.src.TextureLavaFlowFX]
2026-09-12 19:03 -    commands.recompile - DEBUG - [wrote RegularFileObject[bin\minecraft\net\minecraft\src\TextureLavaFlowFX.class]]
2026-09-12 19:03 -    commands.recompile - DEBUG - [checking net.minecraft.src.TexturePackCustom]
2026-09-12 19:03 -    commands.recompile - DEBUG - [loading ZipFileIndexFileObject[C:\Program Files\Eclipse Adoptium\jdk-8.0.504.1-hotspot\lib\ct.sym(META-INF/sym/rt.jar/java/util/zip/ZipConstants.class)]]
2026-09-12 19:03 -    commands.recompile - DEBUG - [loading ZipFileIndexFileObject[C:\Program Files\Eclipse Adoptium\jdk-8.0.504.1-hotspot\lib\ct.sym(META-INF/sym/rt.jar/java/util/zip/ZipEntry.class)]]
2026-09-12 19:03 -    commands.recompile - DEBUG - [loading ZipFileIndexFileObject[C:\Program Files\Eclipse Adoptium\jdk-8.0.504.1-hotspot\lib\ct.sym(META-INF/sym/rt.jar/java/util/zip/ZipException.class)]]
2026-09-12 19:03 -    commands.recompile - DEBUG - [wrote RegularFileObject[bin\minecraft\net\minecraft\src\TexturePackCustom.class]]
2026-09-12 19:03 -    commands.recompile - DEBUG - [checking net.minecraft.src.TexturePackDefault]
2026-09-12 19:03 -    commands.recompile - DEBUG - [wrote RegularFileObject[bin\minecraft\net\minecraft\src\TexturePackDefault.class]]
2026-09-12 19:03 -    commands.recompile - DEBUG - [checking net.minecraft.src.TexturePortalFX]
2026-09-12 19:03 -    commands.recompile - DEBUG - [wrote RegularFileObject[bin\minecraft\net\minecraft\src\TexturePortalFX.class]]
2026-09-12 19:03 -    commands.recompile - DEBUG - [checking net.minecraft.src.TextureWatchFX]
2026-09-12 19:03 -    commands.recompile - DEBUG - [wrote RegularFileObject[bin\minecraft\net\minecraft\src\TextureWatchFX.class]]
2026-09-12 19:03 -    commands.recompile - DEBUG - [checking net.minecraft.src.TextureWaterFlowFX]
2026-09-12 19:03 -    commands.recompile - DEBUG - [wrote RegularFileObject[bin\minecraft\net\minecraft\src\TextureWaterFlowFX.class]]
2026-09-12 19:03 -    commands.recompile - DEBUG - [checking net.minecraft.src.ThreadCheckHasPaid]
2026-09-12 19:03 -    commands.recompile - DEBUG - [wrote RegularFileObject[bin\minecraft\net\minecraft\src\ThreadCheckHasPaid.class]]
2026-09-12 19:03 -    commands.recompile - DEBUG - [checking net.minecraft.src.ThreadCloseConnection]
2026-09-12 19:03 -    commands.recompile - DEBUG - [wrote RegularFileObject[bin\minecraft\net\minecraft\src\ThreadCloseConnection.class]]
2026-09-12 19:03 -    commands.recompile - DEBUG - [checking net.minecraft.src.ThreadConnectToServer]
2026-09-12 19:03 -    commands.recompile - DEBUG - [wrote RegularFileObject[bin\minecraft\net\minecraft\src\ThreadConnectToServer.class]]
2026-09-12 19:03 -    commands.recompile - DEBUG - [checking net.minecraft.src.ThreadDownloadImage]
2026-09-12 19:03 -    commands.recompile - DEBUG - [wrote RegularFileObject[bin\minecraft\net\minecraft\src\ThreadDownloadImage.class]]
2026-09-12 19:03 -    commands.recompile - DEBUG - [checking net.minecraft.src.ThreadRunIsoClient]
2026-09-12 19:03 -    commands.recompile - DEBUG - [wrote RegularFileObject[bin\minecraft\net\minecraft\src\ThreadRunIsoClient.class]]
2026-09-12 19:03 -    commands.recompile - DEBUG - [checking net.minecraft.src.ThreadSleepForever]
2026-09-12 19:03 -    commands.recompile - DEBUG - [wrote RegularFileObject[bin\minecraft\net\minecraft\src\ThreadSleepForever.class]]
2026-09-12 19:03 -    commands.recompile - DEBUG - [checking net.minecraft.src.ThreadStatSyncherReceive]
2026-09-12 19:03 -    commands.recompile - DEBUG - [wrote RegularFileObject[bin\minecraft\net\minecraft\src\ThreadStatSyncherReceive.class]]
2026-09-12 19:03 -    commands.recompile - DEBUG - [checking net.minecraft.src.ThreadStatSyncherSend]
2026-09-12 19:03 -    commands.recompile - DEBUG - [wrote RegularFileObject[bin\minecraft\net\minecraft\src\ThreadStatSyncherSend.class]]
2026-09-12 19:03 -    commands.recompile - DEBUG - [checking net.minecraft.src.TileEntityChest]
2026-09-12 19:03 -    commands.recompile - DEBUG - [wrote RegularFileObject[bin\minecraft\net\minecraft\src\TileEntityChest.class]]
2026-09-12 19:03 -    commands.recompile - DEBUG - [checking net.minecraft.src.TileEntityMobSpawner]
2026-09-12 19:03 -    commands.recompile - DEBUG - [wrote RegularFileObject[bin\minecraft\net\minecraft\src\TileEntityMobSpawner.class]]
2026-09-12 19:03 -    commands.recompile - DEBUG - [checking net.minecraft.src.TileEntityMobSpawnerRenderer]
2026-09-12 19:03 -    commands.recompile - DEBUG - [checking net.minecraft.src.TileEntitySpecialRenderer]
2026-09-12 19:03 -    commands.recompile - DEBUG - [wrote RegularFileObject[bin\minecraft\net\minecraft\src\TileEntityMobSpawnerRenderer.class]]
2026-09-12 19:03 -    commands.recompile - DEBUG - [wrote RegularFileObject[bin\minecraft\net\minecraft\src\TileEntitySpecialRenderer.class]]
2026-09-12 19:03 -    commands.recompile - DEBUG - [checking net.minecraft.src.TileEntityRenderer]
2026-09-12 19:03 -    commands.recompile - DEBUG - [wrote RegularFileObject[bin\minecraft\net\minecraft\src\TileEntityRenderer.class]]
2026-09-12 19:03 -    commands.recompile - DEBUG - [checking net.minecraft.src.TileEntityNote]
2026-09-12 19:03 -    commands.recompile - DEBUG - [wrote RegularFileObject[bin\minecraft\net\minecraft\src\TileEntityNote.class]]
2026-09-12 19:03 -    commands.recompile - DEBUG - [checking net.minecraft.src.TileEntityRecordPlayer]
2026-09-12 19:03 -    commands.recompile - DEBUG - [wrote RegularFileObject[bin\minecraft\net\minecraft\src\TileEntityRecordPlayer.class]]
2026-09-12 19:03 -    commands.recompile - DEBUG - [checking net.minecraft.src.TileEntityRendererPiston]
2026-09-12 19:03 -    commands.recompile - DEBUG - [wrote RegularFileObject[bin\minecraft\net\minecraft\src\TileEntityRendererPiston.class]]
2026-09-12 19:03 -    commands.recompile - DEBUG - [checking net.minecraft.src.TileEntitySignRenderer]
2026-09-12 19:03 -    commands.recompile - DEBUG - [wrote RegularFileObject[bin\minecraft\net\minecraft\src\TileEntitySignRenderer.class]]
2026-09-12 19:03 -    commands.recompile - DEBUG - [checking net.minecraft.src.WorldBlockPositionType]
2026-09-12 19:03 -    commands.recompile - DEBUG - [wrote RegularFileObject[bin\minecraft\net\minecraft\src\WorldBlockPositionType.class]]
2026-09-12 19:03 -    commands.recompile - DEBUG - [checking net.minecraft.src.WorldChunkManagerHell]
2026-09-12 19:03 -    commands.recompile - DEBUG - [wrote RegularFileObject[bin\minecraft\net\minecraft\src\WorldChunkManagerHell.class]]
2026-09-12 19:03 -    commands.recompile - DEBUG - [checking net.minecraft.src.WorldGenBigTree]
2026-09-12 19:03 -    commands.recompile - DEBUG - [wrote RegularFileObject[bin\minecraft\net\minecraft\src\WorldGenBigTree.class]]
2026-09-12 19:03 -    commands.recompile - DEBUG - [checking net.minecraft.src.WorldGenCactus]
2026-09-12 19:03 -    commands.recompile - DEBUG - [wrote RegularFileObject[bin\minecraft\net\minecraft\src\WorldGenCactus.class]]
2026-09-12 19:03 -    commands.recompile - DEBUG - [checking net.minecraft.src.WorldGenClay]
2026-09-12 19:03 -    commands.recompile - DEBUG - [wrote RegularFileObject[bin\minecraft\net\minecraft\src\WorldGenClay.class]]
2026-09-12 19:03 -    commands.recompile - DEBUG - [checking net.minecraft.src.WorldGenDeadBush]
2026-09-12 19:03 -    commands.recompile - DEBUG - [wrote RegularFileObject[bin\minecraft\net\minecraft\src\WorldGenDeadBush.class]]
2026-09-12 19:03 -    commands.recompile - DEBUG - [checking net.minecraft.src.WorldGenDungeons]
2026-09-12 19:03 -    commands.recompile - DEBUG - [wrote RegularFileObject[bin\minecraft\net\minecraft\src\WorldGenDungeons.class]]
2026-09-12 19:03 -    commands.recompile - DEBUG - [checking net.minecraft.src.WorldGenFire]
2026-09-12 19:03 -    commands.recompile - DEBUG - [wrote RegularFileObject[bin\minecraft\net\minecraft\src\WorldGenFire.class]]
2026-09-12 19:03 -    commands.recompile - DEBUG - [checking net.minecraft.src.WorldGenFlowers]
2026-09-12 19:03 -    commands.recompile - DEBUG - [wrote RegularFileObject[bin\minecraft\net\minecraft\src\WorldGenFlowers.class]]
2026-09-12 19:03 -    commands.recompile - DEBUG - [checking net.minecraft.src.WorldGenForest]
2026-09-12 19:03 -    commands.recompile - DEBUG - [wrote RegularFileObject[bin\minecraft\net\minecraft\src\WorldGenForest.class]]
2026-09-12 19:03 -    commands.recompile - DEBUG - [checking net.minecraft.src.WorldGenGlowStone1]
2026-09-12 19:03 -    commands.recompile - DEBUG - [wrote RegularFileObject[bin\minecraft\net\minecraft\src\WorldGenGlowStone1.class]]
2026-09-12 19:03 -    commands.recompile - DEBUG - [checking net.minecraft.src.WorldGenGlowStone2]
2026-09-12 19:03 -    commands.recompile - DEBUG - [wrote RegularFileObject[bin\minecraft\net\minecraft\src\WorldGenGlowStone2.class]]
2026-09-12 19:03 -    commands.recompile - DEBUG - [checking net.minecraft.src.WorldGenHellLava]
2026-09-12 19:03 -    commands.recompile - DEBUG - [wrote RegularFileObject[bin\minecraft\net\minecraft\src\WorldGenHellLava.class]]
2026-09-12 19:03 -    commands.recompile - DEBUG - [checking net.minecraft.src.WorldGenLakes]
2026-09-12 19:03 -    commands.recompile - DEBUG - [wrote RegularFileObject[bin\minecraft\net\minecraft\src\WorldGenLakes.class]]
2026-09-12 19:03 -    commands.recompile - DEBUG - [checking net.minecraft.src.WorldGenLiquids]
2026-09-12 19:03 -    commands.recompile - DEBUG - [wrote RegularFileObject[bin\minecraft\net\minecraft\src\WorldGenLiquids.class]]
2026-09-12 19:03 -    commands.recompile - DEBUG - [checking net.minecraft.src.WorldGenMinable]
2026-09-12 19:03 -    commands.recompile - DEBUG - [wrote RegularFileObject[bin\minecraft\net\minecraft\src\WorldGenMinable.class]]
2026-09-12 19:03 -    commands.recompile - DEBUG - [checking net.minecraft.src.WorldGenPumpkin]
2026-09-12 19:03 -    commands.recompile - DEBUG - [wrote RegularFileObject[bin\minecraft\net\minecraft\src\WorldGenPumpkin.class]]
2026-09-12 19:03 -    commands.recompile - DEBUG - [checking net.minecraft.src.WorldGenReed]
2026-09-12 19:03 -    commands.recompile - DEBUG - [wrote RegularFileObject[bin\minecraft\net\minecraft\src\WorldGenReed.class]]
2026-09-12 19:03 -    commands.recompile - DEBUG - [checking net.minecraft.src.WorldGenTaiga1]
2026-09-12 19:03 -    commands.recompile - DEBUG - [wrote RegularFileObject[bin\minecraft\net\minecraft\src\WorldGenTaiga1.class]]
2026-09-12 19:03 -    commands.recompile - DEBUG - [checking net.minecraft.src.WorldGenTaiga2]
2026-09-12 19:03 -    commands.recompile - DEBUG - [wrote RegularFileObject[bin\minecraft\net\minecraft\src\WorldGenTaiga2.class]]
2026-09-12 19:03 -    commands.recompile - DEBUG - [checking net.minecraft.src.WorldGenTallGrass]
2026-09-12 19:03 -    commands.recompile - DEBUG - [wrote RegularFileObject[bin\minecraft\net\minecraft\src\WorldGenTallGrass.class]]
2026-09-12 19:03 -    commands.recompile - DEBUG - [checking net.minecraft.src.WorldGenTrees]
2026-09-12 19:03 -    commands.recompile - DEBUG - [wrote RegularFileObject[bin\minecraft\net\minecraft\src\WorldGenTrees.class]]
2026-09-12 19:03 -    commands.recompile - DEBUG - [checking net.minecraft.src.WorldProviderHell]
2026-09-12 19:03 -    commands.recompile - DEBUG - [wrote RegularFileObject[bin\minecraft\net\minecraft\src\WorldProviderHell.class]]
2026-09-12 19:03 -    commands.recompile - DEBUG - [checking net.minecraft.src.WorldProviderSky]
2026-09-12 19:03 -    commands.recompile - DEBUG - [wrote RegularFileObject[bin\minecraft\net\minecraft\src\WorldProviderSky.class]]
2026-09-12 19:03 -    commands.recompile - DEBUG - [checking net.minecraft.src.WorldProviderSurface]
2026-09-12 19:03 -    commands.recompile - DEBUG - [wrote RegularFileObject[bin\minecraft\net\minecraft\src\WorldProviderSurface.class]]
2026-09-12 19:03 -    commands.recompile - DEBUG - [checking in]
2026-09-12 19:03 -    commands.recompile - DEBUG - [wrote RegularFileObject[bin\minecraft\in.class]]
2026-09-12 19:03 -    commands.recompile - DEBUG - [checking Start]
2026-09-12 19:03 -    commands.recompile - DEBUG - [loading ZipFileIndexFileObject[C:\Program Files\Eclipse Adoptium\jdk-8.0.504.1-hotspot\lib\ct.sym(META-INF/sym/rt.jar/java/lang/NoSuchFieldException.class)]]
2026-09-12 19:03 -    commands.recompile - DEBUG - [wrote RegularFileObject[bin\minecraft\Start$1.class]]
2026-09-12 19:03 -    commands.recompile - DEBUG - [wrote RegularFileObject[bin\minecraft\Start.class]]
2026-09-12 19:03 -    commands.recompile - DEBUG - [total 6675ms]
2026-09-12 19:03 -    commands.recompile - DEBUG - Note: src\minecraft\net\minecraft\src\NetworkMasterThread.java uses or overrides a deprecated API.
2026-09-12 19:03 -    commands.recompile - DEBUG - Note: Recompile with -Xlint:deprecation for details.
2026-09-12 19:03 -    commands.recompile - DEBUG - Note: Some input files use unchecked or unsafe operations.
2026-09-12 19:03 -    commands.recompile - DEBUG - Note: Recompile with -Xlint:unchecked for details.
2026-09-12 19:03 -   recompile.main - INFO - > Done in 7.73 seconds
2026-09-12 19:03 -   recompile.main - INFO - > Recompiling server...
2026-09-12 19:03 -    commands.recompile - DEBUG - recompile: 'javac.exe -g -verbose -classpath "lib/;lib/*;jars/minecraft_server.jar" -sourcepath src/minecraft_server -d bin/minecraft_server src/minecraft_server\net\minecraft\server\*.java src/minecraft_server\net\minecraft\src\*.java '
2026-09-12 19:03 -    commands.recompile - DEBUG - [parsing started RegularFileObject[src\minecraft_server\net\minecraft\server\MinecraftServer.java]]
2026-09-12 19:03 -    commands.recompile - DEBUG - [parsing completed 40ms]
2026-09-12 19:03 -    commands.recompile - DEBUG - [parsing started RegularFileObject[src\minecraft_server\net\minecraft\src\Achievement.java]]
2026-09-12 19:03 -    commands.recompile - DEBUG - [parsing completed 2ms]
2026-09-12 19:03 -    commands.recompile - DEBUG - [parsing started RegularFileObject[src\minecraft_server\net\minecraft\src\AchievementList.java]]
2026-09-12 19:03 -    commands.recompile - DEBUG - [parsing completed 2ms]
2026-09-12 19:03 -    commands.recompile - DEBUG - [parsing started RegularFileObject[src\minecraft_server\net\minecraft\src\AchievementMap.java]]
2026-09-12 19:03 -    commands.recompile - DEBUG - [parsing completed 1ms]
2026-09-12 19:03 -    commands.recompile - DEBUG - [parsing started RegularFileObject[src\minecraft_server\net\minecraft\src\AxisAlignedBB.java]]
2026-09-12 19:03 -    commands.recompile - DEBUG - [parsing completed 7ms]
2026-09-12 19:03 -    commands.recompile - DEBUG - [parsing started RegularFileObject[src\minecraft_server\net\minecraft\src\BiomeGenBase.java]]
2026-09-12 19:03 -    commands.recompile - DEBUG - [parsing completed 5ms]
2026-09-12 19:03 -    commands.recompile - DEBUG - [parsing started RegularFileObject[src\minecraft_server\net\minecraft\src\BiomeGenDesert.java]]
2026-09-12 19:03 -    commands.recompile - DEBUG - [parsing completed 1ms]
2026-09-12 19:03 -    commands.recompile - DEBUG - [parsing started RegularFileObject[src\minecraft_server\net\minecraft\src\BiomeGenForest.java]]
2026-09-12 19:03 -    commands.recompile - DEBUG - [parsing completed 1ms]
2026-09-12 19:03 -    commands.recompile - DEBUG - [parsing started RegularFileObject[src\minecraft_server\net\minecraft\src\BiomeGenHell.java]]
2026-09-12 19:03 -    commands.recompile - DEBUG - [parsing completed 1ms]
2026-09-12 19:03 -    commands.recompile - DEBUG - [parsing started RegularFileObject[src\minecraft_server\net\minecraft\src\BiomeGenRainforest.java]]
2026-09-12 19:03 -    commands.recompile - DEBUG - [parsing completed 1ms]
2026-09-12 19:03 -    commands.recompile - DEBUG - [parsing started RegularFileObject[src\minecraft_server\net\minecraft\src\BiomeGenSky.java]]
2026-09-12 19:03 -    commands.recompile - DEBUG - [parsing completed 1ms]
2026-09-12 19:03 -    commands.recompile - DEBUG - [parsing started RegularFileObject[src\minecraft_server\net\minecraft\src\BiomeGenSwamp.java]]
2026-09-12 19:03 -    commands.recompile - DEBUG - [parsing completed 0ms]
2026-09-12 19:03 -    commands.recompile - DEBUG - [parsing started RegularFileObject[src\minecraft_server\net\minecraft\src\BiomeGenTaiga.java]]
2026-09-12 19:03 -    commands.recompile - DEBUG - [parsing completed 0ms]
2026-09-12 19:03 -    commands.recompile - DEBUG - [parsing started RegularFileObject[src\minecraft_server\net\minecraft\src\Block.java]]
2026-09-12 19:03 -    commands.recompile - DEBUG - [parsing completed 18ms]
2026-09-12 19:03 -    commands.recompile - DEBUG - [parsing started RegularFileObject[src\minecraft_server\net\minecraft\src\BlockBed.java]]
2026-09-12 19:03 -    commands.recompile - DEBUG - [parsing completed 3ms]
2026-09-12 19:03 -    commands.recompile - DEBUG - [parsing started RegularFileObject[src\minecraft_server\net\minecraft\src\BlockBookshelf.java]]
2026-09-12 19:03 -    commands.recompile - DEBUG - [parsing completed 0ms]
2026-09-12 19:03 -    commands.recompile - DEBUG - [parsing started RegularFileObject[src\minecraft_server\net\minecraft\src\BlockBreakable.java]]
2026-09-12 19:03 -    commands.recompile - DEBUG - [parsing completed 0ms]
2026-09-12 19:03 -    commands.recompile - DEBUG - [parsing started RegularFileObject[src\minecraft_server\net\minecraft\src\BlockButton.java]]
2026-09-12 19:03 -    commands.recompile - DEBUG - [parsing completed 4ms]
2026-09-12 19:03 -    commands.recompile - DEBUG - [parsing started RegularFileObject[src\minecraft_server\net\minecraft\src\BlockCactus.java]]
2026-09-12 19:03 -    commands.recompile - DEBUG - [parsing completed 2ms]
2026-09-12 19:03 -    commands.recompile - DEBUG - [parsing started RegularFileObject[src\minecraft_server\net\minecraft\src\BlockCake.java]]
2026-09-12 19:03 -    commands.recompile - DEBUG - [parsing completed 1ms]
2026-09-12 19:03 -    commands.recompile - DEBUG - [parsing started RegularFileObject[src\minecraft_server\net\minecraft\src\BlockChest.java]]
2026-09-12 19:03 -    commands.recompile - DEBUG - [parsing completed 3ms]
2026-09-12 19:03 -    commands.recompile - DEBUG - [parsing started RegularFileObject[src\minecraft_server\net\minecraft\src\BlockClay.java]]
2026-09-12 19:03 -    commands.recompile - DEBUG - [parsing completed 1ms]
2026-09-12 19:03 -    commands.recompile - DEBUG - [parsing started RegularFileObject[src\minecraft_server\net\minecraft\src\BlockCloth.java]]
2026-09-12 19:03 -    commands.recompile - DEBUG - [parsing completed 1ms]
2026-09-12 19:03 -    commands.recompile - DEBUG - [parsing started RegularFileObject[src\minecraft_server\net\minecraft\src\BlockContainer.java]]
2026-09-12 19:03 -    commands.recompile - DEBUG - [parsing completed 1ms]
2026-09-12 19:03 -    commands.recompile - DEBUG - [parsing started RegularFileObject[src\minecraft_server\net\minecraft\src\BlockCrops.java]]
2026-09-12 19:03 -    commands.recompile - DEBUG - [parsing completed 3ms]
2026-09-12 19:03 -    commands.recompile - DEBUG - [parsing started RegularFileObject[src\minecraft_server\net\minecraft\src\BlockDeadBush.java]]
2026-09-12 19:03 -    commands.recompile - DEBUG - [parsing completed 1ms]
2026-09-12 19:03 -    commands.recompile - DEBUG - [parsing started RegularFileObject[src\minecraft_server\net\minecraft\src\BlockDetectorRail.java]]
2026-09-12 19:03 -    commands.recompile - DEBUG - [parsing completed 1ms]
2026-09-12 19:03 -    commands.recompile - DEBUG - [parsing started RegularFileObject[src\minecraft_server\net\minecraft\src\BlockDirt.java]]
2026-09-12 19:03 -    commands.recompile - DEBUG - [parsing completed 0ms]
2026-09-12 19:03 -    commands.recompile - DEBUG - [parsing started RegularFileObject[src\minecraft_server\net\minecraft\src\BlockDispenser.java]]
2026-09-12 19:03 -    commands.recompile - DEBUG - [parsing completed 4ms]
2026-09-12 19:03 -    commands.recompile - DEBUG - [parsing started RegularFileObject[src\minecraft_server\net\minecraft\src\BlockDoor.java]]
2026-09-12 19:03 -    commands.recompile - DEBUG - [parsing completed 2ms]
2026-09-12 19:03 -    commands.recompile - DEBUG - [parsing started RegularFileObject[src\minecraft_server\net\minecraft\src\BlockFarmland.java]]
2026-09-12 19:03 -    commands.recompile - DEBUG - [parsing completed 1ms]
2026-09-12 19:03 -    commands.recompile - DEBUG - [parsing started RegularFileObject[src\minecraft_server\net\minecraft\src\BlockFence.java]]
2026-09-12 19:03 -    commands.recompile - DEBUG - [parsing completed 1ms]
2026-09-12 19:03 -    commands.recompile - DEBUG - [parsing started RegularFileObject[src\minecraft_server\net\minecraft\src\BlockFire.java]]
2026-09-12 19:03 -    commands.recompile - DEBUG - [parsing completed 3ms]
2026-09-12 19:03 -    commands.recompile - DEBUG - [parsing started RegularFileObject[src\minecraft_server\net\minecraft\src\BlockFlower.java]]
2026-09-12 19:03 -    commands.recompile - DEBUG - [parsing completed 1ms]
2026-09-12 19:03 -    commands.recompile - DEBUG - [parsing started RegularFileObject[src\minecraft_server\net\minecraft\src\BlockFlowing.java]]
2026-09-12 19:03 -    commands.recompile - DEBUG - [parsing completed 1ms]
2026-09-12 19:03 -    commands.recompile - DEBUG - [parsing started RegularFileObject[src\minecraft_server\net\minecraft\src\BlockFluid.java]]
2026-09-12 19:03 -    commands.recompile - DEBUG - [parsing completed 2ms]
2026-09-12 19:03 -    commands.recompile - DEBUG - [parsing started RegularFileObject[src\minecraft_server\net\minecraft\src\BlockFurnace.java]]
2026-09-12 19:03 -    commands.recompile - DEBUG - [parsing completed 1ms]
2026-09-12 19:03 -    commands.recompile - DEBUG - [parsing started RegularFileObject[src\minecraft_server\net\minecraft\src\BlockGlass.java]]
2026-09-12 19:03 -    commands.recompile - DEBUG - [parsing completed 0ms]
2026-09-12 19:03 -    commands.recompile - DEBUG - [parsing started RegularFileObject[src\minecraft_server\net\minecraft\src\BlockGlowStone.java]]
2026-09-12 19:03 -    commands.recompile - DEBUG - [parsing completed 0ms]
2026-09-12 19:03 -    commands.recompile - DEBUG - [parsing started RegularFileObject[src\minecraft_server\net\minecraft\src\BlockGrass.java]]
2026-09-12 19:03 -    commands.recompile - DEBUG - [parsing completed 1ms]
2026-09-12 19:03 -    commands.recompile - DEBUG - [parsing started RegularFileObject[src\minecraft_server\net\minecraft\src\BlockGravel.java]]
2026-09-12 19:03 -    commands.recompile - DEBUG - [parsing completed 0ms]
2026-09-12 19:03 -    commands.recompile - DEBUG - [parsing started RegularFileObject[src\minecraft_server\net\minecraft\src\BlockHay.java]]
2026-09-12 19:03 -    commands.recompile - DEBUG - [parsing completed 0ms]
2026-09-12 19:03 -    commands.recompile - DEBUG - [parsing started RegularFileObject[src\minecraft_server\net\minecraft\src\BlockHearth.java]]
2026-09-12 19:03 -    commands.recompile - DEBUG - [parsing completed 2ms]
2026-09-12 19:03 -    commands.recompile - DEBUG - [parsing started RegularFileObject[src\minecraft_server\net\minecraft\src\BlockIce.java]]
2026-09-12 19:03 -    commands.recompile - DEBUG - [parsing completed 1ms]
2026-09-12 19:03 -    commands.recompile - DEBUG - [parsing started RegularFileObject[src\minecraft_server\net\minecraft\src\BlockJukeBox.java]]
2026-09-12 19:03 -    commands.recompile - DEBUG - [parsing completed 1ms]
2026-09-12 19:03 -    commands.recompile - DEBUG - [parsing started RegularFileObject[src\minecraft_server\net\minecraft\src\BlockLadder.java]]
2026-09-12 19:03 -    commands.recompile - DEBUG - [parsing completed 0ms]
2026-09-12 19:03 -    commands.recompile - DEBUG - [parsing started RegularFileObject[src\minecraft_server\net\minecraft\src\BlockLeaves.java]]
2026-09-12 19:03 -    commands.recompile - DEBUG - [parsing completed 5ms]
2026-09-12 19:03 -    commands.recompile - DEBUG - [parsing started RegularFileObject[src\minecraft_server\net\minecraft\src\BlockLeavesBase.java]]
2026-09-12 19:03 -    commands.recompile - DEBUG - [parsing completed 0ms]
2026-09-12 19:03 -    commands.recompile - DEBUG - [parsing started RegularFileObject[src\minecraft_server\net\minecraft\src\BlockLever.java]]
2026-09-12 19:03 -    commands.recompile - DEBUG - [parsing completed 2ms]
2026-09-12 19:03 -    commands.recompile - DEBUG - [parsing started RegularFileObject[src\minecraft_server\net\minecraft\src\BlockLockedChest.java]]
2026-09-12 19:03 -    commands.recompile - DEBUG - [parsing completed 0ms]
2026-09-12 19:03 -    commands.recompile - DEBUG - [parsing started RegularFileObject[src\minecraft_server\net\minecraft\src\BlockLog.java]]
2026-09-12 19:03 -    commands.recompile - DEBUG - [parsing completed 0ms]
2026-09-12 19:03 -    commands.recompile - DEBUG - [parsing started RegularFileObject[src\minecraft_server\net\minecraft\src\BlockMobSpawner.java]]
2026-09-12 19:03 -    commands.recompile - DEBUG - [parsing completed 0ms]
2026-09-12 19:03 -    commands.recompile - DEBUG - [parsing started RegularFileObject[src\minecraft_server\net\minecraft\src\BlockMushroom.java]]
2026-09-12 19:03 -    commands.recompile - DEBUG - [parsing completed 1ms]
2026-09-12 19:03 -    commands.recompile - DEBUG - [parsing started RegularFileObject[src\minecraft_server\net\minecraft\src\BlockNetherrack.java]]
2026-09-12 19:03 -    commands.recompile - DEBUG - [parsing completed 1ms]
2026-09-12 19:03 -    commands.recompile - DEBUG - [parsing started RegularFileObject[src\minecraft_server\net\minecraft\src\BlockNote.java]]
2026-09-12 19:03 -    commands.recompile - DEBUG - [parsing completed 1ms]
2026-09-12 19:03 -    commands.recompile - DEBUG - [parsing started RegularFileObject[src\minecraft_server\net\minecraft\src\BlockObsidian.java]]
2026-09-12 19:03 -    commands.recompile - DEBUG - [parsing completed 1ms]
2026-09-12 19:03 -    commands.recompile - DEBUG - [parsing started RegularFileObject[src\minecraft_server\net\minecraft\src\BlockOre.java]]
2026-09-12 19:03 -    commands.recompile - DEBUG - [parsing completed 0ms]
2026-09-12 19:03 -    commands.recompile - DEBUG - [parsing started RegularFileObject[src\minecraft_server\net\minecraft\src\BlockOreStorage.java]]
2026-09-12 19:03 -    commands.recompile - DEBUG - [parsing completed 0ms]
2026-09-12 19:03 -    commands.recompile - DEBUG - [parsing started RegularFileObject[src\minecraft_server\net\minecraft\src\BlockPillar.java]]
2026-09-12 19:03 -    commands.recompile - DEBUG - [parsing completed 0ms]
2026-09-12 19:03 -    commands.recompile - DEBUG - [parsing started RegularFileObject[src\minecraft_server\net\minecraft\src\BlockPistonBase.java]]
2026-09-12 19:03 -    commands.recompile - DEBUG - [parsing completed 3ms]
2026-09-12 19:03 -    commands.recompile - DEBUG - [parsing started RegularFileObject[src\minecraft_server\net\minecraft\src\BlockPistonExtension.java]]
2026-09-12 19:03 -    commands.recompile - DEBUG - [parsing completed 2ms]
2026-09-12 19:03 -    commands.recompile - DEBUG - [parsing started RegularFileObject[src\minecraft_server\net\minecraft\src\BlockPistonMoving.java]]
2026-09-12 19:03 -    commands.recompile - DEBUG - [parsing completed 1ms]
2026-09-12 19:03 -    commands.recompile - DEBUG - [parsing started RegularFileObject[src\minecraft_server\net\minecraft\src\BlockPortal.java]]
2026-09-12 19:03 -    commands.recompile - DEBUG - [parsing completed 1ms]
2026-09-12 19:03 -    commands.recompile - DEBUG - [parsing started RegularFileObject[src\minecraft_server\net\minecraft\src\BlockPressurePlate.java]]
2026-09-12 19:03 -    commands.recompile - DEBUG - [parsing completed 1ms]
2026-09-12 19:03 -    commands.recompile - DEBUG - [parsing started RegularFileObject[src\minecraft_server\net\minecraft\src\BlockPumpkin.java]]
2026-09-12 19:03 -    commands.recompile - DEBUG - [parsing completed 0ms]
2026-09-12 19:03 -    commands.recompile - DEBUG - [parsing started RegularFileObject[src\minecraft_server\net\minecraft\src\BlockRail.java]]
2026-09-12 19:03 -    commands.recompile - DEBUG - [parsing completed 1ms]
2026-09-12 19:03 -    commands.recompile - DEBUG - [parsing started RegularFileObject[src\minecraft_server\net\minecraft\src\BlockRedstoneOre.java]]
2026-09-12 19:03 -    commands.recompile - DEBUG - [parsing completed 0ms]
2026-09-12 19:03 -    commands.recompile - DEBUG - [parsing started RegularFileObject[src\minecraft_server\net\minecraft\src\BlockRedstoneRepeater.java]]
2026-09-12 19:03 -    commands.recompile - DEBUG - [parsing completed 2ms]
2026-09-12 19:03 -    commands.recompile - DEBUG - [parsing started RegularFileObject[src\minecraft_server\net\minecraft\src\BlockRedstoneTorch.java]]
2026-09-12 19:03 -    commands.recompile - DEBUG - [parsing completed 2ms]
2026-09-12 19:03 -    commands.recompile - DEBUG - [parsing started RegularFileObject[src\minecraft_server\net\minecraft\src\BlockRedstoneWire.java]]
2026-09-12 19:03 -    commands.recompile - DEBUG - [parsing completed 2ms]
2026-09-12 19:03 -    commands.recompile - DEBUG - [parsing started RegularFileObject[src\minecraft_server\net\minecraft\src\BlockReed.java]]
2026-09-12 19:03 -    commands.recompile - DEBUG - [parsing completed 0ms]
2026-09-12 19:03 -    commands.recompile - DEBUG - [parsing started RegularFileObject[src\minecraft_server\net\minecraft\src\BlockSand.java]]
2026-09-12 19:03 -    commands.recompile - DEBUG - [parsing completed 0ms]
2026-09-12 19:03 -    commands.recompile - DEBUG - [parsing started RegularFileObject[src\minecraft_server\net\minecraft\src\BlockSandStone.java]]
2026-09-12 19:03 -    commands.recompile - DEBUG - [parsing completed 0ms]
2026-09-12 19:03 -    commands.recompile - DEBUG - [parsing started RegularFileObject[src\minecraft_server\net\minecraft\src\BlockSapling.java]]
2026-09-12 19:03 -    commands.recompile - DEBUG - [parsing completed 0ms]
2026-09-12 19:03 -    commands.recompile - DEBUG - [parsing started RegularFileObject[src\minecraft_server\net\minecraft\src\BlockSign.java]]
2026-09-12 19:03 -    commands.recompile - DEBUG - [parsing completed 1ms]
2026-09-12 19:03 -    commands.recompile - DEBUG - [parsing started RegularFileObject[src\minecraft_server\net\minecraft\src\BlockSnow.java]]
2026-09-12 19:03 -    commands.recompile - DEBUG - [parsing completed 1ms]
2026-09-12 19:03 -    commands.recompile - DEBUG - [parsing started RegularFileObject[src\minecraft_server\net\minecraft\src\BlockSnowBlock.java]]
2026-09-12 19:03 -    commands.recompile - DEBUG - [parsing completed 0ms]
2026-09-12 19:03 -    commands.recompile - DEBUG - [parsing started RegularFileObject[src\minecraft_server\net\minecraft\src\BlockSoulSand.java]]
2026-09-12 19:03 -    commands.recompile - DEBUG - [parsing completed 1ms]
2026-09-12 19:03 -    commands.recompile - DEBUG - [parsing started RegularFileObject[src\minecraft_server\net\minecraft\src\BlockSponge.java]]
2026-09-12 19:03 -    commands.recompile - DEBUG - [parsing completed 0ms]
2026-09-12 19:03 -    commands.recompile - DEBUG - [parsing started RegularFileObject[src\minecraft_server\net\minecraft\src\BlockStairs.java]]
2026-09-12 19:03 -    commands.recompile - DEBUG - [parsing completed 1ms]
2026-09-12 19:03 -    commands.recompile - DEBUG - [parsing started RegularFileObject[src\minecraft_server\net\minecraft\src\BlockStationary.java]]
2026-09-12 19:03 -    commands.recompile - DEBUG - [parsing completed 0ms]
2026-09-12 19:03 -    commands.recompile - DEBUG - [parsing started RegularFileObject[src\minecraft_server\net\minecraft\src\BlockStep.java]]
2026-09-12 19:03 -    commands.recompile - DEBUG - [parsing completed 0ms]
2026-09-12 19:03 -    commands.recompile - DEBUG - [parsing started RegularFileObject[src\minecraft_server\net\minecraft\src\BlockSticks.java]]
2026-09-12 19:03 -    commands.recompile - DEBUG - [parsing completed 0ms]
2026-09-12 19:03 -    commands.recompile - DEBUG - [parsing started RegularFileObject[src\minecraft_server\net\minecraft\src\BlockStone.java]]
2026-09-12 19:03 -    commands.recompile - DEBUG - [parsing completed 0ms]
2026-09-12 19:03 -    commands.recompile - DEBUG - [parsing started RegularFileObject[src\minecraft_server\net\minecraft\src\BlockTallGrass.java]]
2026-09-12 19:03 -    commands.recompile - DEBUG - [parsing completed 1ms]
2026-09-12 19:03 -    commands.recompile - DEBUG - [parsing started RegularFileObject[src\minecraft_server\net\minecraft\src\BlockTNT.java]]
2026-09-12 19:03 -    commands.recompile - DEBUG - [parsing completed 0ms]
2026-09-12 19:03 -    commands.recompile - DEBUG - [parsing started RegularFileObject[src\minecraft_server\net\minecraft\src\BlockTorch.java]]
2026-09-12 19:03 -    commands.recompile - DEBUG - [parsing completed 1ms]
2026-09-12 19:03 -    commands.recompile - DEBUG - [parsing started RegularFileObject[src\minecraft_server\net\minecraft\src\BlockTrapDoor.java]]
2026-09-12 19:03 -    commands.recompile - DEBUG - [parsing completed 1ms]
2026-09-12 19:03 -    commands.recompile - DEBUG - [parsing started RegularFileObject[src\minecraft_server\net\minecraft\src\BlockWeb.java]]
2026-09-12 19:03 -    commands.recompile - DEBUG - [parsing completed 0ms]
2026-09-12 19:03 -    commands.recompile - DEBUG - [parsing started RegularFileObject[src\minecraft_server\net\minecraft\src\BlockWorkbench.java]]
2026-09-12 19:03 -    commands.recompile - DEBUG - [parsing completed 0ms]
2026-09-12 19:03 -    commands.recompile - DEBUG - [parsing started RegularFileObject[src\minecraft_server\net\minecraft\src\ChatAllowedCharacters.java]]
2026-09-12 19:03 -    commands.recompile - DEBUG - [parsing completed 0ms]
2026-09-12 19:03 -    commands.recompile - DEBUG - [parsing started RegularFileObject[src\minecraft_server\net\minecraft\src\Chunk.java]]
2026-09-12 19:03 -    commands.recompile - DEBUG - [parsing completed 3ms]
2026-09-12 19:03 -    commands.recompile - DEBUG - [parsing started RegularFileObject[src\minecraft_server\net\minecraft\src\ChunkBlockMap.java]]
2026-09-12 19:03 -    commands.recompile - DEBUG - [parsing completed 0ms]
2026-09-12 19:03 -    commands.recompile - DEBUG - [parsing started RegularFileObject[src\minecraft_server\net\minecraft\src\ChunkCache.java]]
2026-09-12 19:03 -    commands.recompile - DEBUG - [parsing completed 1ms]
2026-09-12 19:03 -    commands.recompile - DEBUG - [parsing started RegularFileObject[src\minecraft_server\net\minecraft\src\ChunkCoordinates.java]]
2026-09-12 19:03 -    commands.recompile - DEBUG - [parsing completed 1ms]
2026-09-12 19:03 -    commands.recompile - DEBUG - [parsing started RegularFileObject[src\minecraft_server\net\minecraft\src\ChunkCoordIntPair.java]]
2026-09-12 19:03 -    commands.recompile - DEBUG - [parsing completed 0ms]
2026-09-12 19:03 -    commands.recompile - DEBUG - [parsing started RegularFileObject[src\minecraft_server\net\minecraft\src\ChunkFile.java]]
2026-09-12 19:03 -    commands.recompile - DEBUG - [parsing completed 0ms]
2026-09-12 19:03 -    commands.recompile - DEBUG - [parsing started RegularFileObject[src\minecraft_server\net\minecraft\src\ChunkFilePattern.java]]
2026-09-12 19:03 -    commands.recompile - DEBUG - [parsing completed 0ms]
2026-09-12 19:03 -    commands.recompile - DEBUG - [parsing started RegularFileObject[src\minecraft_server\net\minecraft\src\ChunkFolderPattern.java]]
2026-09-12 19:03 -    commands.recompile - DEBUG - [parsing completed 0ms]
2026-09-12 19:03 -    commands.recompile - DEBUG - [parsing started RegularFileObject[src\minecraft_server\net\minecraft\src\ChunkLoader.java]]
2026-09-12 19:03 -    commands.recompile - DEBUG - [parsing completed 2ms]
2026-09-12 19:03 -    commands.recompile - DEBUG - [parsing started RegularFileObject[src\minecraft_server\net\minecraft\src\ChunkPosition.java]]
2026-09-12 19:03 -    commands.recompile - DEBUG - [parsing completed 1ms]
2026-09-12 19:03 -    commands.recompile - DEBUG - [parsing started RegularFileObject[src\minecraft_server\net\minecraft\src\ChunkProvider.java]]
2026-09-12 19:03 -    commands.recompile - DEBUG - [parsing completed 3ms]
2026-09-12 19:03 -    commands.recompile - DEBUG - [parsing started RegularFileObject[src\minecraft_server\net\minecraft\src\ChunkProviderGenerate.java]]
2026-09-12 19:03 -    commands.recompile - DEBUG - [parsing completed 11ms]
2026-09-12 19:03 -    commands.recompile - DEBUG - [parsing started RegularFileObject[src\minecraft_server\net\minecraft\src\ChunkProviderHell.java]]
2026-09-12 19:03 -    commands.recompile - DEBUG - [parsing completed 4ms]
2026-09-12 19:03 -    commands.recompile - DEBUG - [parsing started RegularFileObject[src\minecraft_server\net\minecraft\src\ChunkProviderServer.java]]
2026-09-12 19:03 -    commands.recompile - DEBUG - [parsing completed 2ms]
2026-09-12 19:03 -    commands.recompile - DEBUG - [parsing started RegularFileObject[src\minecraft_server\net\minecraft\src\ChunkProviderSky.java]]
2026-09-12 19:03 -    commands.recompile - DEBUG - [parsing completed 4ms]
2026-09-12 19:03 -    commands.recompile - DEBUG - [parsing started RegularFileObject[src\minecraft_server\net\minecraft\src\CompressedStreamTools.java]]
2026-09-12 19:03 -    commands.recompile - DEBUG - [parsing completed 1ms]
2026-09-12 19:03 -    commands.recompile - DEBUG - [parsing started RegularFileObject[src\minecraft_server\net\minecraft\src\ConsoleCommandHandler.java]]
2026-09-12 19:03 -    commands.recompile - DEBUG - [parsing completed 1ms]
2026-09-12 19:03 -    commands.recompile - DEBUG - [parsing started RegularFileObject[src\minecraft_server\net\minecraft\src\ConsoleLogFormatter.java]]
2026-09-12 19:03 -    commands.recompile - DEBUG - [parsing completed 0ms]
2026-09-12 19:03 -    commands.recompile - DEBUG - [parsing started RegularFileObject[src\minecraft_server\net\minecraft\src\ConsoleLogManager.java]]
2026-09-12 19:03 -    commands.recompile - DEBUG - [parsing completed 0ms]
2026-09-12 19:03 -    commands.recompile - DEBUG - [parsing started RegularFileObject[src\minecraft_server\net\minecraft\src\Container.java]]
2026-09-12 19:03 -    commands.recompile - DEBUG - [parsing completed 1ms]
2026-09-12 19:03 -    commands.recompile - DEBUG - [parsing started RegularFileObject[src\minecraft_server\net\minecraft\src\ContainerChest.java]]
2026-09-12 19:03 -    commands.recompile - DEBUG - [parsing completed 1ms]
2026-09-12 19:03 -    commands.recompile - DEBUG - [parsing started RegularFileObject[src\minecraft_server\net\minecraft\src\ContainerDispenser.java]]
2026-09-12 19:03 -    commands.recompile - DEBUG - [parsing completed 1ms]
2026-09-12 19:03 -    commands.recompile - DEBUG - [parsing started RegularFileObject[src\minecraft_server\net\minecraft\src\ContainerFurnace.java]]
2026-09-12 19:03 -    commands.recompile - DEBUG - [parsing completed 1ms]
2026-09-12 19:03 -    commands.recompile - DEBUG - [parsing started RegularFileObject[src\minecraft_server\net\minecraft\src\ContainerHearth.java]]
2026-09-12 19:03 -    commands.recompile - DEBUG - [parsing completed 1ms]
2026-09-12 19:03 -    commands.recompile - DEBUG - [parsing started RegularFileObject[src\minecraft_server\net\minecraft\src\ContainerPlayer.java]]
2026-09-12 19:03 -    commands.recompile - DEBUG - [parsing completed 1ms]
2026-09-12 19:03 -    commands.recompile - DEBUG - [parsing started RegularFileObject[src\minecraft_server\net\minecraft\src\ContainerWorkbench.java]]
2026-09-12 19:03 -    commands.recompile - DEBUG - [parsing completed 1ms]
2026-09-12 19:03 -    commands.recompile - DEBUG - [parsing started RegularFileObject[src\minecraft_server\net\minecraft\src\ConvertProgressUpdater.java]]
2026-09-12 19:03 -    commands.recompile - DEBUG - [parsing completed 0ms]
2026-09-12 19:03 -    commands.recompile - DEBUG - [parsing started RegularFileObject[src\minecraft_server\net\minecraft\src\CraftingManager.java]]
2026-09-12 19:03 -    commands.recompile - DEBUG - [parsing completed 1ms]
2026-09-12 19:03 -    commands.recompile - DEBUG - [parsing started RegularFileObject[src\minecraft_server\net\minecraft\src\DataWatcher.java]]
2026-09-12 19:03 -    commands.recompile - DEBUG - [parsing completed 1ms]
2026-09-12 19:03 -    commands.recompile - DEBUG - [parsing started RegularFileObject[src\minecraft_server\net\minecraft\src\Empty1.java]]
2026-09-12 19:03 -    commands.recompile - DEBUG - [parsing completed 0ms]
2026-09-12 19:03 -    commands.recompile - DEBUG - [parsing started RegularFileObject[src\minecraft_server\net\minecraft\src\Empty2.java]]
2026-09-12 19:03 -    commands.recompile - DEBUG - [parsing completed 0ms]
2026-09-12 19:03 -    commands.recompile - DEBUG - [parsing started RegularFileObject[src\minecraft_server\net\minecraft\src\EmptyChunk.java]]
2026-09-12 19:03 -    commands.recompile - DEBUG - [parsing completed 1ms]
2026-09-12 19:03 -    commands.recompile - DEBUG - [parsing started RegularFileObject[src\minecraft_server\net\minecraft\src\Entity.java]]
2026-09-12 19:03 -    commands.recompile - DEBUG - [parsing completed 5ms]
2026-09-12 19:03 -    commands.recompile - DEBUG - [parsing started RegularFileObject[src\minecraft_server\net\minecraft\src\EntityAnimal.java]]
2026-09-12 19:03 -    commands.recompile - DEBUG - [parsing completed 0ms]
2026-09-12 19:03 -    commands.recompile - DEBUG - [parsing started RegularFileObject[src\minecraft_server\net\minecraft\src\EntityArrow.java]]
2026-09-12 19:03 -    commands.recompile - DEBUG - [parsing completed 2ms]
2026-09-12 19:03 -    commands.recompile - DEBUG - [parsing started RegularFileObject[src\minecraft_server\net\minecraft\src\EntityBoat.java]]
2026-09-12 19:03 -    commands.recompile - DEBUG - [parsing completed 2ms]
2026-09-12 19:03 -    commands.recompile - DEBUG - [parsing started RegularFileObject[src\minecraft_server\net\minecraft\src\EntityChicken.java]]
2026-09-12 19:03 -    commands.recompile - DEBUG - [parsing completed 0ms]
2026-09-12 19:03 -    commands.recompile - DEBUG - [parsing started RegularFileObject[src\minecraft_server\net\minecraft\src\EntityCow.java]]
2026-09-12 19:03 -    commands.recompile - DEBUG - [parsing completed 0ms]
2026-09-12 19:03 -    commands.recompile - DEBUG - [parsing started RegularFileObject[src\minecraft_server\net\minecraft\src\EntityCreature.java]]
2026-09-12 19:03 -    commands.recompile - DEBUG - [parsing completed 1ms]
2026-09-12 19:03 -    commands.recompile - DEBUG - [parsing started RegularFileObject[src\minecraft_server\net\minecraft\src\EntityCreeper.java]]
2026-09-12 19:03 -    commands.recompile - DEBUG - [parsing completed 0ms]
2026-09-12 19:03 -    commands.recompile - DEBUG - [parsing started RegularFileObject[src\minecraft_server\net\minecraft\src\EntityEgg.java]]
2026-09-12 19:03 -    commands.recompile - DEBUG - [parsing completed 1ms]
2026-09-12 19:03 -    commands.recompile - DEBUG - [parsing started RegularFileObject[src\minecraft_server\net\minecraft\src\EntityFallingSand.java]]
2026-09-12 19:03 -    commands.recompile - DEBUG - [parsing completed 1ms]
2026-09-12 19:03 -    commands.recompile - DEBUG - [parsing started RegularFileObject[src\minecraft_server\net\minecraft\src\EntityFireball.java]]
2026-09-12 19:03 -    commands.recompile - DEBUG - [parsing completed 1ms]
2026-09-12 19:03 -    commands.recompile - DEBUG - [parsing started RegularFileObject[src\minecraft_server\net\minecraft\src\EntityFish.java]]
2026-09-12 19:03 -    commands.recompile - DEBUG - [parsing completed 3ms]
2026-09-12 19:03 -    commands.recompile - DEBUG - [parsing started RegularFileObject[src\minecraft_server\net\minecraft\src\EntityFlying.java]]
2026-09-12 19:03 -    commands.recompile - DEBUG - [parsing completed 0ms]
2026-09-12 19:03 -    commands.recompile - DEBUG - [parsing started RegularFileObject[src\minecraft_server\net\minecraft\src\EntityGhast.java]]
2026-09-12 19:03 -    commands.recompile - DEBUG - [parsing completed 1ms]
2026-09-12 19:03 -    commands.recompile - DEBUG - [parsing started RegularFileObject[src\minecraft_server\net\minecraft\src\EntityGiantZombie.java]]
2026-09-12 19:03 -    commands.recompile - DEBUG - [parsing completed 1ms]
2026-09-12 19:03 -    commands.recompile - DEBUG - [parsing started RegularFileObject[src\minecraft_server\net\minecraft\src\EntityItem.java]]
2026-09-12 19:03 -    commands.recompile - DEBUG - [parsing completed 1ms]
2026-09-12 19:03 -    commands.recompile - DEBUG - [parsing started RegularFileObject[src\minecraft_server\net\minecraft\src\EntityLightningBolt.java]]
2026-09-12 19:03 -    commands.recompile - DEBUG - [parsing completed 1ms]
2026-09-12 19:03 -    commands.recompile - DEBUG - [parsing started RegularFileObject[src\minecraft_server\net\minecraft\src\EntityList.java]]
2026-09-12 19:03 -    commands.recompile - DEBUG - [parsing completed 1ms]
2026-09-12 19:03 -    commands.recompile - DEBUG - [parsing started RegularFileObject[src\minecraft_server\net\minecraft\src\EntityLiving.java]]
2026-09-12 19:03 -    commands.recompile - DEBUG - [parsing completed 3ms]
2026-09-12 19:03 -    commands.recompile - DEBUG - [parsing started RegularFileObject[src\minecraft_server\net\minecraft\src\EntityMinecart.java]]
2026-09-12 19:03 -    commands.recompile - DEBUG - [parsing completed 4ms]
2026-09-12 19:03 -    commands.recompile - DEBUG - [parsing started RegularFileObject[src\minecraft_server\net\minecraft\src\EntityMob.java]]
2026-09-12 19:03 -    commands.recompile - DEBUG - [parsing completed 1ms]
2026-09-12 19:03 -    commands.recompile - DEBUG - [parsing started RegularFileObject[src\minecraft_server\net\minecraft\src\EntityPainting.java]]
2026-09-12 19:03 -    commands.recompile - DEBUG - [parsing completed 1ms]
2026-09-12 19:03 -    commands.recompile - DEBUG - [parsing started RegularFileObject[src\minecraft_server\net\minecraft\src\EntityPig.java]]
2026-09-12 19:03 -    commands.recompile - DEBUG - [parsing completed 0ms]
2026-09-12 19:03 -    commands.recompile - DEBUG - [parsing started RegularFileObject[src\minecraft_server\net\minecraft\src\EntityPigZombie.java]]
2026-09-12 19:03 -    commands.recompile - DEBUG - [parsing completed 0ms]
2026-09-12 19:03 -    commands.recompile - DEBUG - [parsing started RegularFileObject[src\minecraft_server\net\minecraft\src\EntityPlayer.java]]
2026-09-12 19:03 -    commands.recompile - DEBUG - [parsing completed 3ms]
2026-09-12 19:03 -    commands.recompile - DEBUG - [parsing started RegularFileObject[src\minecraft_server\net\minecraft\src\EntityPlayerMP.java]]
2026-09-12 19:03 -    commands.recompile - DEBUG - [parsing completed 2ms]
2026-09-12 19:03 -    commands.recompile - DEBUG - [parsing started RegularFileObject[src\minecraft_server\net\minecraft\src\EntitySheep.java]]
2026-09-12 19:03 -    commands.recompile - DEBUG - [parsing completed 0ms]
2026-09-12 19:03 -    commands.recompile - DEBUG - [parsing started RegularFileObject[src\minecraft_server\net\minecraft\src\EntitySkeleton.java]]
2026-09-12 19:03 -    commands.recompile - DEBUG - [parsing completed 0ms]
2026-09-12 19:03 -    commands.recompile - DEBUG - [parsing started RegularFileObject[src\minecraft_server\net\minecraft\src\EntitySlime.java]]
2026-09-12 19:03 -    commands.recompile - DEBUG - [parsing completed 1ms]
2026-09-12 19:03 -    commands.recompile - DEBUG - [parsing started RegularFileObject[src\minecraft_server\net\minecraft\src\EntitySnowball.java]]
2026-09-12 19:03 -    commands.recompile - DEBUG - [parsing completed 1ms]
2026-09-12 19:03 -    commands.recompile - DEBUG - [parsing started RegularFileObject[src\minecraft_server\net\minecraft\src\EntitySpider.java]]
2026-09-12 19:03 -    commands.recompile - DEBUG - [parsing completed 0ms]
2026-09-12 19:03 -    commands.recompile - DEBUG - [parsing started RegularFileObject[src\minecraft_server\net\minecraft\src\EntitySquid.java]]
2026-09-12 19:03 -    commands.recompile - DEBUG - [parsing completed 1ms]
2026-09-12 19:03 -    commands.recompile - DEBUG - [parsing started RegularFileObject[src\minecraft_server\net\minecraft\src\EntityTNTPrimed.java]]
2026-09-12 19:03 -    commands.recompile - DEBUG - [parsing completed 1ms]
2026-09-12 19:03 -    commands.recompile - DEBUG - [parsing started RegularFileObject[src\minecraft_server\net\minecraft\src\EntityTracker.java]]
2026-09-12 19:03 -    commands.recompile - DEBUG - [parsing completed 1ms]
2026-09-12 19:03 -    commands.recompile - DEBUG - [parsing started RegularFileObject[src\minecraft_server\net\minecraft\src\EntityTrackerEntry.java]]
2026-09-12 19:03 -    commands.recompile - DEBUG - [parsing completed 2ms]
2026-09-12 19:03 -    commands.recompile - DEBUG - [parsing started RegularFileObject[src\minecraft_server\net\minecraft\src\EntityWaterMob.java]]
2026-09-12 19:03 -    commands.recompile - DEBUG - [parsing completed 1ms]
2026-09-12 19:03 -    commands.recompile - DEBUG - [parsing started RegularFileObject[src\minecraft_server\net\minecraft\src\EntityWeatherEffect.java]]
2026-09-12 19:03 -    commands.recompile - DEBUG - [parsing completed 0ms]
2026-09-12 19:03 -    commands.recompile - DEBUG - [parsing started RegularFileObject[src\minecraft_server\net\minecraft\src\EntityWolf.java]]
2026-09-12 19:03 -    commands.recompile - DEBUG - [parsing completed 105ms]
2026-09-12 19:03 -    commands.recompile - DEBUG - [parsing started RegularFileObject[src\minecraft_server\net\minecraft\src\EntityZombie.java]]
2026-09-12 19:03 -    commands.recompile - DEBUG - [parsing completed 0ms]
2026-09-12 19:03 -    commands.recompile - DEBUG - [parsing started RegularFileObject[src\minecraft_server\net\minecraft\src\EnumArt.java]]
2026-09-12 19:03 -    commands.recompile - DEBUG - [parsing completed 0ms]
2026-09-12 19:03 -    commands.recompile - DEBUG - [parsing started RegularFileObject[src\minecraft_server\net\minecraft\src\EnumCreatureType.java]]
2026-09-12 19:03 -    commands.recompile - DEBUG - [parsing completed 0ms]
2026-09-12 19:03 -    commands.recompile - DEBUG - [parsing started RegularFileObject[src\minecraft_server\net\minecraft\src\EnumMobType.java]]
2026-09-12 19:03 -    commands.recompile - DEBUG - [parsing completed 0ms]
2026-09-12 19:03 -    commands.recompile - DEBUG - [parsing started RegularFileObject[src\minecraft_server\net\minecraft\src\EnumMovingObjectType.java]]
2026-09-12 19:03 -    commands.recompile - DEBUG - [parsing completed 0ms]
2026-09-12 19:03 -    commands.recompile - DEBUG - [parsing started RegularFileObject[src\minecraft_server\net\minecraft\src\EnumSkyBlock.java]]
2026-09-12 19:03 -    commands.recompile - DEBUG - [parsing completed 1ms]
2026-09-12 19:03 -    commands.recompile - DEBUG - [parsing started RegularFileObject[src\minecraft_server\net\minecraft\src\EnumStatus.java]]
2026-09-12 19:03 -    commands.recompile - DEBUG - [parsing completed 0ms]
2026-09-12 19:03 -    commands.recompile - DEBUG - [parsing started RegularFileObject[src\minecraft_server\net\minecraft\src\EnumToolMaterial.java]]
2026-09-12 19:03 -    commands.recompile - DEBUG - [parsing completed 0ms]
2026-09-12 19:03 -    commands.recompile - DEBUG - [parsing started RegularFileObject[src\minecraft_server\net\minecraft\src\Explosion.java]]
2026-09-12 19:03 -    commands.recompile - DEBUG - [parsing completed 2ms]
2026-09-12 19:03 -    commands.recompile - DEBUG - [parsing started RegularFileObject[src\minecraft_server\net\minecraft\src\FurnaceRecipes.java]]
2026-09-12 19:03 -    commands.recompile - DEBUG - [parsing completed 1ms]
2026-09-12 19:03 -    commands.recompile - DEBUG - [parsing started RegularFileObject[src\minecraft_server\net\minecraft\src\GuiLogFormatter.java]]
2026-09-12 19:03 -    commands.recompile - DEBUG - [parsing completed 1ms]
2026-09-12 19:03 -    commands.recompile - DEBUG - [parsing started RegularFileObject[src\minecraft_server\net\minecraft\src\GuiLogOutputHandler.java]]
2026-09-12 19:03 -    commands.recompile - DEBUG - [parsing completed 0ms]
2026-09-12 19:03 -    commands.recompile - DEBUG - [parsing started RegularFileObject[src\minecraft_server\net\minecraft\src\GuiStatsComponent.java]]
2026-09-12 19:03 -    commands.recompile - DEBUG - [parsing completed 0ms]
2026-09-12 19:03 -    commands.recompile - DEBUG - [parsing started RegularFileObject[src\minecraft_server\net\minecraft\src\GuiStatsListener.java]]
2026-09-12 19:03 -    commands.recompile - DEBUG - [parsing completed 0ms]
2026-09-12 19:03 -    commands.recompile - DEBUG - [parsing started RegularFileObject[src\minecraft_server\net\minecraft\src\HearthRecipes.java]]
2026-09-12 19:03 -    commands.recompile - DEBUG - [parsing completed 1ms]
2026-09-12 19:03 -    commands.recompile - DEBUG - [parsing started RegularFileObject[src\minecraft_server\net\minecraft\src\IAnimals.java]]
2026-09-12 19:03 -    commands.recompile - DEBUG - [parsing completed 0ms]
2026-09-12 19:03 -    commands.recompile - DEBUG - [parsing started RegularFileObject[src\minecraft_server\net\minecraft\src\IBlockAccess.java]]
2026-09-12 19:03 -    commands.recompile - DEBUG - [parsing completed 0ms]
2026-09-12 19:03 -    commands.recompile - DEBUG - [parsing started RegularFileObject[src\minecraft_server\net\minecraft\src\IChunkLoader.java]]
2026-09-12 19:03 -    commands.recompile - DEBUG - [parsing completed 0ms]
2026-09-12 19:03 -    commands.recompile - DEBUG - [parsing started RegularFileObject[src\minecraft_server\net\minecraft\src\IChunkProvider.java]]
2026-09-12 19:03 -    commands.recompile - DEBUG - [parsing completed 0ms]
2026-09-12 19:03 -    commands.recompile - DEBUG - [parsing started RegularFileObject[src\minecraft_server\net\minecraft\src\ICommandListener.java]]
2026-09-12 19:03 -    commands.recompile - DEBUG - [parsing completed 0ms]
2026-09-12 19:03 -    commands.recompile - DEBUG - [parsing started RegularFileObject[src\minecraft_server\net\minecraft\src\ICrafting.java]]
2026-09-12 19:03 -    commands.recompile - DEBUG - [parsing completed 0ms]
2026-09-12 19:03 -    commands.recompile - DEBUG - [parsing started RegularFileObject[src\minecraft_server\net\minecraft\src\IInventory.java]]
2026-09-12 19:03 -    commands.recompile - DEBUG - [parsing completed 0ms]
2026-09-12 19:03 -    commands.recompile - DEBUG - [parsing started RegularFileObject[src\minecraft_server\net\minecraft\src\IMob.java]]
2026-09-12 19:03 -    commands.recompile - DEBUG - [parsing completed 0ms]
2026-09-12 19:03 -    commands.recompile - DEBUG - [parsing started RegularFileObject[src\minecraft_server\net\minecraft\src\InventoryCrafting.java]]
2026-09-12 19:03 -    commands.recompile - DEBUG - [parsing completed 1ms]
2026-09-12 19:03 -    commands.recompile - DEBUG - [parsing started RegularFileObject[src\minecraft_server\net\minecraft\src\InventoryCraftResult.java]]
2026-09-12 19:03 -    commands.recompile - DEBUG - [parsing completed 0ms]
2026-09-12 19:03 -    commands.recompile - DEBUG - [parsing started RegularFileObject[src\minecraft_server\net\minecraft\src\InventoryLargeChest.java]]
2026-09-12 19:03 -    commands.recompile - DEBUG - [parsing completed 0ms]
2026-09-12 19:03 -    commands.recompile - DEBUG - [parsing started RegularFileObject[src\minecraft_server\net\minecraft\src\InventoryPlayer.java]]
2026-09-12 19:03 -    commands.recompile - DEBUG - [parsing completed 1ms]
2026-09-12 19:03 -    commands.recompile - DEBUG - [parsing started RegularFileObject[src\minecraft_server\net\minecraft\src\IPlayerFileData.java]]
2026-09-12 19:03 -    commands.recompile - DEBUG - [parsing completed 0ms]
2026-09-12 19:03 -    commands.recompile - DEBUG - [parsing started RegularFileObject[src\minecraft_server\net\minecraft\src\IProgressUpdate.java]]
2026-09-12 19:03 -    commands.recompile - DEBUG - [parsing completed 0ms]
2026-09-12 19:03 -    commands.recompile - DEBUG - [parsing started RegularFileObject[src\minecraft_server\net\minecraft\src\IRecipe.java]]
2026-09-12 19:03 -    commands.recompile - DEBUG - [parsing completed 0ms]
2026-09-12 19:03 -    commands.recompile - DEBUG - [parsing started RegularFileObject[src\minecraft_server\net\minecraft\src\ISaveFormat.java]]
2026-09-12 19:03 -    commands.recompile - DEBUG - [parsing completed 0ms]
2026-09-12 19:03 -    commands.recompile - DEBUG - [parsing started RegularFileObject[src\minecraft_server\net\minecraft\src\ISaveHandler.java]]
2026-09-12 19:03 -    commands.recompile - DEBUG - [parsing completed 0ms]
2026-09-12 19:03 -    commands.recompile - DEBUG - [parsing started RegularFileObject[src\minecraft_server\net\minecraft\src\IStatType.java]]
2026-09-12 19:03 -    commands.recompile - DEBUG - [parsing completed 0ms]
2026-09-12 19:03 -    commands.recompile - DEBUG - [parsing started RegularFileObject[src\minecraft_server\net\minecraft\src\Item.java]]
2026-09-12 19:03 -    commands.recompile - DEBUG - [parsing completed 2ms]
2026-09-12 19:03 -    commands.recompile - DEBUG - [parsing started RegularFileObject[src\minecraft_server\net\minecraft\src\ItemArmor.java]]
2026-09-12 19:03 -    commands.recompile - DEBUG - [parsing completed 1ms]
2026-09-12 19:03 -    commands.recompile - DEBUG - [parsing started RegularFileObject[src\minecraft_server\net\minecraft\src\ItemAxe.java]]
2026-09-12 19:03 -    commands.recompile - DEBUG - [parsing completed 0ms]
2026-09-12 19:03 -    commands.recompile - DEBUG - [parsing started RegularFileObject[src\minecraft_server\net\minecraft\src\ItemBed.java]]
2026-09-12 19:03 -    commands.recompile - DEBUG - [parsing completed 0ms]
2026-09-12 19:03 -    commands.recompile - DEBUG - [parsing started RegularFileObject[src\minecraft_server\net\minecraft\src\ItemBlock.java]]
2026-09-12 19:03 -    commands.recompile - DEBUG - [parsing completed 0ms]
2026-09-12 19:03 -    commands.recompile - DEBUG - [parsing started RegularFileObject[src\minecraft_server\net\minecraft\src\ItemBoat.java]]
2026-09-12 19:03 -    commands.recompile - DEBUG - [parsing completed 1ms]
2026-09-12 19:03 -    commands.recompile - DEBUG - [parsing started RegularFileObject[src\minecraft_server\net\minecraft\src\ItemBow.java]]
2026-09-12 19:03 -    commands.recompile - DEBUG - [parsing completed 0ms]
2026-09-12 19:03 -    commands.recompile - DEBUG - [parsing started RegularFileObject[src\minecraft_server\net\minecraft\src\ItemBucket.java]]
2026-09-12 19:03 -    commands.recompile - DEBUG - [parsing completed 0ms]
2026-09-12 19:03 -    commands.recompile - DEBUG - [parsing started RegularFileObject[src\minecraft_server\net\minecraft\src\ItemCloth.java]]
2026-09-12 19:03 -    commands.recompile - DEBUG - [parsing completed 0ms]
2026-09-12 19:03 -    commands.recompile - DEBUG - [parsing started RegularFileObject[src\minecraft_server\net\minecraft\src\ItemCoal.java]]
2026-09-12 19:03 -    commands.recompile - DEBUG - [parsing completed 0ms]
2026-09-12 19:03 -    commands.recompile - DEBUG - [parsing started RegularFileObject[src\minecraft_server\net\minecraft\src\ItemCoin.java]]
2026-09-12 19:03 -    commands.recompile - DEBUG - [parsing completed 0ms]
2026-09-12 19:03 -    commands.recompile - DEBUG - [parsing started RegularFileObject[src\minecraft_server\net\minecraft\src\ItemCookie.java]]
2026-09-12 19:03 -    commands.recompile - DEBUG - [parsing completed 0ms]
2026-09-12 19:03 -    commands.recompile - DEBUG - [parsing started RegularFileObject[src\minecraft_server\net\minecraft\src\ItemDoor.java]]
2026-09-12 19:03 -    commands.recompile - DEBUG - [parsing completed 0ms]
2026-09-12 19:03 -    commands.recompile - DEBUG - [parsing started RegularFileObject[src\minecraft_server\net\minecraft\src\ItemDye.java]]
2026-09-12 19:03 -    commands.recompile - DEBUG - [parsing completed 0ms]
2026-09-12 19:03 -    commands.recompile - DEBUG - [parsing started RegularFileObject[src\minecraft_server\net\minecraft\src\ItemEgg.java]]
2026-09-12 19:03 -    commands.recompile - DEBUG - [parsing completed 0ms]
2026-09-12 19:03 -    commands.recompile - DEBUG - [parsing started RegularFileObject[src\minecraft_server\net\minecraft\src\ItemFishingRod.java]]
2026-09-12 19:03 -    commands.recompile - DEBUG - [parsing completed 1ms]
2026-09-12 19:03 -    commands.recompile - DEBUG - [parsing started RegularFileObject[src\minecraft_server\net\minecraft\src\ItemFlintAndSteel.java]]
2026-09-12 19:03 -    commands.recompile - DEBUG - [parsing completed 0ms]
2026-09-12 19:03 -    commands.recompile - DEBUG - [parsing started RegularFileObject[src\minecraft_server\net\minecraft\src\ItemFood.java]]
2026-09-12 19:03 -    commands.recompile - DEBUG - [parsing completed 0ms]
2026-09-12 19:03 -    commands.recompile - DEBUG - [parsing started RegularFileObject[src\minecraft_server\net\minecraft\src\ItemHoe.java]]
2026-09-12 19:03 -    commands.recompile - DEBUG - [parsing completed 0ms]
2026-09-12 19:03 -    commands.recompile - DEBUG - [parsing started RegularFileObject[src\minecraft_server\net\minecraft\src\ItemInWorldManager.java]]
2026-09-12 19:03 -    commands.recompile - DEBUG - [parsing completed 1ms]
2026-09-12 19:03 -    commands.recompile - DEBUG - [parsing started RegularFileObject[src\minecraft_server\net\minecraft\src\ItemLeaves.java]]
2026-09-12 19:03 -    commands.recompile - DEBUG - [parsing completed 0ms]
2026-09-12 19:03 -    commands.recompile - DEBUG - [parsing started RegularFileObject[src\minecraft_server\net\minecraft\src\ItemLog.java]]
2026-09-12 19:03 -    commands.recompile - DEBUG - [parsing completed 0ms]
2026-09-12 19:03 -    commands.recompile - DEBUG - [parsing started RegularFileObject[src\minecraft_server\net\minecraft\src\ItemMap.java]]
2026-09-12 19:03 -    commands.recompile - DEBUG - [parsing completed 1ms]
2026-09-12 19:03 -    commands.recompile - DEBUG - [parsing started RegularFileObject[src\minecraft_server\net\minecraft\src\ItemMapBase.java]]
2026-09-12 19:03 -    commands.recompile - DEBUG - [parsing completed 1ms]
2026-09-12 19:03 -    commands.recompile - DEBUG - [parsing started RegularFileObject[src\minecraft_server\net\minecraft\src\ItemMinecart.java]]
2026-09-12 19:03 -    commands.recompile - DEBUG - [parsing completed 0ms]
2026-09-12 19:03 -    commands.recompile - DEBUG - [parsing started RegularFileObject[src\minecraft_server\net\minecraft\src\ItemPainting.java]]
2026-09-12 19:03 -    commands.recompile - DEBUG - [parsing completed 0ms]
2026-09-12 19:03 -    commands.recompile - DEBUG - [parsing started RegularFileObject[src\minecraft_server\net\minecraft\src\ItemPickaxe.java]]
2026-09-12 19:03 -    commands.recompile - DEBUG - [parsing completed 1ms]
2026-09-12 19:03 -    commands.recompile - DEBUG - [parsing started RegularFileObject[src\minecraft_server\net\minecraft\src\ItemPiston.java]]
2026-09-12 19:03 -    commands.recompile - DEBUG - [parsing completed 0ms]
2026-09-12 19:03 -    commands.recompile - DEBUG - [parsing started RegularFileObject[src\minecraft_server\net\minecraft\src\ItemRecord.java]]
2026-09-12 19:03 -    commands.recompile - DEBUG - [parsing completed 0ms]
2026-09-12 19:03 -    commands.recompile - DEBUG - [parsing started RegularFileObject[src\minecraft_server\net\minecraft\src\ItemRedstone.java]]
2026-09-12 19:03 -    commands.recompile - DEBUG - [parsing completed 0ms]
2026-09-12 19:03 -    commands.recompile - DEBUG - [parsing started RegularFileObject[src\minecraft_server\net\minecraft\src\ItemReed.java]]
2026-09-12 19:03 -    commands.recompile - DEBUG - [parsing completed 1ms]
2026-09-12 19:03 -    commands.recompile - DEBUG - [parsing started RegularFileObject[src\minecraft_server\net\minecraft\src\ItemSaddle.java]]
2026-09-12 19:03 -    commands.recompile - DEBUG - [parsing completed 0ms]
2026-09-12 19:03 -    commands.recompile - DEBUG - [parsing started RegularFileObject[src\minecraft_server\net\minecraft\src\ItemSapling.java]]
2026-09-12 19:03 -    commands.recompile - DEBUG - [parsing completed 0ms]
2026-09-12 19:03 -    commands.recompile - DEBUG - [parsing started RegularFileObject[src\minecraft_server\net\minecraft\src\ItemSeeds.java]]
2026-09-12 19:03 -    commands.recompile - DEBUG - [parsing completed 1ms]
2026-09-12 19:03 -    commands.recompile - DEBUG - [parsing started RegularFileObject[src\minecraft_server\net\minecraft\src\ItemShears.java]]
2026-09-12 19:03 -    commands.recompile - DEBUG - [parsing completed 0ms]
2026-09-12 19:03 -    commands.recompile - DEBUG - [parsing started RegularFileObject[src\minecraft_server\net\minecraft\src\ItemSign.java]]
2026-09-12 19:03 -    commands.recompile - DEBUG - [parsing completed 0ms]
2026-09-12 19:03 -    commands.recompile - DEBUG - [parsing started RegularFileObject[src\minecraft_server\net\minecraft\src\ItemSlab.java]]
2026-09-12 19:03 -    commands.recompile - DEBUG - [parsing completed 0ms]
2026-09-12 19:03 -    commands.recompile - DEBUG - [parsing started RegularFileObject[src\minecraft_server\net\minecraft\src\ItemSnowball.java]]
2026-09-12 19:03 -    commands.recompile - DEBUG - [parsing completed 0ms]
2026-09-12 19:03 -    commands.recompile - DEBUG - [parsing started RegularFileObject[src\minecraft_server\net\minecraft\src\ItemSoup.java]]
2026-09-12 19:03 -    commands.recompile - DEBUG - [parsing completed 1ms]
2026-09-12 19:03 -    commands.recompile - DEBUG - [parsing started RegularFileObject[src\minecraft_server\net\minecraft\src\ItemSpade.java]]
2026-09-12 19:03 -    commands.recompile - DEBUG - [parsing completed 0ms]
2026-09-12 19:03 -    commands.recompile - DEBUG - [parsing started RegularFileObject[src\minecraft_server\net\minecraft\src\ItemSpear.java]]
2026-09-12 19:03 -    commands.recompile - DEBUG - [parsing completed 0ms]
2026-09-12 19:03 -    commands.recompile - DEBUG - [parsing started RegularFileObject[src\minecraft_server\net\minecraft\src\ItemStack.java]]
2026-09-12 19:03 -    commands.recompile - DEBUG - [parsing completed 1ms]
2026-09-12 19:03 -    commands.recompile - DEBUG - [parsing started RegularFileObject[src\minecraft_server\net\minecraft\src\ItemSword.java]]
2026-09-12 19:03 -    commands.recompile - DEBUG - [parsing completed 0ms]
2026-09-12 19:03 -    commands.recompile - DEBUG - [parsing started RegularFileObject[src\minecraft_server\net\minecraft\src\ItemTool.java]]
2026-09-12 19:03 -    commands.recompile - DEBUG - [parsing completed 0ms]
2026-09-12 19:03 -    commands.recompile - DEBUG - [parsing started RegularFileObject[src\minecraft_server\net\minecraft\src\IUpdatePlayerListBox.java]]
2026-09-12 19:03 -    commands.recompile - DEBUG - [parsing completed 0ms]
2026-09-12 19:03 -    commands.recompile - DEBUG - [parsing started RegularFileObject[src\minecraft_server\net\minecraft\src\IWorldAccess.java]]
2026-09-12 19:03 -    commands.recompile - DEBUG - [parsing completed 0ms]
2026-09-12 19:03 -    commands.recompile - DEBUG - [parsing started RegularFileObject[src\minecraft_server\net\minecraft\src\MapColor.java]]
2026-09-12 19:03 -    commands.recompile - DEBUG - [parsing completed 1ms]
2026-09-12 19:03 -    commands.recompile - DEBUG - [parsing started RegularFileObject[src\minecraft_server\net\minecraft\src\MapCoord.java]]
2026-09-12 19:03 -    commands.recompile - DEBUG - [parsing completed 0ms]
2026-09-12 19:03 -    commands.recompile - DEBUG - [parsing started RegularFileObject[src\minecraft_server\net\minecraft\src\MapData.java]]
2026-09-12 19:03 -    commands.recompile - DEBUG - [parsing completed 1ms]
2026-09-12 19:03 -    commands.recompile - DEBUG - [parsing started RegularFileObject[src\minecraft_server\net\minecraft\src\MapDataBase.java]]
2026-09-12 19:03 -    commands.recompile - DEBUG - [parsing completed 0ms]
2026-09-12 19:03 -    commands.recompile - DEBUG - [parsing started RegularFileObject[src\minecraft_server\net\minecraft\src\MapGenBase.java]]
2026-09-12 19:03 -    commands.recompile - DEBUG - [parsing completed 0ms]
2026-09-12 19:03 -    commands.recompile - DEBUG - [parsing started RegularFileObject[src\minecraft_server\net\minecraft\src\MapGenCaves.java]]
2026-09-12 19:03 -    commands.recompile - DEBUG - [parsing completed 2ms]
2026-09-12 19:03 -    commands.recompile - DEBUG - [parsing started RegularFileObject[src\minecraft_server\net\minecraft\src\MapGenCavesHell.java]]
2026-09-12 19:03 -    commands.recompile - DEBUG - [parsing completed 1ms]
2026-09-12 19:03 -    commands.recompile - DEBUG - [parsing started RegularFileObject[src\minecraft_server\net\minecraft\src\MapInfo.java]]
2026-09-12 19:03 -    commands.recompile - DEBUG - [parsing completed 0ms]
2026-09-12 19:03 -    commands.recompile - DEBUG - [parsing started RegularFileObject[src\minecraft_server\net\minecraft\src\MapStorage.java]]
2026-09-12 19:03 -    commands.recompile - DEBUG - [parsing completed 1ms]
2026-09-12 19:03 -    commands.recompile - DEBUG - [parsing started RegularFileObject[src\minecraft_server\net\minecraft\src\Material.java]]
2026-09-12 19:03 -    commands.recompile - DEBUG - [parsing completed 0ms]
2026-09-12 19:03 -    commands.recompile - DEBUG - [parsing started RegularFileObject[src\minecraft_server\net\minecraft\src\MaterialLiquid.java]]
2026-09-12 19:03 -    commands.recompile - DEBUG - [parsing completed 0ms]
2026-09-12 19:03 -    commands.recompile - DEBUG - [parsing started RegularFileObject[src\minecraft_server\net\minecraft\src\MaterialLogic.java]]
2026-09-12 19:03 -    commands.recompile - DEBUG - [parsing completed 0ms]
2026-09-12 19:03 -    commands.recompile - DEBUG - [parsing started RegularFileObject[src\minecraft_server\net\minecraft\src\MaterialPortal.java]]
2026-09-12 19:03 -    commands.recompile - DEBUG - [parsing completed 0ms]
2026-09-12 19:03 -    commands.recompile - DEBUG - [parsing started RegularFileObject[src\minecraft_server\net\minecraft\src\MaterialTransparent.java]]
2026-09-12 19:03 -    commands.recompile - DEBUG - [parsing completed 0ms]
2026-09-12 19:03 -    commands.recompile - DEBUG - [parsing started RegularFileObject[src\minecraft_server\net\minecraft\src\MathHelper.java]]
2026-09-12 19:03 -    commands.recompile - DEBUG - [parsing completed 1ms]
2026-09-12 19:03 -    commands.recompile - DEBUG - [parsing started RegularFileObject[src\minecraft_server\net\minecraft\src\MCHash.java]]
2026-09-12 19:03 -    commands.recompile - DEBUG - [parsing completed 1ms]
2026-09-12 19:03 -    commands.recompile - DEBUG - [parsing started RegularFileObject[src\minecraft_server\net\minecraft\src\MCHashEntry.java]]
2026-09-12 19:03 -    commands.recompile - DEBUG - [parsing completed 0ms]
2026-09-12 19:03 -    commands.recompile - DEBUG - [parsing started RegularFileObject[src\minecraft_server\net\minecraft\src\McRegionChunkLoader.java]]
2026-09-12 19:03 -    commands.recompile - DEBUG - [parsing completed 0ms]
2026-09-12 19:03 -    commands.recompile - DEBUG - [parsing started RegularFileObject[src\minecraft_server\net\minecraft\src\MetadataChunkBlock.java]]
2026-09-12 19:03 -    commands.recompile - DEBUG - [parsing completed 1ms]
2026-09-12 19:03 -    commands.recompile - DEBUG - [parsing started RegularFileObject[src\minecraft_server\net\minecraft\src\MinecraftException.java]]
2026-09-12 19:03 -    commands.recompile - DEBUG - [parsing completed 0ms]
2026-09-12 19:03 -    commands.recompile - DEBUG - [parsing started RegularFileObject[src\minecraft_server\net\minecraft\src\ModelBed.java]]
2026-09-12 19:03 -    commands.recompile - DEBUG - [parsing completed 0ms]
2026-09-12 19:03 -    commands.recompile - DEBUG - [parsing started RegularFileObject[src\minecraft_server\net\minecraft\src\MovingObjectPosition.java]]
2026-09-12 19:03 -    commands.recompile - DEBUG - [parsing completed 0ms]
2026-09-12 19:03 -    commands.recompile - DEBUG - [parsing started RegularFileObject[src\minecraft_server\net\minecraft\src\NBTBase.java]]
2026-09-12 19:03 -    commands.recompile - DEBUG - [parsing completed 0ms]
2026-09-12 19:03 -    commands.recompile - DEBUG - [parsing started RegularFileObject[src\minecraft_server\net\minecraft\src\NBTTagByte.java]]
2026-09-12 19:03 -    commands.recompile - DEBUG - [parsing completed 1ms]
2026-09-12 19:03 -    commands.recompile - DEBUG - [parsing started RegularFileObject[src\minecraft_server\net\minecraft\src\NBTTagByteArray.java]]
2026-09-12 19:03 -    commands.recompile - DEBUG - [parsing completed 0ms]
2026-09-12 19:03 -    commands.recompile - DEBUG - [parsing started RegularFileObject[src\minecraft_server\net\minecraft\src\NBTTagCompound.java]]
2026-09-12 19:03 -    commands.recompile - DEBUG - [parsing completed 0ms]
2026-09-12 19:03 -    commands.recompile - DEBUG - [parsing started RegularFileObject[src\minecraft_server\net\minecraft\src\NBTTagDouble.java]]
2026-09-12 19:03 -    commands.recompile - DEBUG - [parsing completed 0ms]
2026-09-12 19:03 -    commands.recompile - DEBUG - [parsing started RegularFileObject[src\minecraft_server\net\minecraft\src\NBTTagEnd.java]]
2026-09-12 19:03 -    commands.recompile - DEBUG - [parsing completed 0ms]
2026-09-12 19:03 -    commands.recompile - DEBUG - [parsing started RegularFileObject[src\minecraft_server\net\minecraft\src\NBTTagFloat.java]]
2026-09-12 19:03 -    commands.recompile - DEBUG - [parsing completed 0ms]
2026-09-12 19:03 -    commands.recompile - DEBUG - [parsing started RegularFileObject[src\minecraft_server\net\minecraft\src\NBTTagInt.java]]
2026-09-12 19:03 -    commands.recompile - DEBUG - [parsing completed 0ms]
2026-09-12 19:03 -    commands.recompile - DEBUG - [parsing started RegularFileObject[src\minecraft_server\net\minecraft\src\NBTTagList.java]]
2026-09-12 19:03 -    commands.recompile - DEBUG - [parsing completed 1ms]
2026-09-12 19:03 -    commands.recompile - DEBUG - [parsing started RegularFileObject[src\minecraft_server\net\minecraft\src\NBTTagLong.java]]
2026-09-12 19:03 -    commands.recompile - DEBUG - [parsing completed 0ms]
2026-09-12 19:03 -    commands.recompile - DEBUG - [parsing started RegularFileObject[src\minecraft_server\net\minecraft\src\NBTTagShort.java]]
2026-09-12 19:03 -    commands.recompile - DEBUG - [parsing completed 0ms]
2026-09-12 19:03 -    commands.recompile - DEBUG - [parsing started RegularFileObject[src\minecraft_server\net\minecraft\src\NBTTagString.java]]
2026-09-12 19:03 -    commands.recompile - DEBUG - [parsing completed 0ms]
2026-09-12 19:03 -    commands.recompile - DEBUG - [parsing started RegularFileObject[src\minecraft_server\net\minecraft\src\NetHandler.java]]
2026-09-12 19:03 -    commands.recompile - DEBUG - [parsing completed 1ms]
2026-09-12 19:03 -    commands.recompile - DEBUG - [parsing started RegularFileObject[src\minecraft_server\net\minecraft\src\NetLoginHandler.java]]
2026-09-12 19:03 -    commands.recompile - DEBUG - [parsing completed 1ms]
2026-09-12 19:03 -    commands.recompile - DEBUG - [parsing started RegularFileObject[src\minecraft_server\net\minecraft\src\NetServerHandler.java]]
2026-09-12 19:03 -    commands.recompile - DEBUG - [parsing completed 3ms]
2026-09-12 19:03 -    commands.recompile - DEBUG - [parsing started RegularFileObject[src\minecraft_server\net\minecraft\src\NetworkAcceptThread.java]]
2026-09-12 19:03 -    commands.recompile - DEBUG - [parsing completed 1ms]
2026-09-12 19:03 -    commands.recompile - DEBUG - [parsing started RegularFileObject[src\minecraft_server\net\minecraft\src\NetworkListenThread.java]]
2026-09-12 19:03 -    commands.recompile - DEBUG - [parsing completed 1ms]
2026-09-12 19:03 -    commands.recompile - DEBUG - [parsing started RegularFileObject[src\minecraft_server\net\minecraft\src\NetworkManager.java]]
2026-09-12 19:03 -    commands.recompile - DEBUG - [parsing completed 1ms]
2026-09-12 19:03 -    commands.recompile - DEBUG - [parsing started RegularFileObject[src\minecraft_server\net\minecraft\src\NetworkMasterThread.java]]
2026-09-12 19:03 -    commands.recompile - DEBUG - [parsing completed 0ms]
2026-09-12 19:03 -    commands.recompile - DEBUG - [parsing started RegularFileObject[src\minecraft_server\net\minecraft\src\NetworkReaderThread.java]]
2026-09-12 19:03 -    commands.recompile - DEBUG - [parsing completed 1ms]
2026-09-12 19:03 -    commands.recompile - DEBUG - [parsing started RegularFileObject[src\minecraft_server\net\minecraft\src\NetworkWriterThread.java]]
2026-09-12 19:03 -    commands.recompile - DEBUG - [parsing completed 0ms]
2026-09-12 19:03 -    commands.recompile - DEBUG - [parsing started RegularFileObject[src\minecraft_server\net\minecraft\src\NextTickListEntry.java]]
2026-09-12 19:03 -    commands.recompile - DEBUG - [parsing completed 1ms]
2026-09-12 19:03 -    commands.recompile - DEBUG - [parsing started RegularFileObject[src\minecraft_server\net\minecraft\src\NibbleArray.java]]
2026-09-12 19:03 -    commands.recompile - DEBUG - [parsing completed 0ms]
2026-09-12 19:03 -    commands.recompile - DEBUG - [parsing started RegularFileObject[src\minecraft_server\net\minecraft\src\NoiseGenerator.java]]
2026-09-12 19:03 -    commands.recompile - DEBUG - [parsing completed 0ms]
2026-09-12 19:03 -    commands.recompile - DEBUG - [parsing started RegularFileObject[src\minecraft_server\net\minecraft\src\NoiseGenerator2.java]]
2026-09-12 19:03 -    commands.recompile - DEBUG - [parsing completed 1ms]
2026-09-12 19:03 -    commands.recompile - DEBUG - [parsing started RegularFileObject[src\minecraft_server\net\minecraft\src\NoiseGeneratorOctaves.java]]
2026-09-12 19:03 -    commands.recompile - DEBUG - [parsing completed 1ms]
2026-09-12 19:03 -    commands.recompile - DEBUG - [parsing started RegularFileObject[src\minecraft_server\net\minecraft\src\NoiseGeneratorOctaves2.java]]
2026-09-12 19:03 -    commands.recompile - DEBUG - [parsing completed 0ms]
2026-09-12 19:03 -    commands.recompile - DEBUG - [parsing started RegularFileObject[src\minecraft_server\net\minecraft\src\NoiseGeneratorPerlin.java]]
2026-09-12 19:03 -    commands.recompile - DEBUG - [parsing completed 1ms]
2026-09-12 19:03 -    commands.recompile - DEBUG - [parsing started RegularFileObject[src\minecraft_server\net\minecraft\src\Packet.java]]
2026-09-12 19:03 -    commands.recompile - DEBUG - [parsing completed 1ms]
2026-09-12 19:03 -    commands.recompile - DEBUG - [parsing started RegularFileObject[src\minecraft_server\net\minecraft\src\Packet0KeepAlive.java]]
2026-09-12 19:03 -    commands.recompile - DEBUG - [parsing completed 0ms]
2026-09-12 19:03 -    commands.recompile - DEBUG - [parsing started RegularFileObject[src\minecraft_server\net\minecraft\src\Packet100OpenWindow.java]]
2026-09-12 19:03 -    commands.recompile - DEBUG - [parsing completed 0ms]
2026-09-12 19:03 -    commands.recompile - DEBUG - [parsing started RegularFileObject[src\minecraft_server\net\minecraft\src\Packet101CloseWindow.java]]
2026-09-12 19:03 -    commands.recompile - DEBUG - [parsing completed 0ms]
2026-09-12 19:03 -    commands.recompile - DEBUG - [parsing started RegularFileObject[src\minecraft_server\net\minecraft\src\Packet102WindowClick.java]]
2026-09-12 19:03 -    commands.recompile - DEBUG - [parsing completed 0ms]
2026-09-12 19:03 -    commands.recompile - DEBUG - [parsing started RegularFileObject[src\minecraft_server\net\minecraft\src\Packet103SetSlot.java]]
2026-09-12 19:03 -    commands.recompile - DEBUG - [parsing completed 1ms]
2026-09-12 19:03 -    commands.recompile - DEBUG - [parsing started RegularFileObject[src\minecraft_server\net\minecraft\src\Packet104WindowItems.java]]
2026-09-12 19:03 -    commands.recompile - DEBUG - [parsing completed 0ms]
2026-09-12 19:03 -    commands.recompile - DEBUG - [parsing started RegularFileObject[src\minecraft_server\net\minecraft\src\Packet105UpdateProgressbar.java]]
2026-09-12 19:03 -    commands.recompile - DEBUG - [parsing completed 0ms]
2026-09-12 19:03 -    commands.recompile - DEBUG - [parsing started RegularFileObject[src\minecraft_server\net\minecraft\src\Packet106Transaction.java]]
2026-09-12 19:03 -    commands.recompile - DEBUG - [parsing completed 1ms]
2026-09-12 19:03 -    commands.recompile - DEBUG - [parsing started RegularFileObject[src\minecraft_server\net\minecraft\src\Packet10Flying.java]]
2026-09-12 19:03 -    commands.recompile - DEBUG - [parsing completed 0ms]
2026-09-12 19:03 -    commands.recompile - DEBUG - [parsing started RegularFileObject[src\minecraft_server\net\minecraft\src\Packet11PlayerPosition.java]]
2026-09-12 19:03 -    commands.recompile - DEBUG - [parsing completed 0ms]
2026-09-12 19:03 -    commands.recompile - DEBUG - [parsing started RegularFileObject[src\minecraft_server\net\minecraft\src\Packet12PlayerLook.java]]
2026-09-12 19:03 -    commands.recompile - DEBUG - [parsing completed 1ms]
2026-09-12 19:03 -    commands.recompile - DEBUG - [parsing started RegularFileObject[src\minecraft_server\net\minecraft\src\Packet130UpdateSign.java]]
2026-09-12 19:03 -    commands.recompile - DEBUG - [parsing completed 0ms]
2026-09-12 19:03 -    commands.recompile - DEBUG - [parsing started RegularFileObject[src\minecraft_server\net\minecraft\src\Packet131MapData.java]]
2026-09-12 19:03 -    commands.recompile - DEBUG - [parsing completed 0ms]
2026-09-12 19:03 -    commands.recompile - DEBUG - [parsing started RegularFileObject[src\minecraft_server\net\minecraft\src\Packet13PlayerLookMove.java]]
2026-09-12 19:03 -    commands.recompile - DEBUG - [parsing completed 0ms]
2026-09-12 19:03 -    commands.recompile - DEBUG - [parsing started RegularFileObject[src\minecraft_server\net\minecraft\src\Packet14BlockDig.java]]
2026-09-12 19:03 -    commands.recompile - DEBUG - [parsing completed 0ms]
2026-09-12 19:03 -    commands.recompile - DEBUG - [parsing started RegularFileObject[src\minecraft_server\net\minecraft\src\Packet15Place.java]]
2026-09-12 19:03 -    commands.recompile - DEBUG - [parsing completed 0ms]
2026-09-12 19:03 -    commands.recompile - DEBUG - [parsing started RegularFileObject[src\minecraft_server\net\minecraft\src\Packet16BlockItemSwitch.java]]
2026-09-12 19:03 -    commands.recompile - DEBUG - [parsing completed 0ms]
2026-09-12 19:03 -    commands.recompile - DEBUG - [parsing started RegularFileObject[src\minecraft_server\net\minecraft\src\Packet17Sleep.java]]
2026-09-12 19:03 -    commands.recompile - DEBUG - [parsing completed 0ms]
2026-09-12 19:03 -    commands.recompile - DEBUG - [parsing started RegularFileObject[src\minecraft_server\net\minecraft\src\Packet18Animation.java]]
2026-09-12 19:03 -    commands.recompile - DEBUG - [parsing completed 0ms]
2026-09-12 19:03 -    commands.recompile - DEBUG - [parsing started RegularFileObject[src\minecraft_server\net\minecraft\src\Packet19EntityAction.java]]
2026-09-12 19:03 -    commands.recompile - DEBUG - [parsing completed 1ms]
2026-09-12 19:03 -    commands.recompile - DEBUG - [parsing started RegularFileObject[src\minecraft_server\net\minecraft\src\Packet1Login.java]]
2026-09-12 19:03 -    commands.recompile - DEBUG - [parsing completed 0ms]
2026-09-12 19:03 -    commands.recompile - DEBUG - [parsing started RegularFileObject[src\minecraft_server\net\minecraft\src\Packet200Statistic.java]]
2026-09-12 19:03 -    commands.recompile - DEBUG - [parsing completed 0ms]
2026-09-12 19:03 -    commands.recompile - DEBUG - [parsing started RegularFileObject[src\minecraft_server\net\minecraft\src\Packet20NamedEntitySpawn.java]]
2026-09-12 19:03 -    commands.recompile - DEBUG - [parsing completed 1ms]
2026-09-12 19:03 -    commands.recompile - DEBUG - [parsing started RegularFileObject[src\minecraft_server\net\minecraft\src\Packet21PickupSpawn.java]]
2026-09-12 19:03 -    commands.recompile - DEBUG - [parsing completed 0ms]
2026-09-12 19:03 -    commands.recompile - DEBUG - [parsing started RegularFileObject[src\minecraft_server\net\minecraft\src\Packet22Collect.java]]
2026-09-12 19:03 -    commands.recompile - DEBUG - [parsing completed 0ms]
2026-09-12 19:03 -    commands.recompile - DEBUG - [parsing started RegularFileObject[src\minecraft_server\net\minecraft\src\Packet23VehicleSpawn.java]]
2026-09-12 19:03 -    commands.recompile - DEBUG - [parsing completed 1ms]
2026-09-12 19:03 -    commands.recompile - DEBUG - [parsing started RegularFileObject[src\minecraft_server\net\minecraft\src\Packet24MobSpawn.java]]
2026-09-12 19:03 -    commands.recompile - DEBUG - [parsing completed 0ms]
2026-09-12 19:03 -    commands.recompile - DEBUG - [parsing started RegularFileObject[src\minecraft_server\net\minecraft\src\Packet255KickDisconnect.java]]
2026-09-12 19:03 -    commands.recompile - DEBUG - [parsing completed 0ms]
2026-09-12 19:03 -    commands.recompile - DEBUG - [parsing started RegularFileObject[src\minecraft_server\net\minecraft\src\Packet25EntityPainting.java]]
2026-09-12 19:03 -    commands.recompile - DEBUG - [parsing completed 0ms]
2026-09-12 19:03 -    commands.recompile - DEBUG - [parsing started RegularFileObject[src\minecraft_server\net\minecraft\src\Packet27Position.java]]
2026-09-12 19:03 -    commands.recompile - DEBUG - [parsing completed 0ms]
2026-09-12 19:03 -    commands.recompile - DEBUG - [parsing started RegularFileObject[src\minecraft_server\net\minecraft\src\Packet28EntityVelocity.java]]
2026-09-12 19:03 -    commands.recompile - DEBUG - [parsing completed 1ms]
2026-09-12 19:03 -    commands.recompile - DEBUG - [parsing started RegularFileObject[src\minecraft_server\net\minecraft\src\Packet29DestroyEntity.java]]
2026-09-12 19:03 -    commands.recompile - DEBUG - [parsing completed 1ms]
2026-09-12 19:03 -    commands.recompile - DEBUG - [parsing started RegularFileObject[src\minecraft_server\net\minecraft\src\Packet2Handshake.java]]
2026-09-12 19:03 -    commands.recompile - DEBUG - [parsing completed 0ms]
2026-09-12 19:03 -    commands.recompile - DEBUG - [parsing started RegularFileObject[src\minecraft_server\net\minecraft\src\Packet30Entity.java]]
2026-09-12 19:03 -    commands.recompile - DEBUG - [parsing completed 1ms]
2026-09-12 19:03 -    commands.recompile - DEBUG - [parsing started RegularFileObject[src\minecraft_server\net\minecraft\src\Packet31RelEntityMove.java]]
2026-09-12 19:03 -    commands.recompile - DEBUG - [parsing completed 0ms]
2026-09-12 19:03 -    commands.recompile - DEBUG - [parsing started RegularFileObject[src\minecraft_server\net\minecraft\src\Packet32EntityLook.java]]
2026-09-12 19:03 -    commands.recompile - DEBUG - [parsing completed 0ms]
2026-09-12 19:03 -    commands.recompile - DEBUG - [parsing started RegularFileObject[src\minecraft_server\net\minecraft\src\Packet33RelEntityMoveLook.java]]
2026-09-12 19:03 -    commands.recompile - DEBUG - [parsing completed 1ms]
2026-09-12 19:03 -    commands.recompile - DEBUG - [parsing started RegularFileObject[src\minecraft_server\net\minecraft\src\Packet34EntityTeleport.java]]
2026-09-12 19:03 -    commands.recompile - DEBUG - [parsing completed 0ms]
2026-09-12 19:03 -    commands.recompile - DEBUG - [parsing started RegularFileObject[src\minecraft_server\net\minecraft\src\Packet38EntityStatus.java]]
2026-09-12 19:03 -    commands.recompile - DEBUG - [parsing completed 0ms]
2026-09-12 19:03 -    commands.recompile - DEBUG - [parsing started RegularFileObject[src\minecraft_server\net\minecraft\src\Packet39AttachEntity.java]]
2026-09-12 19:03 -    commands.recompile - DEBUG - [parsing completed 0ms]
2026-09-12 19:03 -    commands.recompile - DEBUG - [parsing started RegularFileObject[src\minecraft_server\net\minecraft\src\Packet3Chat.java]]
2026-09-12 19:03 -    commands.recompile - DEBUG - [parsing completed 0ms]
2026-09-12 19:03 -    commands.recompile - DEBUG - [parsing started RegularFileObject[src\minecraft_server\net\minecraft\src\Packet40EntityMetadata.java]]
2026-09-12 19:03 -    commands.recompile - DEBUG - [parsing completed 1ms]
2026-09-12 19:03 -    commands.recompile - DEBUG - [parsing started RegularFileObject[src\minecraft_server\net\minecraft\src\Packet4UpdateTime.java]]
2026-09-12 19:03 -    commands.recompile - DEBUG - [parsing completed 0ms]
2026-09-12 19:03 -    commands.recompile - DEBUG - [parsing started RegularFileObject[src\minecraft_server\net\minecraft\src\Packet50PreChunk.java]]
2026-09-12 19:03 -    commands.recompile - DEBUG - [parsing completed 0ms]
2026-09-12 19:03 -    commands.recompile - DEBUG - [parsing started RegularFileObject[src\minecraft_server\net\minecraft\src\Packet51MapChunk.java]]
2026-09-12 19:03 -    commands.recompile - DEBUG - [parsing completed 5ms]
2026-09-12 19:03 -    commands.recompile - DEBUG - [parsing started RegularFileObject[src\minecraft_server\net\minecraft\src\Packet52MultiBlockChange.java]]
2026-09-12 19:03 -    commands.recompile - DEBUG - [parsing completed 1ms]
2026-09-12 19:03 -    commands.recompile - DEBUG - [parsing started RegularFileObject[src\minecraft_server\net\minecraft\src\Packet53BlockChange.java]]
2026-09-12 19:03 -    commands.recompile - DEBUG - [parsing completed 0ms]
2026-09-12 19:03 -    commands.recompile - DEBUG - [parsing started RegularFileObject[src\minecraft_server\net\minecraft\src\Packet54PlayNoteBlock.java]]
2026-09-12 19:03 -    commands.recompile - DEBUG - [parsing completed 0ms]
2026-09-12 19:03 -    commands.recompile - DEBUG - [parsing started RegularFileObject[src\minecraft_server\net\minecraft\src\Packet5PlayerInventory.java]]
2026-09-12 19:03 -    commands.recompile - DEBUG - [parsing completed 0ms]
2026-09-12 19:03 -    commands.recompile - DEBUG - [parsing started RegularFileObject[src\minecraft_server\net\minecraft\src\Packet60Explosion.java]]
2026-09-12 19:03 -    commands.recompile - DEBUG - [parsing completed 0ms]
2026-09-12 19:03 -    commands.recompile - DEBUG - [parsing started RegularFileObject[src\minecraft_server\net\minecraft\src\Packet61DoorChange.java]]
2026-09-12 19:03 -    commands.recompile - DEBUG - [parsing completed 0ms]
2026-09-12 19:03 -    commands.recompile - DEBUG - [parsing started RegularFileObject[src\minecraft_server\net\minecraft\src\Packet6SpawnPosition.java]]
2026-09-12 19:03 -    commands.recompile - DEBUG - [parsing completed 0ms]
2026-09-12 19:03 -    commands.recompile - DEBUG - [parsing started RegularFileObject[src\minecraft_server\net\minecraft\src\Packet70Bed.java]]
2026-09-12 19:03 -    commands.recompile - DEBUG - [parsing completed 0ms]
2026-09-12 19:03 -    commands.recompile - DEBUG - [parsing started RegularFileObject[src\minecraft_server\net\minecraft\src\Packet71Weather.java]]
2026-09-12 19:03 -    commands.recompile - DEBUG - [parsing completed 0ms]
2026-09-12 19:03 -    commands.recompile - DEBUG - [parsing started RegularFileObject[src\minecraft_server\net\minecraft\src\Packet7UseEntity.java]]
2026-09-12 19:03 -    commands.recompile - DEBUG - [parsing completed 0ms]
2026-09-12 19:03 -    commands.recompile - DEBUG - [parsing started RegularFileObject[src\minecraft_server\net\minecraft\src\Packet8UpdateHealth.java]]
2026-09-12 19:03 -    commands.recompile - DEBUG - [parsing completed 0ms]
2026-09-12 19:03 -    commands.recompile - DEBUG - [parsing started RegularFileObject[src\minecraft_server\net\minecraft\src\Packet9Respawn.java]]
2026-09-12 19:03 -    commands.recompile - DEBUG - [parsing completed 1ms]
2026-09-12 19:03 -    commands.recompile - DEBUG - [parsing started RegularFileObject[src\minecraft_server\net\minecraft\src\PacketCounter.java]]
2026-09-12 19:03 -    commands.recompile - DEBUG - [parsing completed 0ms]
2026-09-12 19:03 -    commands.recompile - DEBUG - [parsing started RegularFileObject[src\minecraft_server\net\minecraft\src\Path.java]]
2026-09-12 19:03 -    commands.recompile - DEBUG - [parsing completed 1ms]
2026-09-12 19:03 -    commands.recompile - DEBUG - [parsing started RegularFileObject[src\minecraft_server\net\minecraft\src\PathEntity.java]]
2026-09-12 19:03 -    commands.recompile - DEBUG - [parsing completed 1ms]
2026-09-12 19:03 -    commands.recompile - DEBUG - [parsing started RegularFileObject[src\minecraft_server\net\minecraft\src\Pathfinder.java]]
2026-09-12 19:03 -    commands.recompile - DEBUG - [parsing completed 0ms]
2026-09-12 19:03 -    commands.recompile - DEBUG - [parsing started RegularFileObject[src\minecraft_server\net\minecraft\src\PathPoint.java]]
2026-09-12 19:03 -    commands.recompile - DEBUG - [parsing completed 0ms]
2026-09-12 19:03 -    commands.recompile - DEBUG - [parsing started RegularFileObject[src\minecraft_server\net\minecraft\src\PistonBlockTextures.java]]
2026-09-12 19:03 -    commands.recompile - DEBUG - [parsing completed 0ms]
2026-09-12 19:03 -    commands.recompile - DEBUG - [parsing started RegularFileObject[src\minecraft_server\net\minecraft\src\PlayerHash.java]]
2026-09-12 19:03 -    commands.recompile - DEBUG - [parsing completed 0ms]
2026-09-12 19:03 -    commands.recompile - DEBUG - [parsing started RegularFileObject[src\minecraft_server\net\minecraft\src\PlayerHashEntry.java]]
2026-09-12 19:03 -    commands.recompile - DEBUG - [parsing completed 0ms]
2026-09-12 19:03 -    commands.recompile - DEBUG - [parsing started RegularFileObject[src\minecraft_server\net\minecraft\src\PlayerInstance.java]]
2026-09-12 19:03 -    commands.recompile - DEBUG - [parsing completed 0ms]
2026-09-12 19:03 -    commands.recompile - DEBUG - [parsing started RegularFileObject[src\minecraft_server\net\minecraft\src\PlayerListBox.java]]
2026-09-12 19:03 -    commands.recompile - DEBUG - [parsing completed 1ms]
2026-09-12 19:03 -    commands.recompile - DEBUG - [parsing started RegularFileObject[src\minecraft_server\net\minecraft\src\PlayerManager.java]]
2026-09-12 19:03 -    commands.recompile - DEBUG - [parsing completed 1ms]
2026-09-12 19:03 -    commands.recompile - DEBUG - [parsing started RegularFileObject[src\minecraft_server\net\minecraft\src\PlayerNBTManager.java]]
2026-09-12 19:03 -    commands.recompile - DEBUG - [parsing completed 1ms]
2026-09-12 19:03 -    commands.recompile - DEBUG - [parsing started RegularFileObject[src\minecraft_server\net\minecraft\src\PropertyManager.java]]
2026-09-12 19:03 -    commands.recompile - DEBUG - [parsing completed 1ms]
2026-09-12 19:03 -    commands.recompile - DEBUG - [parsing started RegularFileObject[src\minecraft_server\net\minecraft\src\RailLogic.java]]
2026-09-12 19:03 -    commands.recompile - DEBUG - [parsing completed 1ms]
2026-09-12 19:03 -    commands.recompile - DEBUG - [parsing started RegularFileObject[src\minecraft_server\net\minecraft\src\RecipesArmor.java]]
2026-09-12 19:03 -    commands.recompile - DEBUG - [parsing completed 0ms]
2026-09-12 19:03 -    commands.recompile - DEBUG - [parsing started RegularFileObject[src\minecraft_server\net\minecraft\src\RecipesCrafting.java]]
2026-09-12 19:03 -    commands.recompile - DEBUG - [parsing completed 0ms]
2026-09-12 19:03 -    commands.recompile - DEBUG - [parsing started RegularFileObject[src\minecraft_server\net\minecraft\src\RecipesDyes.java]]
2026-09-12 19:03 -    commands.recompile - DEBUG - [parsing completed 1ms]
2026-09-12 19:03 -    commands.recompile - DEBUG - [parsing started RegularFileObject[src\minecraft_server\net\minecraft\src\RecipesFood.java]]
2026-09-12 19:03 -    commands.recompile - DEBUG - [parsing completed 0ms]
2026-09-12 19:03 -    commands.recompile - DEBUG - [parsing started RegularFileObject[src\minecraft_server\net\minecraft\src\RecipesIngots.java]]
2026-09-12 19:03 -    commands.recompile - DEBUG - [parsing completed 1ms]
2026-09-12 19:03 -    commands.recompile - DEBUG - [parsing started RegularFileObject[src\minecraft_server\net\minecraft\src\RecipeSorter.java]]
2026-09-12 19:03 -    commands.recompile - DEBUG - [parsing completed 0ms]
2026-09-12 19:03 -    commands.recompile - DEBUG - [parsing started RegularFileObject[src\minecraft_server\net\minecraft\src\RecipesTools.java]]
2026-09-12 19:03 -    commands.recompile - DEBUG - [parsing completed 0ms]
2026-09-12 19:03 -    commands.recompile - DEBUG - [parsing started RegularFileObject[src\minecraft_server\net\minecraft\src\RecipesWeapons.java]]
2026-09-12 19:03 -    commands.recompile - DEBUG - [parsing completed 1ms]
2026-09-12 19:03 -    commands.recompile - DEBUG - [parsing started RegularFileObject[src\minecraft_server\net\minecraft\src\RedstoneUpdateInfo.java]]
2026-09-12 19:03 -    commands.recompile - DEBUG - [parsing completed 0ms]
2026-09-12 19:03 -    commands.recompile - DEBUG - [parsing started RegularFileObject[src\minecraft_server\net\minecraft\src\RegionFile.java]]
2026-09-12 19:03 -    commands.recompile - DEBUG - [parsing completed 1ms]
2026-09-12 19:03 -    commands.recompile - DEBUG - [parsing started RegularFileObject[src\minecraft_server\net\minecraft\src\RegionFileCache.java]]
2026-09-12 19:03 -    commands.recompile - DEBUG - [parsing completed 0ms]
2026-09-12 19:03 -    commands.recompile - DEBUG - [parsing started RegularFileObject[src\minecraft_server\net\minecraft\src\RegionFileChunkBuffer.java]]
2026-09-12 19:03 -    commands.recompile - DEBUG - [parsing completed 0ms]
2026-09-12 19:03 -    commands.recompile - DEBUG - [parsing started RegularFileObject[src\minecraft_server\net\minecraft\src\SaveConverterMcRegion.java]]
2026-09-12 19:03 -    commands.recompile - DEBUG - [parsing completed 1ms]
2026-09-12 19:03 -    commands.recompile - DEBUG - [parsing started RegularFileObject[src\minecraft_server\net\minecraft\src\SaveFormatOld.java]]
2026-09-12 19:03 -    commands.recompile - DEBUG - [parsing completed 1ms]
2026-09-12 19:03 -    commands.recompile - DEBUG - [parsing started RegularFileObject[src\minecraft_server\net\minecraft\src\SaveOldDir.java]]
2026-09-12 19:03 -    commands.recompile - DEBUG - [parsing completed 0ms]
2026-09-12 19:03 -    commands.recompile - DEBUG - [parsing started RegularFileObject[src\minecraft_server\net\minecraft\src\ServerCommand.java]]
2026-09-12 19:03 -    commands.recompile - DEBUG - [parsing completed 1ms]
2026-09-12 19:03 -    commands.recompile - DEBUG - [parsing started RegularFileObject[src\minecraft_server\net\minecraft\src\ServerConfigurationManager.java]]
2026-09-12 19:03 -    commands.recompile - DEBUG - [parsing completed 1ms]
2026-09-12 19:03 -    commands.recompile - DEBUG - [parsing started RegularFileObject[src\minecraft_server\net\minecraft\src\ServerGUI.java]]
2026-09-12 19:03 -    commands.recompile - DEBUG - [parsing completed 0ms]
2026-09-12 19:03 -    commands.recompile - DEBUG - [parsing started RegularFileObject[src\minecraft_server\net\minecraft\src\ServerGuiCommandListener.java]]
2026-09-12 19:03 -    commands.recompile - DEBUG - [parsing completed 0ms]
2026-09-12 19:03 -    commands.recompile - DEBUG - [parsing started RegularFileObject[src\minecraft_server\net\minecraft\src\ServerGuiFocusAdapter.java]]
2026-09-12 19:03 -    commands.recompile - DEBUG - [parsing completed 1ms]
2026-09-12 19:03 -    commands.recompile - DEBUG - [parsing started RegularFileObject[src\minecraft_server\net\minecraft\src\ServerWindowAdapter.java]]
2026-09-12 19:03 -    commands.recompile - DEBUG - [parsing completed 0ms]
2026-09-12 19:03 -    commands.recompile - DEBUG - [parsing started RegularFileObject[src\minecraft_server\net\minecraft\src\ShapedRecipes.java]]
2026-09-12 19:03 -    commands.recompile - DEBUG - [parsing completed 0ms]
2026-09-12 19:03 -    commands.recompile - DEBUG - [parsing started RegularFileObject[src\minecraft_server\net\minecraft\src\ShapelessRecipes.java]]
2026-09-12 19:03 -    commands.recompile - DEBUG - [parsing completed 0ms]
2026-09-12 19:03 -    commands.recompile - DEBUG - [parsing started RegularFileObject[src\minecraft_server\net\minecraft\src\Slot.java]]
2026-09-12 19:03 -    commands.recompile - DEBUG - [parsing completed 0ms]
2026-09-12 19:03 -    commands.recompile - DEBUG - [parsing started RegularFileObject[src\minecraft_server\net\minecraft\src\SlotArmor.java]]
2026-09-12 19:03 -    commands.recompile - DEBUG - [parsing completed 0ms]
2026-09-12 19:03 -    commands.recompile - DEBUG - [parsing started RegularFileObject[src\minecraft_server\net\minecraft\src\SlotCrafting.java]]
2026-09-12 19:03 -    commands.recompile - DEBUG - [parsing completed 0ms]
2026-09-12 19:03 -    commands.recompile - DEBUG - [parsing started RegularFileObject[src\minecraft_server\net\minecraft\src\SlotFurnace.java]]
2026-09-12 19:03 -    commands.recompile - DEBUG - [parsing completed 1ms]
2026-09-12 19:03 -    commands.recompile - DEBUG - [parsing started RegularFileObject[src\minecraft_server\net\minecraft\src\SlotHearth.java]]
2026-09-12 19:03 -    commands.recompile - DEBUG - [parsing completed 0ms]
2026-09-12 19:03 -    commands.recompile - DEBUG - [parsing started RegularFileObject[src\minecraft_server\net\minecraft\src\SpawnerAnimals.java]]
2026-09-12 19:03 -    commands.recompile - DEBUG - [parsing completed 1ms]
2026-09-12 19:03 -    commands.recompile - DEBUG - [parsing started RegularFileObject[src\minecraft_server\net\minecraft\src\SpawnListEntry.java]]
2026-09-12 19:03 -    commands.recompile - DEBUG - [parsing completed 0ms]
2026-09-12 19:03 -    commands.recompile - DEBUG - [parsing started RegularFileObject[src\minecraft_server\net\minecraft\src\StatBase.java]]
2026-09-12 19:03 -    commands.recompile - DEBUG - [parsing completed 1ms]
2026-09-12 19:03 -    commands.recompile - DEBUG - [parsing started RegularFileObject[src\minecraft_server\net\minecraft\src\StatBasic.java]]
2026-09-12 19:03 -    commands.recompile - DEBUG - [parsing completed 1ms]
2026-09-12 19:03 -    commands.recompile - DEBUG - [parsing started RegularFileObject[src\minecraft_server\net\minecraft\src\StatCollector.java]]
2026-09-12 19:03 -    commands.recompile - DEBUG - [parsing completed 0ms]
2026-09-12 19:03 -    commands.recompile - DEBUG - [parsing started RegularFileObject[src\minecraft_server\net\minecraft\src\StatCrafting.java]]
2026-09-12 19:03 -    commands.recompile - DEBUG - [parsing completed 0ms]
2026-09-12 19:03 -    commands.recompile - DEBUG - [parsing started RegularFileObject[src\minecraft_server\net\minecraft\src\StatList.java]]
2026-09-12 19:03 -    commands.recompile - DEBUG - [parsing completed 1ms]
2026-09-12 19:03 -    commands.recompile - DEBUG - [parsing started RegularFileObject[src\minecraft_server\net\minecraft\src\StatTypeDistance.java]]
2026-09-12 19:03 -    commands.recompile - DEBUG - [parsing completed 0ms]
2026-09-12 19:03 -    commands.recompile - DEBUG - [parsing started RegularFileObject[src\minecraft_server\net\minecraft\src\StatTypeSimple.java]]
2026-09-12 19:03 -    commands.recompile - DEBUG - [parsing completed 0ms]
2026-09-12 19:03 -    commands.recompile - DEBUG - [parsing started RegularFileObject[src\minecraft_server\net\minecraft\src\StatTypeTime.java]]
2026-09-12 19:03 -    commands.recompile - DEBUG - [parsing completed 0ms]
2026-09-12 19:03 -    commands.recompile - DEBUG - [parsing started RegularFileObject[src\minecraft_server\net\minecraft\src\StepSound.java]]
2026-09-12 19:03 -    commands.recompile - DEBUG - [parsing completed 0ms]
2026-09-12 19:03 -    commands.recompile - DEBUG - [parsing started RegularFileObject[src\minecraft_server\net\minecraft\src\StepSoundSand.java]]
2026-09-12 19:03 -    commands.recompile - DEBUG - [parsing completed 0ms]
2026-09-12 19:03 -    commands.recompile - DEBUG - [parsing started RegularFileObject[src\minecraft_server\net\minecraft\src\StepSoundStone.java]]
2026-09-12 19:03 -    commands.recompile - DEBUG - [parsing completed 0ms]
2026-09-12 19:03 -    commands.recompile - DEBUG - [parsing started RegularFileObject[src\minecraft_server\net\minecraft\src\StringTranslate.java]]
2026-09-12 19:03 -    commands.recompile - DEBUG - [parsing completed 0ms]
2026-09-12 19:03 -    commands.recompile - DEBUG - [parsing started RegularFileObject[src\minecraft_server\net\minecraft\src\Teleporter.java]]
2026-09-12 19:03 -    commands.recompile - DEBUG - [parsing completed 2ms]
2026-09-12 19:03 -    commands.recompile - DEBUG - [parsing started RegularFileObject[src\minecraft_server\net\minecraft\src\ThreadCommandReader.java]]
2026-09-12 19:03 -    commands.recompile - DEBUG - [parsing completed 0ms]
2026-09-12 19:03 -    commands.recompile - DEBUG - [parsing started RegularFileObject[src\minecraft_server\net\minecraft\src\ThreadLoginVerifier.java]]
2026-09-12 19:03 -    commands.recompile - DEBUG - [parsing completed 1ms]
2026-09-12 19:03 -    commands.recompile - DEBUG - [parsing started RegularFileObject[src\minecraft_server\net\minecraft\src\ThreadMonitorConnection.java]]
2026-09-12 19:03 -    commands.recompile - DEBUG - [parsing completed 0ms]
2026-09-12 19:03 -    commands.recompile - DEBUG - [parsing started RegularFileObject[src\minecraft_server\net\minecraft\src\ThreadServerApplication.java]]
2026-09-12 19:03 -    commands.recompile - DEBUG - [parsing completed 0ms]
2026-09-12 19:03 -    commands.recompile - DEBUG - [parsing started RegularFileObject[src\minecraft_server\net\minecraft\src\ThreadSleepForever.java]]
2026-09-12 19:03 -    commands.recompile - DEBUG - [parsing completed 0ms]
2026-09-12 19:03 -    commands.recompile - DEBUG - [parsing started RegularFileObject[src\minecraft_server\net\minecraft\src\TileEntity.java]]
2026-09-12 19:03 -    commands.recompile - DEBUG - [parsing completed 0ms]
2026-09-12 19:03 -    commands.recompile - DEBUG - [parsing started RegularFileObject[src\minecraft_server\net\minecraft\src\TileEntityChest.java]]
2026-09-12 19:03 -    commands.recompile - DEBUG - [parsing completed 0ms]
2026-09-12 19:03 -    commands.recompile - DEBUG - [parsing started RegularFileObject[src\minecraft_server\net\minecraft\src\TileEntityDispenser.java]]
2026-09-12 19:03 -    commands.recompile - DEBUG - [parsing completed 0ms]
2026-09-12 19:03 -    commands.recompile - DEBUG - [parsing started RegularFileObject[src\minecraft_server\net\minecraft\src\TileEntityFurnace.java]]
2026-09-12 19:03 -    commands.recompile - DEBUG - [parsing completed 1ms]
2026-09-12 19:03 -    commands.recompile - DEBUG - [parsing started RegularFileObject[src\minecraft_server\net\minecraft\src\TileEntityHearth.java]]
2026-09-12 19:03 -    commands.recompile - DEBUG - [parsing completed 0ms]
2026-09-12 19:03 -    commands.recompile - DEBUG - [parsing started RegularFileObject[src\minecraft_server\net\minecraft\src\TileEntityMobSpawner.java]]
2026-09-12 19:03 -    commands.recompile - DEBUG - [parsing completed 0ms]
2026-09-12 19:03 -    commands.recompile - DEBUG - [parsing started RegularFileObject[src\minecraft_server\net\minecraft\src\TileEntityNote.java]]
2026-09-12 19:03 -    commands.recompile - DEBUG - [parsing completed 0ms]
2026-09-12 19:03 -    commands.recompile - DEBUG - [parsing started RegularFileObject[src\minecraft_server\net\minecraft\src\TileEntityPiston.java]]
2026-09-12 19:03 -    commands.recompile - DEBUG - [parsing completed 1ms]
2026-09-12 19:03 -    commands.recompile - DEBUG - [parsing started RegularFileObject[src\minecraft_server\net\minecraft\src\TileEntityRecordPlayer.java]]
2026-09-12 19:03 -    commands.recompile - DEBUG - [parsing completed 0ms]
2026-09-12 19:03 -    commands.recompile - DEBUG - [parsing started RegularFileObject[src\minecraft_server\net\minecraft\src\TileEntitySign.java]]
2026-09-12 19:03 -    commands.recompile - DEBUG - [parsing completed 0ms]
2026-09-12 19:03 -    commands.recompile - DEBUG - [parsing started RegularFileObject[src\minecraft_server\net\minecraft\src\Vec3D.java]]
2026-09-12 19:03 -    commands.recompile - DEBUG - [parsing completed 0ms]
2026-09-12 19:03 -    commands.recompile - DEBUG - [parsing started RegularFileObject[src\minecraft_server\net\minecraft\src\WatchableObject.java]]
2026-09-12 19:03 -    commands.recompile - DEBUG - [parsing completed 1ms]
2026-09-12 19:03 -    commands.recompile - DEBUG - [parsing started RegularFileObject[src\minecraft_server\net\minecraft\src\World.java]]
2026-09-12 19:03 -    commands.recompile - DEBUG - [parsing completed 5ms]
2026-09-12 19:03 -    commands.recompile - DEBUG - [parsing started RegularFileObject[src\minecraft_server\net\minecraft\src\WorldChunkManager.java]]
2026-09-12 19:03 -    commands.recompile - DEBUG - [parsing completed 1ms]
2026-09-12 19:03 -    commands.recompile - DEBUG - [parsing started RegularFileObject[src\minecraft_server\net\minecraft\src\WorldChunkManagerHell.java]]
2026-09-12 19:03 -    commands.recompile - DEBUG - [parsing completed 0ms]
2026-09-12 19:03 -    commands.recompile - DEBUG - [parsing started RegularFileObject[src\minecraft_server\net\minecraft\src\WorldGenBigTree.java]]
2026-09-12 19:03 -    commands.recompile - DEBUG - [parsing completed 2ms]
2026-09-12 19:03 -    commands.recompile - DEBUG - [parsing started RegularFileObject[src\minecraft_server\net\minecraft\src\WorldGenCactus.java]]
2026-09-12 19:03 -    commands.recompile - DEBUG - [parsing completed 0ms]
2026-09-12 19:03 -    commands.recompile - DEBUG - [parsing started RegularFileObject[src\minecraft_server\net\minecraft\src\WorldGenClay.java]]
2026-09-12 19:03 -    commands.recompile - DEBUG - [parsing completed 0ms]
2026-09-12 19:03 -    commands.recompile - DEBUG - [parsing started RegularFileObject[src\minecraft_server\net\minecraft\src\WorldGenDeadBush.java]]
2026-09-12 19:03 -    commands.recompile - DEBUG - [parsing completed 0ms]
2026-09-12 19:03 -    commands.recompile - DEBUG - [parsing started RegularFileObject[src\minecraft_server\net\minecraft\src\WorldGenDungeons.java]]
2026-09-12 19:03 -    commands.recompile - DEBUG - [parsing completed 0ms]
2026-09-12 19:03 -    commands.recompile - DEBUG - [parsing started RegularFileObject[src\minecraft_server\net\minecraft\src\WorldGenerator.java]]
2026-09-12 19:03 -    commands.recompile - DEBUG - [parsing completed 0ms]
2026-09-12 19:03 -    commands.recompile - DEBUG - [parsing started RegularFileObject[src\minecraft_server\net\minecraft\src\WorldGenFire.java]]
2026-09-12 19:03 -    commands.recompile - DEBUG - [parsing completed 0ms]
2026-09-12 19:03 -    commands.recompile - DEBUG - [parsing started RegularFileObject[src\minecraft_server\net\minecraft\src\WorldGenFlowers.java]]
2026-09-12 19:03 -    commands.recompile - DEBUG - [parsing completed 0ms]
2026-09-12 19:03 -    commands.recompile - DEBUG - [parsing started RegularFileObject[src\minecraft_server\net\minecraft\src\WorldGenForest.java]]
2026-09-12 19:03 -    commands.recompile - DEBUG - [parsing completed 1ms]
2026-09-12 19:03 -    commands.recompile - DEBUG - [parsing started RegularFileObject[src\minecraft_server\net\minecraft\src\WorldGenGlowStone1.java]]
2026-09-12 19:03 -    commands.recompile - DEBUG - [parsing completed 0ms]
2026-09-12 19:03 -    commands.recompile - DEBUG - [parsing started RegularFileObject[src\minecraft_server\net\minecraft\src\WorldGenGlowStone2.java]]
2026-09-12 19:03 -    commands.recompile - DEBUG - [parsing completed 1ms]
2026-09-12 19:03 -    commands.recompile - DEBUG - [parsing started RegularFileObject[src\minecraft_server\net\minecraft\src\WorldGenHellLava.java]]
2026-09-12 19:03 -    commands.recompile - DEBUG - [parsing completed 0ms]
2026-09-12 19:03 -    commands.recompile - DEBUG - [parsing started RegularFileObject[src\minecraft_server\net\minecraft\src\WorldGenLakes.java]]
2026-09-12 19:03 -    commands.recompile - DEBUG - [parsing completed 0ms]
2026-09-12 19:03 -    commands.recompile - DEBUG - [parsing started RegularFileObject[src\minecraft_server\net\minecraft\src\WorldGenLiquids.java]]
2026-09-12 19:03 -    commands.recompile - DEBUG - [parsing completed 0ms]
2026-09-12 19:03 -    commands.recompile - DEBUG - [parsing started RegularFileObject[src\minecraft_server\net\minecraft\src\WorldGenMinable.java]]
2026-09-12 19:03 -    commands.recompile - DEBUG - [parsing completed 1ms]
2026-09-12 19:03 -    commands.recompile - DEBUG - [parsing started RegularFileObject[src\minecraft_server\net\minecraft\src\WorldGenPumpkin.java]]
2026-09-12 19:03 -    commands.recompile - DEBUG - [parsing completed 0ms]
2026-09-12 19:03 -    commands.recompile - DEBUG - [parsing started RegularFileObject[src\minecraft_server\net\minecraft\src\WorldGenReed.java]]
2026-09-12 19:03 -    commands.recompile - DEBUG - [parsing completed 0ms]
2026-09-12 19:03 -    commands.recompile - DEBUG - [parsing started RegularFileObject[src\minecraft_server\net\minecraft\src\WorldGenTaiga1.java]]
2026-09-12 19:03 -    commands.recompile - DEBUG - [parsing completed 1ms]
2026-09-12 19:03 -    commands.recompile - DEBUG - [parsing started RegularFileObject[src\minecraft_server\net\minecraft\src\WorldGenTaiga2.java]]
2026-09-12 19:03 -    commands.recompile - DEBUG - [parsing completed 0ms]
2026-09-12 19:03 -    commands.recompile - DEBUG - [parsing started RegularFileObject[src\minecraft_server\net\minecraft\src\WorldGenTallGrass.java]]
2026-09-12 19:03 -    commands.recompile - DEBUG - [parsing completed 0ms]
2026-09-12 19:03 -    commands.recompile - DEBUG - [parsing started RegularFileObject[src\minecraft_server\net\minecraft\src\WorldGenTrees.java]]
2026-09-12 19:03 -    commands.recompile - DEBUG - [parsing completed 0ms]
2026-09-12 19:03 -    commands.recompile - DEBUG - [parsing started RegularFileObject[src\minecraft_server\net\minecraft\src\WorldInfo.java]]
2026-09-12 19:03 -    commands.recompile - DEBUG - [parsing completed 0ms]
2026-09-12 19:03 -    commands.recompile - DEBUG - [parsing started RegularFileObject[src\minecraft_server\net\minecraft\src\WorldManager.java]]
2026-09-12 19:03 -    commands.recompile - DEBUG - [parsing completed 1ms]
2026-09-12 19:03 -    commands.recompile - DEBUG - [parsing started RegularFileObject[src\minecraft_server\net\minecraft\src\WorldProvider.java]]
2026-09-12 19:03 -    commands.recompile - DEBUG - [parsing completed 0ms]
2026-09-12 19:03 -    commands.recompile - DEBUG - [parsing started RegularFileObject[src\minecraft_server\net\minecraft\src\WorldProviderHell.java]]
2026-09-12 19:03 -    commands.recompile - DEBUG - [parsing completed 0ms]
2026-09-12 19:03 -    commands.recompile - DEBUG - [parsing started RegularFileObject[src\minecraft_server\net\minecraft\src\WorldProviderSky.java]]
2026-09-12 19:03 -    commands.recompile - DEBUG - [parsing completed 0ms]
2026-09-12 19:03 -    commands.recompile - DEBUG - [parsing started RegularFileObject[src\minecraft_server\net\minecraft\src\WorldProviderSurface.java]]
2026-09-12 19:03 -    commands.recompile - DEBUG - [parsing completed 0ms]
2026-09-12 19:03 -    commands.recompile - DEBUG - [parsing started RegularFileObject[src\minecraft_server\net\minecraft\src\WorldServer.java]]
2026-09-12 19:03 -    commands.recompile - DEBUG - [parsing completed 1ms]
2026-09-12 19:03 -    commands.recompile - DEBUG - [parsing started RegularFileObject[src\minecraft_server\net\minecraft\src\WorldServerMulti.java]]
2026-09-12 19:03 -    commands.recompile - DEBUG - [parsing completed 0ms]
2026-09-12 19:03 -    commands.recompile - DEBUG - [search path for source files: src\minecraft_server]
2026-09-12 19:03 -    commands.recompile - DEBUG - [search path for class files: C:\Program Files\Eclipse Adoptium\jdk-8.0.504.1-hotspot\jre\lib\resources.jar,C:\Program Files\Eclipse Adoptium\jdk-8.0.504.1-hotspot\jre\lib\rt.jar,C:\Program Files\Eclipse Adoptium\jdk-8.0.504.1-hotspot\jre\lib\sunrsasign.jar,C:\Program Files\Eclipse Adoptium\jdk-8.0.504.1-hotspot\jre\lib\jsse.jar,C:\Program Files\Eclipse Adoptium\jdk-8.0.504.1-hotspot\jre\lib\jce.jar,C:\Program Files\Eclipse Adoptium\jdk-8.0.504.1-hotspot\jre\lib\charsets.jar,C:\Program Files\Eclipse Adoptium\jdk-8.0.504.1-hotspot\jre\lib\jfr.jar,C:\Program Files\Eclipse Adoptium\jdk-8.0.504.1-hotspot\jre\classes,C:\Program Files\Eclipse Adoptium\jdk-8.0.504.1-hotspot\jre\lib\ext\access-bridge-64.jar,C:\Program Files\Eclipse Adoptium\jdk-8.0.504.1-hotspot\jre\lib\ext\cldrdata.jar,C:\Program Files\Eclipse Adoptium\jdk-8.0.504.1-hotspot\jre\lib\ext\dnsns.jar,C:\Program Files\Eclipse Adoptium\jdk-8.0.504.1-hotspot\jre\lib\ext\jaccess.jar,C:\Program Files\Eclipse Adoptium\jdk-8.0.504.1-hotspot\jre\lib\ext\localedata.jar,C:\Program Files\Eclipse Adoptium\jdk-8.0.504.1-hotspot\jre\lib\ext\nashorn.jar,C:\Program Files\Eclipse Adoptium\jdk-8.0.504.1-hotspot\jre\lib\ext\sunec.jar,C:\Program Files\Eclipse Adoptium\jdk-8.0.504.1-hotspot\jre\lib\ext\sunjce_provider.jar,C:\Program Files\Eclipse Adoptium\jdk-8.0.504.1-hotspot\jre\lib\ext\sunmscapi.jar,C:\Program Files\Eclipse Adoptium\jdk-8.0.504.1-hotspot\jre\lib\ext\sunpkcs11.jar,C:\Program Files\Eclipse Adoptium\jdk-8.0.504.1-hotspot\jre\lib\ext\zipfs.jar,lib,lib\*,jars\minecraft_server.jar]
2026-09-12 19:03 -    commands.recompile - DEBUG - [loading ZipFileIndexFileObject[C:\Program Files\Eclipse Adoptium\jdk-8.0.504.1-hotspot\lib\ct.sym(META-INF/sym/rt.jar/java/io/File.class)]]
2026-09-12 19:03 -    commands.recompile - DEBUG - [loading ZipFileIndexFileObject[C:\Program Files\Eclipse Adoptium\jdk-8.0.504.1-hotspot\lib\ct.sym(META-INF/sym/rt.jar/java/io/IOException.class)]]
2026-09-12 19:03 -    commands.recompile - DEBUG - [loading ZipFileIndexFileObject[C:\Program Files\Eclipse Adoptium\jdk-8.0.504.1-hotspot\lib\ct.sym(META-INF/sym/rt.jar/java/net/InetAddress.class)]]
2026-09-12 19:03 -    commands.recompile - DEBUG - [loading ZipFileIndexFileObject[C:\Program Files\Eclipse Adoptium\jdk-8.0.504.1-hotspot\lib\ct.sym(META-INF/sym/rt.jar/java/net/UnknownHostException.class)]]
2026-09-12 19:03 -    commands.recompile - DEBUG - [loading ZipFileIndexFileObject[C:\Program Files\Eclipse Adoptium\jdk-8.0.504.1-hotspot\lib\ct.sym(META-INF/sym/rt.jar/java/util/ArrayList.class)]]
2026-09-12 19:03 -    commands.recompile - DEBUG - [loading ZipFileIndexFileObject[C:\Program Files\Eclipse Adoptium\jdk-8.0.504.1-hotspot\lib\ct.sym(META-INF/sym/rt.jar/java/util/Collections.class)]]
2026-09-12 19:03 -    commands.recompile - DEBUG - [loading ZipFileIndexFileObject[C:\Program Files\Eclipse Adoptium\jdk-8.0.504.1-hotspot\lib\ct.sym(META-INF/sym/rt.jar/java/util/HashMap.class)]]
2026-09-12 19:03 -    commands.recompile - DEBUG - [loading ZipFileIndexFileObject[C:\Program Files\Eclipse Adoptium\jdk-8.0.504.1-hotspot\lib\ct.sym(META-INF/sym/rt.jar/java/util/Iterator.class)]]
2026-09-12 19:03 -    commands.recompile - DEBUG - [loading ZipFileIndexFileObject[C:\Program Files\Eclipse Adoptium\jdk-8.0.504.1-hotspot\lib\ct.sym(META-INF/sym/rt.jar/java/util/List.class)]]
2026-09-12 19:03 -    commands.recompile - DEBUG - [loading ZipFileIndexFileObject[C:\Program Files\Eclipse Adoptium\jdk-8.0.504.1-hotspot\lib\ct.sym(META-INF/sym/rt.jar/java/util/Random.class)]]
2026-09-12 19:03 -    commands.recompile - DEBUG - [loading ZipFileIndexFileObject[C:\Program Files\Eclipse Adoptium\jdk-8.0.504.1-hotspot\lib\ct.sym(META-INF/sym/rt.jar/java/util/Set.class)]]
2026-09-12 19:03 -    commands.recompile - DEBUG - [loading ZipFileIndexFileObject[C:\Program Files\Eclipse Adoptium\jdk-8.0.504.1-hotspot\lib\ct.sym(META-INF/sym/rt.jar/java/util/logging/Level.class)]]
2026-09-12 19:03 -    commands.recompile - DEBUG - [loading ZipFileIndexFileObject[C:\Program Files\Eclipse Adoptium\jdk-8.0.504.1-hotspot\lib\ct.sym(META-INF/sym/rt.jar/java/util/logging/Logger.class)]]
2026-09-12 19:03 -    commands.recompile - DEBUG - [loading ZipFileIndexFileObject[C:\Program Files\Eclipse Adoptium\jdk-8.0.504.1-hotspot\lib\ct.sym(META-INF/sym/rt.jar/java/lang/Runnable.class)]]
2026-09-12 19:03 -    commands.recompile - DEBUG - [loading ZipFileIndexFileObject[C:\Program Files\Eclipse Adoptium\jdk-8.0.504.1-hotspot\lib\ct.sym(META-INF/sym/rt.jar/java/lang/Object.class)]]
2026-09-12 19:03 -    commands.recompile - DEBUG - [loading ZipFileIndexFileObject[C:\Program Files\Eclipse Adoptium\jdk-8.0.504.1-hotspot\lib\ct.sym(META-INF/sym/rt.jar/java/lang/String.class)]]
2026-09-12 19:03 -    commands.recompile - DEBUG - [loading ZipFileIndexFileObject[C:\Program Files\Eclipse Adoptium\jdk-8.0.504.1-hotspot\lib\ct.sym(META-INF/sym/rt.jar/java/io/PrintStream.class)]]
2026-09-12 19:03 -    commands.recompile - DEBUG - [loading ZipFileIndexFileObject[C:\Program Files\Eclipse Adoptium\jdk-8.0.504.1-hotspot\lib\ct.sym(META-INF/sym/rt.jar/java/net/ServerSocket.class)]]
2026-09-12 19:03 -    commands.recompile - DEBUG - [loading ZipFileIndexFileObject[C:\Program Files\Eclipse Adoptium\jdk-8.0.504.1-hotspot\lib\ct.sym(META-INF/sym/rt.jar/java/util/Properties.class)]]
2026-09-12 19:03 -    commands.recompile - DEBUG - [loading ZipFileIndexFileObject[C:\Program Files\Eclipse Adoptium\jdk-8.0.504.1-hotspot\lib\ct.sym(META-INF/sym/rt.jar/java/lang/Enum.class)]]
2026-09-12 19:03 -    commands.recompile - DEBUG - [loading ZipFileIndexFileObject[C:\Program Files\Eclipse Adoptium\jdk-8.0.504.1-hotspot\lib\ct.sym(META-INF/sym/rt.jar/java/lang/Comparable.class)]]
2026-09-12 19:03 -    commands.recompile - DEBUG - [loading ZipFileIndexFileObject[C:\Program Files\Eclipse Adoptium\jdk-8.0.504.1-hotspot\lib\ct.sym(META-INF/sym/rt.jar/java/io/Serializable.class)]]
2026-09-12 19:03 -    commands.recompile - DEBUG - [loading ZipFileIndexFileObject[C:\Program Files\Eclipse Adoptium\jdk-8.0.504.1-hotspot\lib\ct.sym(META-INF/sym/rt.jar/java/util/Collection.class)]]
2026-09-12 19:03 -    commands.recompile - DEBUG - [loading ZipFileIndexFileObject[C:\Program Files\Eclipse Adoptium\jdk-8.0.504.1-hotspot\lib\ct.sym(META-INF/sym/rt.jar/java/util/Map.class)]]
2026-09-12 19:03 -    commands.recompile - DEBUG - [loading ZipFileIndexFileObject[C:\Program Files\Eclipse Adoptium\jdk-8.0.504.1-hotspot\lib\ct.sym(META-INF/sym/rt.jar/java/lang/Class.class)]]
2026-09-12 19:03 -    commands.recompile - DEBUG - [loading ZipFileIndexFileObject[C:\Program Files\Eclipse Adoptium\jdk-8.0.504.1-hotspot\lib\ct.sym(META-INF/sym/rt.jar/java/util/TreeSet.class)]]
2026-09-12 19:03 -    commands.recompile - DEBUG - [loading ZipFileIndexFileObject[C:\Program Files\Eclipse Adoptium\jdk-8.0.504.1-hotspot\lib\ct.sym(META-INF/sym/rt.jar/java/lang/reflect/Constructor.class)]]
2026-09-12 19:03 -    commands.recompile - DEBUG - [loading ZipFileIndexFileObject[C:\Program Files\Eclipse Adoptium\jdk-8.0.504.1-hotspot\lib\ct.sym(META-INF/sym/rt.jar/java/net/Socket.class)]]
2026-09-12 19:03 -    commands.recompile - DEBUG - [loading ZipFileIndexFileObject[C:\Program Files\Eclipse Adoptium\jdk-8.0.504.1-hotspot\lib\ct.sym(META-INF/sym/rt.jar/java/lang/Thread.class)]]
2026-09-12 19:03 -    commands.recompile - DEBUG - [loading ZipFileIndexFileObject[C:\Program Files\Eclipse Adoptium\jdk-8.0.504.1-hotspot\lib\ct.sym(META-INF/sym/rt.jar/java/text/DecimalFormat.class)]]
2026-09-12 19:03 -    commands.recompile - DEBUG - [loading ZipFileIndexFileObject[C:\Program Files\Eclipse Adoptium\jdk-8.0.504.1-hotspot\lib\ct.sym(META-INF/sym/rt.jar/java/text/NumberFormat.class)]]
2026-09-12 19:03 -    commands.recompile - DEBUG - [loading ZipFileIndexFileObject[C:\Program Files\Eclipse Adoptium\jdk-8.0.504.1-hotspot\lib\ct.sym(META-INF/sym/rt.jar/java/io/DataInputStream.class)]]
2026-09-12 19:03 -    commands.recompile - DEBUG - [loading ZipFileIndexFileObject[C:\Program Files\Eclipse Adoptium\jdk-8.0.504.1-hotspot\lib\ct.sym(META-INF/sym/rt.jar/java/io/DataOutputStream.class)]]
2026-09-12 19:03 -    commands.recompile - DEBUG - [loading ZipFileIndexFileObject[C:\Program Files\Eclipse Adoptium\jdk-8.0.504.1-hotspot\lib\ct.sym(META-INF/sym/rt.jar/java/io/DataOutput.class)]]
2026-09-12 19:03 -    commands.recompile - DEBUG - [loading ZipFileIndexFileObject[C:\Program Files\Eclipse Adoptium\jdk-8.0.504.1-hotspot\lib\ct.sym(META-INF/sym/rt.jar/java/io/DataInput.class)]]
2026-09-12 19:03 -    commands.recompile - DEBUG - [loading ZipFileIndexFileObject[C:\Program Files\Eclipse Adoptium\jdk-8.0.504.1-hotspot\lib\ct.sym(META-INF/sym/rt.jar/java/lang/Exception.class)]]
2026-09-12 19:03 -    commands.recompile - DEBUG - [loading ZipFileIndexFileObject[C:\Program Files\Eclipse Adoptium\jdk-8.0.504.1-hotspot\lib\ct.sym(META-INF/sym/rt.jar/java/net/SocketAddress.class)]]
2026-09-12 19:03 -    commands.recompile - DEBUG - [loading ZipFileIndexFileObject[C:\Program Files\Eclipse Adoptium\jdk-8.0.504.1-hotspot\lib\ct.sym(META-INF/sym/rt.jar/java/io/BufferedReader.class)]]
2026-09-12 19:03 -    commands.recompile - DEBUG - [loading ZipFileIndexFileObject[C:\Program Files\Eclipse Adoptium\jdk-8.0.504.1-hotspot\lib\ct.sym(META-INF/sym/rt.jar/java/io/InputStreamReader.class)]]
2026-09-12 19:03 -    commands.recompile - DEBUG - [loading ZipFileIndexFileObject[C:\Program Files\Eclipse Adoptium\jdk-8.0.504.1-hotspot\lib\ct.sym(META-INF/sym/rt.jar/java/util/regex/Matcher.class)]]
2026-09-12 19:03 -    commands.recompile - DEBUG - [loading ZipFileIndexFileObject[C:\Program Files\Eclipse Adoptium\jdk-8.0.504.1-hotspot\lib\ct.sym(META-INF/sym/rt.jar/java/util/regex/Pattern.class)]]
2026-09-12 19:03 -    commands.recompile - DEBUG - [loading ZipFileIndexFileObject[C:\Program Files\Eclipse Adoptium\jdk-8.0.504.1-hotspot\lib\ct.sym(META-INF/sym/rt.jar/java/io/FilenameFilter.class)]]
2026-09-12 19:03 -    commands.recompile - DEBUG - [loading ZipFileIndexFileObject[C:\Program Files\Eclipse Adoptium\jdk-8.0.504.1-hotspot\lib\ct.sym(META-INF/sym/rt.jar/java/io/FileFilter.class)]]
2026-09-12 19:03 -    commands.recompile - DEBUG - [loading ZipFileIndexFileObject[C:\Program Files\Eclipse Adoptium\jdk-8.0.504.1-hotspot\lib\ct.sym(META-INF/sym/rt.jar/java/util/zip/GZIPInputStream.class)]]
2026-09-12 19:03 -    commands.recompile - DEBUG - [loading ZipFileIndexFileObject[C:\Program Files\Eclipse Adoptium\jdk-8.0.504.1-hotspot\lib\ct.sym(META-INF/sym/rt.jar/java/util/zip/GZIPOutputStream.class)]]
2026-09-12 19:03 -    commands.recompile - DEBUG - [loading ZipFileIndexFileObject[C:\Program Files\Eclipse Adoptium\jdk-8.0.504.1-hotspot\lib\ct.sym(META-INF/sym/rt.jar/java/io/InputStream.class)]]
2026-09-12 19:03 -    commands.recompile - DEBUG - [loading ZipFileIndexFileObject[C:\Program Files\Eclipse Adoptium\jdk-8.0.504.1-hotspot\lib\ct.sym(META-INF/sym/rt.jar/java/io/OutputStream.class)]]
2026-09-12 19:03 -    commands.recompile - DEBUG - [loading ZipFileIndexFileObject[C:\Program Files\Eclipse Adoptium\jdk-8.0.504.1-hotspot\lib\ct.sym(META-INF/sym/rt.jar/java/io/PrintWriter.class)]]
2026-09-12 19:03 -    commands.recompile - DEBUG - [loading ZipFileIndexFileObject[C:\Program Files\Eclipse Adoptium\jdk-8.0.504.1-hotspot\lib\ct.sym(META-INF/sym/rt.jar/java/io/StringWriter.class)]]
2026-09-12 19:03 -    commands.recompile - DEBUG - [loading ZipFileIndexFileObject[C:\Program Files\Eclipse Adoptium\jdk-8.0.504.1-hotspot\lib\ct.sym(META-INF/sym/rt.jar/java/text/SimpleDateFormat.class)]]
2026-09-12 19:03 -    commands.recompile - DEBUG - [loading ZipFileIndexFileObject[C:\Program Files\Eclipse Adoptium\jdk-8.0.504.1-hotspot\lib\ct.sym(META-INF/sym/rt.jar/java/util/logging/Formatter.class)]]
2026-09-12 19:03 -    commands.recompile - DEBUG - [loading ZipFileIndexFileObject[C:\Program Files\Eclipse Adoptium\jdk-8.0.504.1-hotspot\lib\ct.sym(META-INF/sym/rt.jar/java/util/logging/LogRecord.class)]]
2026-09-12 19:03 -    commands.recompile - DEBUG - [loading ZipFileIndexFileObject[C:\Program Files\Eclipse Adoptium\jdk-8.0.504.1-hotspot\lib\ct.sym(META-INF/sym/rt.jar/javax/swing/JTextArea.class)]]
2026-09-12 19:03 -    commands.recompile - DEBUG - [loading ZipFileIndexFileObject[C:\Program Files\Eclipse Adoptium\jdk-8.0.504.1-hotspot\lib\ct.sym(META-INF/sym/rt.jar/javax/swing/text/Document.class)]]
2026-09-12 19:03 -    commands.recompile - DEBUG - [loading ZipFileIndexFileObject[C:\Program Files\Eclipse Adoptium\jdk-8.0.504.1-hotspot\lib\ct.sym(META-INF/sym/rt.jar/java/util/logging/Handler.class)]]
2026-09-12 19:03 -    commands.recompile - DEBUG - [loading ZipFileIndexFileObject[C:\Program Files\Eclipse Adoptium\jdk-8.0.504.1-hotspot\lib\ct.sym(META-INF/sym/rt.jar/javax/swing/JComponent.class)]]
2026-09-12 19:03 -    commands.recompile - DEBUG - [loading ZipFileIndexFileObject[C:\Program Files\Eclipse Adoptium\jdk-8.0.504.1-hotspot\lib\ct.sym(META-INF/sym/rt.jar/javax/swing/Timer.class)]]
2026-09-12 19:03 -    commands.recompile - DEBUG - [loading ZipFileIndexFileObject[C:\Program Files\Eclipse Adoptium\jdk-8.0.504.1-hotspot\lib\ct.sym(META-INF/sym/rt.jar/javax/swing/TransferHandler.class)]]
2026-09-12 19:03 -    commands.recompile - DEBUG - [loading ZipFileIndexFileObject[C:\Program Files\Eclipse Adoptium\jdk-8.0.504.1-hotspot\lib\ct.sym(META-INF/sym/rt.jar/javax/swing/TransferHandler$HasGetTransferHandler.class)]]
2026-09-12 19:03 -    commands.recompile - DEBUG - [loading ZipFileIndexFileObject[C:\Program Files\Eclipse Adoptium\jdk-8.0.504.1-hotspot\lib\ct.sym(META-INF/sym/rt.jar/java/awt/Container.class)]]
2026-09-12 19:03 -    commands.recompile - DEBUG - [loading ZipFileIndexFileObject[C:\Program Files\Eclipse Adoptium\jdk-8.0.504.1-hotspot\lib\ct.sym(META-INF/sym/rt.jar/java/awt/Component.class)]]
2026-09-12 19:03 -    commands.recompile - DEBUG - [loading ZipFileIndexFileObject[C:\Program Files\Eclipse Adoptium\jdk-8.0.504.1-hotspot\lib\ct.sym(META-INF/sym/rt.jar/java/awt/image/ImageObserver.class)]]
2026-09-12 19:03 -    commands.recompile - DEBUG - [loading ZipFileIndexFileObject[C:\Program Files\Eclipse Adoptium\jdk-8.0.504.1-hotspot\lib\ct.sym(META-INF/sym/rt.jar/java/awt/MenuContainer.class)]]
2026-09-12 19:03 -    commands.recompile - DEBUG - [loading ZipFileIndexFileObject[C:\Program Files\Eclipse Adoptium\jdk-8.0.504.1-hotspot\lib\ct.sym(META-INF/sym/rt.jar/java/awt/Graphics.class)]]
2026-09-12 19:03 -    commands.recompile - DEBUG - [loading ZipFileIndexFileObject[C:\Program Files\Eclipse Adoptium\jdk-8.0.504.1-hotspot\lib\ct.sym(META-INF/sym/rt.jar/java/awt/event/ActionEvent.class)]]
2026-09-12 19:03 -    commands.recompile - DEBUG - [loading ZipFileIndexFileObject[C:\Program Files\Eclipse Adoptium\jdk-8.0.504.1-hotspot\lib\ct.sym(META-INF/sym/rt.jar/java/awt/event/ActionListener.class)]]
2026-09-12 19:03 -    commands.recompile - DEBUG - [loading ZipFileIndexFileObject[C:\Program Files\Eclipse Adoptium\jdk-8.0.504.1-hotspot\lib\ct.sym(META-INF/sym/rt.jar/java/util/EventListener.class)]]
2026-09-12 19:03 -    commands.recompile - DEBUG - [loading ZipFileIndexFileObject[C:\Program Files\Eclipse Adoptium\jdk-8.0.504.1-hotspot\lib\ct.sym(META-INF/sym/rt.jar/java/lang/RuntimeException.class)]]
2026-09-12 19:03 -    commands.recompile - DEBUG - [loading ZipFileIndexFileObject[C:\Program Files\Eclipse Adoptium\jdk-8.0.504.1-hotspot\lib\ct.sym(META-INF/sym/rt.jar/java/lang/Throwable.class)]]
2026-09-12 19:03 -    commands.recompile - DEBUG - [loading ZipFileIndexFileObject[C:\Program Files\Eclipse Adoptium\jdk-8.0.504.1-hotspot\lib\ct.sym(META-INF/sym/rt.jar/java/util/Vector.class)]]
2026-09-12 19:03 -    commands.recompile - DEBUG - [loading ZipFileIndexFileObject[C:\Program Files\Eclipse Adoptium\jdk-8.0.504.1-hotspot\lib\ct.sym(META-INF/sym/rt.jar/javax/swing/JList.class)]]
2026-09-12 19:03 -    commands.recompile - DEBUG - [loading ZipFileIndexFileObject[C:\Program Files\Eclipse Adoptium\jdk-8.0.504.1-hotspot\lib\ct.sym(META-INF/sym/rt.jar/javax/swing/Scrollable.class)]]
2026-09-12 19:03 -    commands.recompile - DEBUG - [loading ZipFileIndexFileObject[C:\Program Files\Eclipse Adoptium\jdk-8.0.504.1-hotspot\lib\ct.sym(META-INF/sym/rt.jar/javax/accessibility/Accessible.class)]]
2026-09-12 19:03 -    commands.recompile - DEBUG - [loading ZipFileIndexFileObject[C:\Program Files\Eclipse Adoptium\jdk-8.0.504.1-hotspot\lib\ct.sym(META-INF/sym/rt.jar/java/util/Comparator.class)]]
2026-09-12 19:03 -    commands.recompile - DEBUG - [loading ZipFileIndexFileObject[C:\Program Files\Eclipse Adoptium\jdk-8.0.504.1-hotspot\lib\ct.sym(META-INF/sym/rt.jar/java/io/RandomAccessFile.class)]]
2026-09-12 19:03 -    commands.recompile - DEBUG - [loading ZipFileIndexFileObject[C:\Program Files\Eclipse Adoptium\jdk-8.0.504.1-hotspot\lib\ct.sym(META-INF/sym/rt.jar/java/lang/ref/Reference.class)]]
2026-09-12 19:03 -    commands.recompile - DEBUG - [loading ZipFileIndexFileObject[C:\Program Files\Eclipse Adoptium\jdk-8.0.504.1-hotspot\lib\ct.sym(META-INF/sym/rt.jar/java/lang/ref/SoftReference.class)]]
2026-09-12 19:03 -    commands.recompile - DEBUG - [loading ZipFileIndexFileObject[C:\Program Files\Eclipse Adoptium\jdk-8.0.504.1-hotspot\lib\ct.sym(META-INF/sym/rt.jar/java/io/ByteArrayOutputStream.class)]]
2026-09-12 19:03 -    commands.recompile - DEBUG - [loading ZipFileIndexFileObject[C:\Program Files\Eclipse Adoptium\jdk-8.0.504.1-hotspot\lib\ct.sym(META-INF/sym/rt.jar/java/io/Closeable.class)]]
2026-09-12 19:03 -    commands.recompile - DEBUG - [loading ZipFileIndexFileObject[C:\Program Files\Eclipse Adoptium\jdk-8.0.504.1-hotspot\lib\ct.sym(META-INF/sym/rt.jar/java/lang/AutoCloseable.class)]]
2026-09-12 19:03 -    commands.recompile - DEBUG - [loading ZipFileIndexFileObject[C:\Program Files\Eclipse Adoptium\jdk-8.0.504.1-hotspot\lib\ct.sym(META-INF/sym/rt.jar/java/io/Flushable.class)]]
2026-09-12 19:03 -    commands.recompile - DEBUG - [loading ZipFileIndexFileObject[C:\Program Files\Eclipse Adoptium\jdk-8.0.504.1-hotspot\lib\ct.sym(META-INF/sym/rt.jar/java/io/FileInputStream.class)]]
2026-09-12 19:03 -    commands.recompile - DEBUG - [loading ZipFileIndexFileObject[C:\Program Files\Eclipse Adoptium\jdk-8.0.504.1-hotspot\lib\ct.sym(META-INF/sym/rt.jar/java/awt/BorderLayout.class)]]
2026-09-12 19:03 -    commands.recompile - DEBUG - [loading ZipFileIndexFileObject[C:\Program Files\Eclipse Adoptium\jdk-8.0.504.1-hotspot\lib\ct.sym(META-INF/sym/rt.jar/java/awt/Dimension.class)]]
2026-09-12 19:03 -    commands.recompile - DEBUG - [loading ZipFileIndexFileObject[C:\Program Files\Eclipse Adoptium\jdk-8.0.504.1-hotspot\lib\ct.sym(META-INF/sym/rt.jar/javax/swing/border/EtchedBorder.class)]]
2026-09-12 19:03 -    commands.recompile - DEBUG - [loading ZipFileIndexFileObject[C:\Program Files\Eclipse Adoptium\jdk-8.0.504.1-hotspot\lib\ct.sym(META-INF/sym/rt.jar/javax/swing/border/TitledBorder.class)]]
2026-09-12 19:03 -    commands.recompile - DEBUG - [loading ZipFileIndexFileObject[C:\Program Files\Eclipse Adoptium\jdk-8.0.504.1-hotspot\lib\ct.sym(META-INF/sym/rt.jar/javax/swing/JTextField.class)]]
2026-09-12 19:03 -    commands.recompile - DEBUG - [loading ZipFileIndexFileObject[C:\Program Files\Eclipse Adoptium\jdk-8.0.504.1-hotspot\lib\ct.sym(META-INF/sym/rt.jar/java/awt/event/FocusAdapter.class)]]
2026-09-12 19:03 -    commands.recompile - DEBUG - [loading ZipFileIndexFileObject[C:\Program Files\Eclipse Adoptium\jdk-8.0.504.1-hotspot\lib\ct.sym(META-INF/sym/rt.jar/java/awt/event/FocusEvent.class)]]
2026-09-12 19:03 -    commands.recompile - DEBUG - [loading ZipFileIndexFileObject[C:\Program Files\Eclipse Adoptium\jdk-8.0.504.1-hotspot\lib\ct.sym(META-INF/sym/rt.jar/java/awt/event/FocusListener.class)]]
2026-09-12 19:03 -    commands.recompile - DEBUG - [loading ZipFileIndexFileObject[C:\Program Files\Eclipse Adoptium\jdk-8.0.504.1-hotspot\lib\ct.sym(META-INF/sym/rt.jar/java/awt/event/WindowAdapter.class)]]
2026-09-12 19:03 -    commands.recompile - DEBUG - [loading ZipFileIndexFileObject[C:\Program Files\Eclipse Adoptium\jdk-8.0.504.1-hotspot\lib\ct.sym(META-INF/sym/rt.jar/java/awt/event/WindowEvent.class)]]
2026-09-12 19:03 -    commands.recompile - DEBUG - [loading ZipFileIndexFileObject[C:\Program Files\Eclipse Adoptium\jdk-8.0.504.1-hotspot\lib\ct.sym(META-INF/sym/rt.jar/java/awt/event/WindowListener.class)]]
2026-09-12 19:03 -    commands.recompile - DEBUG - [loading ZipFileIndexFileObject[C:\Program Files\Eclipse Adoptium\jdk-8.0.504.1-hotspot\lib\ct.sym(META-INF/sym/rt.jar/java/awt/event/WindowStateListener.class)]]
2026-09-12 19:03 -    commands.recompile - DEBUG - [loading ZipFileIndexFileObject[C:\Program Files\Eclipse Adoptium\jdk-8.0.504.1-hotspot\lib\ct.sym(META-INF/sym/rt.jar/java/awt/event/WindowFocusListener.class)]]
2026-09-12 19:03 -    commands.recompile - DEBUG - [loading ZipFileIndexFileObject[C:\Program Files\Eclipse Adoptium\jdk-8.0.504.1-hotspot\lib\ct.sym(META-INF/sym/rt.jar/java/net/URL.class)]]
2026-09-12 19:03 -    commands.recompile - DEBUG - [loading ZipFileIndexFileObject[C:\Program Files\Eclipse Adoptium\jdk-8.0.504.1-hotspot\lib\ct.sym(META-INF/sym/rt.jar/java/net/URLEncoder.class)]]
2026-09-12 19:03 -    commands.recompile - DEBUG - [loading ZipFileIndexFileObject[C:\Program Files\Eclipse Adoptium\jdk-8.0.504.1-hotspot\lib\ct.sym(META-INF/sym/rt.jar/java/util/Arrays.class)]]
2026-09-12 19:03 -    commands.recompile - DEBUG - [loading ZipFileIndexFileObject[C:\Program Files\Eclipse Adoptium\jdk-8.0.504.1-hotspot\lib\ct.sym(META-INF/sym/rt.jar/sun/misc/Contended.class)]]
2026-09-12 19:03 -    commands.recompile - DEBUG - [loading ZipFileIndexFileObject[C:\Program Files\Eclipse Adoptium\jdk-8.0.504.1-hotspot\lib\ct.sym(META-INF/sym/rt.jar/java/lang/Override.class)]]
2026-09-12 19:03 -    commands.recompile - DEBUG - [loading ZipFileIndexFileObject[C:\Program Files\Eclipse Adoptium\jdk-8.0.504.1-hotspot\lib\ct.sym(META-INF/sym/rt.jar/java/lang/annotation/Annotation.class)]]
2026-09-12 19:03 -    commands.recompile - DEBUG - [loading ZipFileIndexFileObject[C:\Program Files\Eclipse Adoptium\jdk-8.0.504.1-hotspot\lib\ct.sym(META-INF/sym/rt.jar/java/beans/ConstructorProperties.class)]]
2026-09-12 19:03 -    commands.recompile - DEBUG - [loading ZipFileIndexFileObject[C:\Program Files\Eclipse Adoptium\jdk-8.0.504.1-hotspot\lib\ct.sym(META-INF/sym/rt.jar/java/lang/annotation/Retention.class)]]
2026-09-12 19:03 -    commands.recompile - DEBUG - [loading ZipFileIndexFileObject[C:\Program Files\Eclipse Adoptium\jdk-8.0.504.1-hotspot\lib\ct.sym(META-INF/sym/rt.jar/java/lang/annotation/RetentionPolicy.class)]]
2026-09-12 19:03 -    commands.recompile - DEBUG - [loading ZipFileIndexFileObject[C:\Program Files\Eclipse Adoptium\jdk-8.0.504.1-hotspot\lib\ct.sym(META-INF/sym/rt.jar/java/lang/annotation/Target.class)]]
2026-09-12 19:03 -    commands.recompile - DEBUG - [loading ZipFileIndexFileObject[C:\Program Files\Eclipse Adoptium\jdk-8.0.504.1-hotspot\lib\ct.sym(META-INF/sym/rt.jar/java/lang/annotation/ElementType.class)]]
2026-09-12 19:03 -    commands.recompile - DEBUG - [checking net.minecraft.server.MinecraftServer]
2026-09-12 19:03 -    commands.recompile - DEBUG - [loading ZipFileIndexFileObject[C:\Program Files\Eclipse Adoptium\jdk-8.0.504.1-hotspot\lib\ct.sym(META-INF/sym/rt.jar/java/util/AbstractList.class)]]
2026-09-12 19:03 -    commands.recompile - DEBUG - [loading ZipFileIndexFileObject[C:\Program Files\Eclipse Adoptium\jdk-8.0.504.1-hotspot\lib\ct.sym(META-INF/sym/rt.jar/java/util/AbstractCollection.class)]]
2026-09-12 19:03 -    commands.recompile - DEBUG - [loading ZipFileIndexFileObject[C:\Program Files\Eclipse Adoptium\jdk-8.0.504.1-hotspot\lib\ct.sym(META-INF/sym/rt.jar/java/lang/Iterable.class)]]
2026-09-12 19:03 -    commands.recompile - DEBUG - [loading ZipFileIndexFileObject[C:\Program Files\Eclipse Adoptium\jdk-8.0.504.1-hotspot\lib\ct.sym(META-INF/sym/rt.jar/java/lang/Byte.class)]]
2026-09-12 19:03 -    commands.recompile - DEBUG - [loading ZipFileIndexFileObject[C:\Program Files\Eclipse Adoptium\jdk-8.0.504.1-hotspot\lib\ct.sym(META-INF/sym/rt.jar/java/lang/Character.class)]]
2026-09-12 19:03 -    commands.recompile - DEBUG - [loading ZipFileIndexFileObject[C:\Program Files\Eclipse Adoptium\jdk-8.0.504.1-hotspot\lib\ct.sym(META-INF/sym/rt.jar/java/lang/Short.class)]]
2026-09-12 19:03 -    commands.recompile - DEBUG - [loading ZipFileIndexFileObject[C:\Program Files\Eclipse Adoptium\jdk-8.0.504.1-hotspot\lib\ct.sym(META-INF/sym/rt.jar/java/lang/Long.class)]]
2026-09-12 19:03 -    commands.recompile - DEBUG - [loading ZipFileIndexFileObject[C:\Program Files\Eclipse Adoptium\jdk-8.0.504.1-hotspot\lib\ct.sym(META-INF/sym/rt.jar/java/lang/Float.class)]]
2026-09-12 19:03 -    commands.recompile - DEBUG - [loading ZipFileIndexFileObject[C:\Program Files\Eclipse Adoptium\jdk-8.0.504.1-hotspot\lib\ct.sym(META-INF/sym/rt.jar/java/lang/Integer.class)]]
2026-09-12 19:03 -    commands.recompile - DEBUG - [loading ZipFileIndexFileObject[C:\Program Files\Eclipse Adoptium\jdk-8.0.504.1-hotspot\lib\ct.sym(META-INF/sym/rt.jar/java/lang/Double.class)]]
2026-09-12 19:03 -    commands.recompile - DEBUG - [loading ZipFileIndexFileObject[C:\Program Files\Eclipse Adoptium\jdk-8.0.504.1-hotspot\lib\ct.sym(META-INF/sym/rt.jar/java/lang/Boolean.class)]]
2026-09-12 19:03 -    commands.recompile - DEBUG - [loading ZipFileIndexFileObject[C:\Program Files\Eclipse Adoptium\jdk-8.0.504.1-hotspot\lib\ct.sym(META-INF/sym/rt.jar/java/lang/Void.class)]]
2026-09-12 19:03 -    commands.recompile - DEBUG - [loading ZipFileIndexFileObject[C:\Program Files\Eclipse Adoptium\jdk-8.0.504.1-hotspot\lib\ct.sym(META-INF/sym/rt.jar/java/util/function/Supplier.class)]]
2026-09-12 19:03 -    commands.recompile - DEBUG - [loading ZipFileIndexFileObject[C:\Program Files\Eclipse Adoptium\jdk-8.0.504.1-hotspot\lib\ct.sym(META-INF/sym/rt.jar/java/lang/CharSequence.class)]]
2026-09-12 19:03 -    commands.recompile - DEBUG - [loading ZipFileIndexFileObject[C:\Program Files\Eclipse Adoptium\jdk-8.0.504.1-hotspot\lib\ct.sym(META-INF/sym/rt.jar/java/lang/Runtime.class)]]
2026-09-12 19:03 -    commands.recompile - DEBUG - [loading ZipFileIndexFileObject[C:\Program Files\Eclipse Adoptium\jdk-8.0.504.1-hotspot\lib\ct.sym(META-INF/sym/rt.jar/java/net/URI.class)]]
2026-09-12 19:03 -    commands.recompile - DEBUG - [loading ZipFileIndexFileObject[C:\Program Files\Eclipse Adoptium\jdk-8.0.504.1-hotspot\lib\ct.sym(META-INF/sym/rt.jar/java/lang/StringBuilder.class)]]
2026-09-12 19:03 -    commands.recompile - DEBUG - [loading ZipFileIndexFileObject[C:\Program Files\Eclipse Adoptium\jdk-8.0.504.1-hotspot\lib\ct.sym(META-INF/sym/rt.jar/java/lang/AbstractStringBuilder.class)]]
2026-09-12 19:03 -    commands.recompile - DEBUG - [loading ZipFileIndexFileObject[C:\Program Files\Eclipse Adoptium\jdk-8.0.504.1-hotspot\lib\ct.sym(META-INF/sym/rt.jar/java/lang/Appendable.class)]]
2026-09-12 19:03 -    commands.recompile - DEBUG - [loading ZipFileIndexFileObject[C:\Program Files\Eclipse Adoptium\jdk-8.0.504.1-hotspot\lib\ct.sym(META-INF/sym/rt.jar/java/lang/StringBuffer.class)]]
2026-09-12 19:03 -    commands.recompile - DEBUG - [loading ZipFileIndexFileObject[C:\Program Files\Eclipse Adoptium\jdk-8.0.504.1-hotspot\lib\ct.sym(META-INF/sym/rt.jar/java/lang/System.class)]]
2026-09-12 19:03 -    commands.recompile - DEBUG - [loading ZipFileIndexFileObject[C:\Program Files\Eclipse Adoptium\jdk-8.0.504.1-hotspot\lib\ct.sym(META-INF/sym/rt.jar/java/lang/Number.class)]]
2026-09-12 19:03 -    commands.recompile - DEBUG - [loading ZipFileIndexFileObject[C:\Program Files\Eclipse Adoptium\jdk-8.0.504.1-hotspot\lib\ct.sym(META-INF/sym/rt.jar/java/lang/NumberFormatException.class)]]
2026-09-12 19:03 -    commands.recompile - DEBUG - [loading ZipFileIndexFileObject[C:\Program Files\Eclipse Adoptium\jdk-8.0.504.1-hotspot\lib\ct.sym(META-INF/sym/rt.jar/java/lang/IllegalArgumentException.class)]]
2026-09-12 19:03 -    commands.recompile - DEBUG - [loading ZipFileIndexFileObject[C:\Program Files\Eclipse Adoptium\jdk-8.0.504.1-hotspot\lib\ct.sym(META-INF/sym/rt.jar/java/lang/InterruptedException.class)]]
2026-09-12 19:03 -    commands.recompile - DEBUG - [loading ZipFileIndexFileObject[C:\Program Files\Eclipse Adoptium\jdk-8.0.504.1-hotspot\lib\ct.sym(META-INF/sym/rt.jar/java/lang/Cloneable.class)]]
2026-09-12 19:03 -    commands.recompile - DEBUG - [loading ZipFileIndexFileObject[C:\Program Files\Eclipse Adoptium\jdk-8.0.504.1-hotspot\lib\ct.sym(META-INF/sym/rt.jar/java/util/AbstractMap.class)]]
2026-09-12 19:03 -    commands.recompile - DEBUG - [loading ZipFileIndexFileObject[C:\Program Files\Eclipse Adoptium\jdk-8.0.504.1-hotspot\lib\ct.sym(META-INF/sym/rt.jar/java/util/RandomAccess.class)]]
2026-09-12 19:03 -    commands.recompile - DEBUG - [loading ZipFileIndexFileObject[C:\Program Files\Eclipse Adoptium\jdk-8.0.504.1-hotspot\lib\ct.sym(META-INF/sym/rt.jar/java/awt/GraphicsEnvironment.class)]]
2026-09-12 19:03 -    commands.recompile - DEBUG - [loading ZipFileIndexFileObject[C:\Program Files\Eclipse Adoptium\jdk-8.0.504.1-hotspot\lib\ct.sym(META-INF/sym/rt.jar/java/lang/Error.class)]]
2026-09-12 19:03 -    commands.recompile - DEBUG - [wrote RegularFileObject[bin\minecraft_server\net\minecraft\server\MinecraftServer.class]]
2026-09-12 19:03 -    commands.recompile - DEBUG - [checking net.minecraft.src.ICommandListener]
2026-09-12 19:03 -    commands.recompile - DEBUG - [wrote RegularFileObject[bin\minecraft_server\net\minecraft\src\ICommandListener.class]]
2026-09-12 19:03 -    commands.recompile - DEBUG - [checking net.minecraft.src.ISaveFormat]
2026-09-12 19:03 -    commands.recompile - DEBUG - [wrote RegularFileObject[bin\minecraft_server\net\minecraft\src\ISaveFormat.class]]
2026-09-12 19:03 -    commands.recompile - DEBUG - [checking net.minecraft.src.IUpdatePlayerListBox]
2026-09-12 19:03 -    commands.recompile - DEBUG - [wrote RegularFileObject[bin\minecraft_server\net\minecraft\src\IUpdatePlayerListBox.class]]
2026-09-12 19:03 -    commands.recompile - DEBUG - [checking net.minecraft.src.WorldServer]
2026-09-12 19:03 -    commands.recompile - DEBUG - [loading ZipFileIndexFileObject[C:\Program Files\Eclipse Adoptium\jdk-8.0.504.1-hotspot\lib\ct.sym(META-INF/sym/rt.jar/java/util/HashSet.class)]]
2026-09-12 19:03 -    commands.recompile - DEBUG - [loading ZipFileIndexFileObject[C:\Program Files\Eclipse Adoptium\jdk-8.0.504.1-hotspot\lib\ct.sym(META-INF/sym/rt.jar/java/util/AbstractSet.class)]]
2026-09-12 19:03 -    commands.recompile - DEBUG - [loading ZipFileIndexFileObject[C:\Program Files\Eclipse Adoptium\jdk-8.0.504.1-hotspot\lib\ct.sym(META-INF/sym/rt.jar/java/util/NavigableSet.class)]]
2026-09-12 19:03 -    commands.recompile - DEBUG - [loading ZipFileIndexFileObject[C:\Program Files\Eclipse Adoptium\jdk-8.0.504.1-hotspot\lib\ct.sym(META-INF/sym/rt.jar/java/util/SortedSet.class)]]
2026-09-12 19:03 -    commands.recompile - DEBUG - [loading ZipFileIndexFileObject[C:\Program Files\Eclipse Adoptium\jdk-8.0.504.1-hotspot\lib\ct.sym(META-INF/sym/rt.jar/java/io/FilterOutputStream.class)]]
2026-09-12 19:03 -    commands.recompile - DEBUG - [loading ZipFileIndexFileObject[C:\Program Files\Eclipse Adoptium\jdk-8.0.504.1-hotspot\lib\ct.sym(META-INF/sym/rt.jar/java/lang/IllegalStateException.class)]]
2026-09-12 19:03 -    commands.recompile - DEBUG - [loading ZipFileIndexFileObject[C:\Program Files\Eclipse Adoptium\jdk-8.0.504.1-hotspot\lib\ct.sym(META-INF/sym/rt.jar/java/lang/reflect/GenericDeclaration.class)]]
2026-09-12 19:03 -    commands.recompile - DEBUG - [loading ZipFileIndexFileObject[C:\Program Files\Eclipse Adoptium\jdk-8.0.504.1-hotspot\lib\ct.sym(META-INF/sym/rt.jar/java/lang/reflect/AnnotatedElement.class)]]
2026-09-12 19:03 -    commands.recompile - DEBUG - [loading ZipFileIndexFileObject[C:\Program Files\Eclipse Adoptium\jdk-8.0.504.1-hotspot\lib\ct.sym(META-INF/sym/rt.jar/java/lang/reflect/Type.class)]]
2026-09-12 19:03 -    commands.recompile - DEBUG - [checking net.minecraft.src.World]
2026-09-12 19:03 -    commands.recompile - DEBUG - [wrote RegularFileObject[bin\minecraft_server\net\minecraft\src\WorldServer.class]]
2026-09-12 19:03 -    commands.recompile - DEBUG - [wrote RegularFileObject[bin\minecraft_server\net\minecraft\src\World.class]]
2026-09-12 19:03 -    commands.recompile - DEBUG - [checking net.minecraft.src.IBlockAccess]
2026-09-12 19:03 -    commands.recompile - DEBUG - [wrote RegularFileObject[bin\minecraft_server\net\minecraft\src\IBlockAccess.class]]
2026-09-12 19:03 -    commands.recompile - DEBUG - [checking net.minecraft.src.EntityTracker]
2026-09-12 19:03 -    commands.recompile - DEBUG - [wrote RegularFileObject[bin\minecraft_server\net\minecraft\src\EntityTracker.class]]
2026-09-12 19:03 -    commands.recompile - DEBUG - [checking net.minecraft.src.NetworkListenThread]
2026-09-12 19:03 -    commands.recompile - DEBUG - [wrote RegularFileObject[bin\minecraft_server\net\minecraft\src\NetworkListenThread.class]]
2026-09-12 19:03 -    commands.recompile - DEBUG - [checking net.minecraft.src.PropertyManager]
2026-09-12 19:03 -    commands.recompile - DEBUG - [loading ZipFileIndexFileObject[C:\Program Files\Eclipse Adoptium\jdk-8.0.504.1-hotspot\lib\ct.sym(META-INF/sym/rt.jar/java/io/FileDescriptor.class)]]
2026-09-12 19:03 -    commands.recompile - DEBUG - [loading ZipFileIndexFileObject[C:\Program Files\Eclipse Adoptium\jdk-8.0.504.1-hotspot\lib\ct.sym(META-INF/sym/rt.jar/java/util/Hashtable.class)]]
2026-09-12 19:03 -    commands.recompile - DEBUG - [loading ZipFileIndexFileObject[C:\Program Files\Eclipse Adoptium\jdk-8.0.504.1-hotspot\lib\ct.sym(META-INF/sym/rt.jar/java/util/Dictionary.class)]]
2026-09-12 19:03 -    commands.recompile - DEBUG - [loading ZipFileIndexFileObject[C:\Program Files\Eclipse Adoptium\jdk-8.0.504.1-hotspot\lib\ct.sym(META-INF/sym/rt.jar/java/io/Reader.class)]]
2026-09-12 19:03 -    commands.recompile - DEBUG - [loading ZipFileIndexFileObject[C:\Program Files\Eclipse Adoptium\jdk-8.0.504.1-hotspot\lib\ct.sym(META-INF/sym/rt.jar/java/io/FileOutputStream.class)]]
2026-09-12 19:03 -    commands.recompile - DEBUG - [loading ZipFileIndexFileObject[C:\Program Files\Eclipse Adoptium\jdk-8.0.504.1-hotspot\lib\ct.sym(META-INF/sym/rt.jar/java/io/Writer.class)]]
2026-09-12 19:03 -    commands.recompile - DEBUG - [loading ZipFileIndexFileObject[C:\Program Files\Eclipse Adoptium\jdk-8.0.504.1-hotspot\lib\ct.sym(META-INF/sym/rt.jar/java/io/FileNotFoundException.class)]]
2026-09-12 19:03 -    commands.recompile - DEBUG - [wrote RegularFileObject[bin\minecraft_server\net\minecraft\src\PropertyManager.class]]
2026-09-12 19:03 -    commands.recompile - DEBUG - [checking net.minecraft.src.ServerConfigurationManager]
2026-09-12 19:03 -    commands.recompile - DEBUG - [loading ZipFileIndexFileObject[C:\Program Files\Eclipse Adoptium\jdk-8.0.504.1-hotspot\lib\ct.sym(META-INF/sym/rt.jar/java/io/FileReader.class)]]
2026-09-12 19:03 -    commands.recompile - DEBUG - [loading ZipFileIndexFileObject[C:\Program Files\Eclipse Adoptium\jdk-8.0.504.1-hotspot\lib\ct.sym(META-INF/sym/rt.jar/java/lang/Readable.class)]]
2026-09-12 19:03 -    commands.recompile - DEBUG - [loading ZipFileIndexFileObject[C:\Program Files\Eclipse Adoptium\jdk-8.0.504.1-hotspot\lib\ct.sym(META-INF/sym/rt.jar/java/io/FileWriter.class)]]
2026-09-12 19:03 -    commands.recompile - DEBUG - [loading ZipFileIndexFileObject[C:\Program Files\Eclipse Adoptium\jdk-8.0.504.1-hotspot\lib\ct.sym(META-INF/sym/rt.jar/java/io/OutputStreamWriter.class)]]
2026-09-12 19:03 -    commands.recompile - DEBUG - [wrote RegularFileObject[bin\minecraft_server\net\minecraft\src\ServerConfigurationManager.class]]
2026-09-12 19:03 -    commands.recompile - DEBUG - [checking net.minecraft.src.ConsoleCommandHandler]
2026-09-12 19:03 -    commands.recompile - DEBUG - [wrote RegularFileObject[bin\minecraft_server\net\minecraft\src\ConsoleCommandHandler.class]]
2026-09-12 19:03 -    commands.recompile - DEBUG - [checking net.minecraft.src.IProgressUpdate]
2026-09-12 19:03 -    commands.recompile - DEBUG - [wrote RegularFileObject[bin\minecraft_server\net\minecraft\src\IProgressUpdate.class]]
2026-09-12 19:03 -    commands.recompile - DEBUG - [checking net.minecraft.src.ISaveHandler]
2026-09-12 19:03 -    commands.recompile - DEBUG - [wrote RegularFileObject[bin\minecraft_server\net\minecraft\src\ISaveHandler.class]]
2026-09-12 19:03 -    commands.recompile - DEBUG - [checking net.minecraft.src.Entity]
2026-09-12 19:03 -    commands.recompile - DEBUG - [loading ZipFileIndexFileObject[C:\Program Files\Eclipse Adoptium\jdk-8.0.504.1-hotspot\lib\ct.sym(META-INF/sym/rt.jar/java/lang/Math.class)]]
2026-09-12 19:03 -    commands.recompile - DEBUG - [wrote RegularFileObject[bin\minecraft_server\net\minecraft\src\Entity.class]]
2026-09-12 19:03 -    commands.recompile - DEBUG - [checking net.minecraft.src.IChunkProvider]
2026-09-12 19:03 -    commands.recompile - DEBUG - [wrote RegularFileObject[bin\minecraft_server\net\minecraft\src\IChunkProvider.class]]
2026-09-12 19:03 -    commands.recompile - DEBUG - [checking net.minecraft.src.EntityPlayer]
2026-09-12 19:03 -    commands.recompile - DEBUG - [checking net.minecraft.src.EntityLiving]
2026-09-12 19:03 -    commands.recompile - DEBUG - [wrote RegularFileObject[bin\minecraft_server\net\minecraft\src\EntityPlayer.class]]
2026-09-12 19:03 -    commands.recompile - DEBUG - [wrote RegularFileObject[bin\minecraft_server\net\minecraft\src\EntityLiving.class]]
2026-09-12 19:03 -    commands.recompile - DEBUG - [checking net.minecraft.src.Explosion]
2026-09-12 19:03 -    commands.recompile - DEBUG - [wrote RegularFileObject[bin\minecraft_server\net\minecraft\src\Explosion.class]]
2026-09-12 19:03 -    commands.recompile - DEBUG - [checking net.minecraft.src.ChunkProviderServer]
2026-09-12 19:03 -    commands.recompile - DEBUG - [wrote RegularFileObject[bin\minecraft_server\net\minecraft\src\ChunkProviderServer.class]]
2026-09-12 19:03 -    commands.recompile - DEBUG - [checking net.minecraft.src.MCHash]
2026-09-12 19:03 -    commands.recompile - DEBUG - [wrote RegularFileObject[bin\minecraft_server\net\minecraft\src\MCHash.class]]
2026-09-12 19:03 -    commands.recompile - DEBUG - [checking net.minecraft.src.WorldChunkManager]
2026-09-12 19:03 -    commands.recompile - DEBUG - [wrote RegularFileObject[bin\minecraft_server\net\minecraft\src\WorldChunkManager.class]]
2026-09-12 19:03 -    commands.recompile - DEBUG - [checking net.minecraft.src.WorldProvider]
2026-09-12 19:03 -    commands.recompile - DEBUG - [wrote RegularFileObject[bin\minecraft_server\net\minecraft\src\WorldProvider.class]]
2026-09-12 19:03 -    commands.recompile - DEBUG - [checking net.minecraft.src.Chunk]
2026-09-12 19:03 -    commands.recompile - DEBUG - [wrote RegularFileObject[bin\minecraft_server\net\minecraft\src\Chunk.class]]
2026-09-12 19:03 -    commands.recompile - DEBUG - [checking net.minecraft.src.Material]
2026-09-12 19:03 -    commands.recompile - DEBUG - [wrote RegularFileObject[bin\minecraft_server\net\minecraft\src\Material.class]]
2026-09-12 19:03 -    commands.recompile - DEBUG - [checking net.minecraft.src.EnumSkyBlock]
2026-09-12 19:03 -    commands.recompile - DEBUG - [loading ZipFileIndexFileObject[C:\Program Files\Eclipse Adoptium\jdk-8.0.504.1-hotspot\lib\ct.sym(META-INF/sym/rt.jar/java/lang/CloneNotSupportedException.class)]]
2026-09-12 19:03 -    commands.recompile - DEBUG - [wrote RegularFileObject[bin\minecraft_server\net\minecraft\src\EnumSkyBlock.class]]
2026-09-12 19:03 -    commands.recompile - DEBUG - [checking net.minecraft.src.Vec3D]
2026-09-12 19:03 -    commands.recompile - DEBUG - [wrote RegularFileObject[bin\minecraft_server\net\minecraft\src\Vec3D.class]]
2026-09-12 19:03 -    commands.recompile - DEBUG - [checking net.minecraft.src.MovingObjectPosition]
2026-09-12 19:03 -    commands.recompile - DEBUG - [wrote RegularFileObject[bin\minecraft_server\net\minecraft\src\MovingObjectPosition.class]]
2026-09-12 19:03 -    commands.recompile - DEBUG - [checking net.minecraft.src.IWorldAccess]
2026-09-12 19:03 -    commands.recompile - DEBUG - [wrote RegularFileObject[bin\minecraft_server\net\minecraft\src\IWorldAccess.class]]
2026-09-12 19:03 -    commands.recompile - DEBUG - [checking net.minecraft.src.AxisAlignedBB]
2026-09-12 19:03 -    commands.recompile - DEBUG - [wrote RegularFileObject[bin\minecraft_server\net\minecraft\src\AxisAlignedBB.class]]
2026-09-12 19:03 -    commands.recompile - DEBUG - [checking net.minecraft.src.TileEntity]
2026-09-12 19:03 -    commands.recompile - DEBUG - [loading ZipFileIndexFileObject[C:\Program Files\Eclipse Adoptium\jdk-8.0.504.1-hotspot\lib\ct.sym(META-INF/sym/rt.jar/java/lang/ClassNotFoundException.class)]]
2026-09-12 19:03 -    commands.recompile - DEBUG - [loading ZipFileIndexFileObject[C:\Program Files\Eclipse Adoptium\jdk-8.0.504.1-hotspot\lib\ct.sym(META-INF/sym/rt.jar/java/lang/ReflectiveOperationException.class)]]
2026-09-12 19:03 -    commands.recompile - DEBUG - [loading ZipFileIndexFileObject[C:\Program Files\Eclipse Adoptium\jdk-8.0.504.1-hotspot\lib\ct.sym(META-INF/sym/rt.jar/java/lang/NoClassDefFoundError.class)]]
2026-09-12 19:03 -    commands.recompile - DEBUG - [loading ZipFileIndexFileObject[C:\Program Files\Eclipse Adoptium\jdk-8.0.504.1-hotspot\lib\ct.sym(META-INF/sym/rt.jar/java/lang/LinkageError.class)]]
2026-09-12 19:03 -    commands.recompile - DEBUG - [loading ZipFileIndexFileObject[C:\Program Files\Eclipse Adoptium\jdk-8.0.504.1-hotspot\lib\ct.sym(META-INF/sym/rt.jar/java/lang/InstantiationException.class)]]
2026-09-12 19:03 -    commands.recompile - DEBUG - [loading ZipFileIndexFileObject[C:\Program Files\Eclipse Adoptium\jdk-8.0.504.1-hotspot\lib\ct.sym(META-INF/sym/rt.jar/java/lang/IllegalAccessException.class)]]
2026-09-12 19:03 -    commands.recompile - DEBUG - [wrote RegularFileObject[bin\minecraft_server\net\minecraft\src\TileEntity.class]]
2026-09-12 19:03 -    commands.recompile - DEBUG - [checking net.minecraft.src.PathEntity]
2026-09-12 19:03 -    commands.recompile - DEBUG - [wrote RegularFileObject[bin\minecraft_server\net\minecraft\src\PathEntity.class]]
2026-09-12 19:03 -    commands.recompile - DEBUG - [checking net.minecraft.src.ChunkCoordinates]
2026-09-12 19:03 -    commands.recompile - DEBUG - [wrote RegularFileObject[bin\minecraft_server\net\minecraft\src\ChunkCoordinates.class]]
2026-09-12 19:03 -    commands.recompile - DEBUG - [checking net.minecraft.src.WorldInfo]
2026-09-12 19:03 -    commands.recompile - DEBUG - [wrote RegularFileObject[bin\minecraft_server\net\minecraft\src\WorldInfo.class]]
2026-09-12 19:03 -    commands.recompile - DEBUG - [checking net.minecraft.src.MapDataBase]
2026-09-12 19:03 -    commands.recompile - DEBUG - [wrote RegularFileObject[bin\minecraft_server\net\minecraft\src\MapDataBase.class]]
2026-09-12 19:03 -    commands.recompile - DEBUG - [checking net.minecraft.src.MapStorage]
2026-09-12 19:03 -    commands.recompile - DEBUG - [loading ZipFileIndexFileObject[C:\Program Files\Eclipse Adoptium\jdk-8.0.504.1-hotspot\lib\ct.sym(META-INF/sym/rt.jar/java/lang/reflect/Executable.class)]]
2026-09-12 19:03 -    commands.recompile - DEBUG - [loading ZipFileIndexFileObject[C:\Program Files\Eclipse Adoptium\jdk-8.0.504.1-hotspot\lib\ct.sym(META-INF/sym/rt.jar/java/lang/reflect/Member.class)]]
2026-09-12 19:03 -    commands.recompile - DEBUG - [loading ZipFileIndexFileObject[C:\Program Files\Eclipse Adoptium\jdk-8.0.504.1-hotspot\lib\ct.sym(META-INF/sym/rt.jar/java/lang/reflect/AccessibleObject.class)]]
2026-09-12 19:03 -    commands.recompile - DEBUG - [loading ZipFileIndexFileObject[C:\Program Files\Eclipse Adoptium\jdk-8.0.504.1-hotspot\lib\ct.sym(META-INF/sym/rt.jar/java/io/FilterInputStream.class)]]
2026-09-12 19:03 -    commands.recompile - DEBUG - [loading ZipFileIndexFileObject[C:\Program Files\Eclipse Adoptium\jdk-8.0.504.1-hotspot\lib\ct.sym(META-INF/sym/rt.jar/java/lang/NoSuchMethodException.class)]]
2026-09-12 19:03 -    commands.recompile - DEBUG - [loading ZipFileIndexFileObject[C:\Program Files\Eclipse Adoptium\jdk-8.0.504.1-hotspot\lib\ct.sym(META-INF/sym/rt.jar/java/lang/SecurityException.class)]]
2026-09-12 19:03 -    commands.recompile - DEBUG - [loading ZipFileIndexFileObject[C:\Program Files\Eclipse Adoptium\jdk-8.0.504.1-hotspot\lib\ct.sym(META-INF/sym/rt.jar/java/lang/reflect/InvocationTargetException.class)]]
2026-09-12 19:03 -    commands.recompile - DEBUG - [wrote RegularFileObject[bin\minecraft_server\net\minecraft\src\MapStorage.class]]
2026-09-12 19:03 -    commands.recompile - DEBUG - [checking net.minecraft.src.Packet]
2026-09-12 19:03 -    commands.recompile - DEBUG - [loading ZipFileIndexFileObject[C:\Program Files\Eclipse Adoptium\jdk-8.0.504.1-hotspot\lib\ct.sym(META-INF/sym/rt.jar/java/io/EOFException.class)]]
2026-09-12 19:03 -    commands.recompile - DEBUG - [wrote RegularFileObject[bin\minecraft_server\net\minecraft\src\Packet.class]]
2026-09-12 19:03 -    commands.recompile - DEBUG - [checking net.minecraft.src.EntityPlayerMP]
2026-09-12 19:03 -    commands.recompile - DEBUG - [loading ZipFileIndexFileObject[C:\Program Files\Eclipse Adoptium\jdk-8.0.504.1-hotspot\lib\ct.sym(META-INF/sym/rt.jar/java/util/LinkedList.class)]]
2026-09-12 19:03 -    commands.recompile - DEBUG - [loading ZipFileIndexFileObject[C:\Program Files\Eclipse Adoptium\jdk-8.0.504.1-hotspot\lib\ct.sym(META-INF/sym/rt.jar/java/util/AbstractSequentialList.class)]]
2026-09-12 19:03 -    commands.recompile - DEBUG - [wrote RegularFileObject[bin\minecraft_server\net\minecraft\src\EntityPlayerMP.class]]
2026-09-12 19:03 -    commands.recompile - DEBUG - [checking net.minecraft.src.ICrafting]
2026-09-12 19:03 -    commands.recompile - DEBUG - [wrote RegularFileObject[bin\minecraft_server\net\minecraft\src\ICrafting.class]]
2026-09-12 19:03 -    commands.recompile - DEBUG - [checking net.minecraft.src.NetServerHandler]
2026-09-12 19:03 -    commands.recompile - DEBUG - [checking net.minecraft.src.NetHandler]
2026-09-12 19:03 -    commands.recompile - DEBUG - [wrote RegularFileObject[bin\minecraft_server\net\minecraft\src\NetServerHandler.class]]
2026-09-12 19:03 -    commands.recompile - DEBUG - [wrote RegularFileObject[bin\minecraft_server\net\minecraft\src\NetHandler.class]]
2026-09-12 19:03 -    commands.recompile - DEBUG - [checking net.minecraft.src.NetLoginHandler]
2026-09-12 19:03 -    commands.recompile - DEBUG - [wrote RegularFileObject[bin\minecraft_server\net\minecraft\src\NetLoginHandler.class]]
2026-09-12 19:03 -    commands.recompile - DEBUG - [checking net.minecraft.src.PlayerManager]
2026-09-12 19:03 -    commands.recompile - DEBUG - [wrote RegularFileObject[bin\minecraft_server\net\minecraft\src\PlayerManager.class]]
2026-09-12 19:03 -    commands.recompile - DEBUG - [checking net.minecraft.src.IPlayerFileData]
2026-09-12 19:03 -    commands.recompile - DEBUG - [wrote RegularFileObject[bin\minecraft_server\net\minecraft\src\IPlayerFileData.class]]
2026-09-12 19:03 -    commands.recompile - DEBUG - [checking net.minecraft.src.ServerCommand]
2026-09-12 19:03 -    commands.recompile - DEBUG - [wrote RegularFileObject[bin\minecraft_server\net\minecraft\src\ServerCommand.class]]
2026-09-12 19:03 -    commands.recompile - DEBUG - [checking net.minecraft.src.IChunkLoader]
2026-09-12 19:03 -    commands.recompile - DEBUG - [wrote RegularFileObject[bin\minecraft_server\net\minecraft\src\IChunkLoader.class]]
2026-09-12 19:03 -    commands.recompile - DEBUG - [checking net.minecraft.src.DataWatcher]
2026-09-12 19:03 -    commands.recompile - DEBUG - [wrote RegularFileObject[bin\minecraft_server\net\minecraft\src\DataWatcher.class]]
2026-09-12 19:03 -    commands.recompile - DEBUG - [checking net.minecraft.src.NBTTagCompound]
2026-09-12 19:03 -    commands.recompile - DEBUG - [checking net.minecraft.src.NBTBase]
2026-09-12 19:03 -    commands.recompile - DEBUG - [wrote RegularFileObject[bin\minecraft_server\net\minecraft\src\NBTTagCompound.class]]
2026-09-12 19:03 -    commands.recompile - DEBUG - [wrote RegularFileObject[bin\minecraft_server\net\minecraft\src\NBTBase.class]]
2026-09-12 19:03 -    commands.recompile - DEBUG - [checking net.minecraft.src.NBTTagList]
2026-09-12 19:03 -    commands.recompile - DEBUG - [wrote RegularFileObject[bin\minecraft_server\net\minecraft\src\NBTTagList.class]]
2026-09-12 19:03 -    commands.recompile - DEBUG - [checking net.minecraft.src.EntityItem]
2026-09-12 19:03 -    commands.recompile - DEBUG - [wrote RegularFileObject[bin\minecraft_server\net\minecraft\src\EntityItem.class]]
2026-09-12 19:03 -    commands.recompile - DEBUG - [checking net.minecraft.src.ItemStack]
2026-09-12 19:03 -    commands.recompile - DEBUG - [wrote RegularFileObject[bin\minecraft_server\net\minecraft\src\ItemStack.class]]
2026-09-12 19:03 -    commands.recompile - DEBUG - [checking net.minecraft.src.EntityLightningBolt]
2026-09-12 19:03 -    commands.recompile - DEBUG - [checking net.minecraft.src.EntityWeatherEffect]
2026-09-12 19:03 -    commands.recompile - DEBUG - [wrote RegularFileObject[bin\minecraft_server\net\minecraft\src\EntityLightningBolt.class]]
2026-09-12 19:03 -    commands.recompile - DEBUG - [wrote RegularFileObject[bin\minecraft_server\net\minecraft\src\EntityWeatherEffect.class]]
2026-09-12 19:03 -    commands.recompile - DEBUG - [checking net.minecraft.src.Block]
2026-09-12 19:03 -    commands.recompile - DEBUG - [wrote RegularFileObject[bin\minecraft_server\net\minecraft\src\Block.class]]
2026-09-12 19:03 -    commands.recompile - DEBUG - [checking net.minecraft.src.IInventory]
2026-09-12 19:03 -    commands.recompile - DEBUG - [wrote RegularFileObject[bin\minecraft_server\net\minecraft\src\IInventory.class]]
2026-09-12 19:03 -    commands.recompile - DEBUG - [checking net.minecraft.src.TileEntityFurnace]
2026-09-12 19:03 -    commands.recompile - DEBUG - [wrote RegularFileObject[bin\minecraft_server\net\minecraft\src\TileEntityFurnace.class]]
2026-09-12 19:03 -    commands.recompile - DEBUG - [checking net.minecraft.src.TileEntityHearth]
2026-09-12 19:03 -    commands.recompile - DEBUG - [wrote RegularFileObject[bin\minecraft_server\net\minecraft\src\TileEntityHearth.class]]
2026-09-12 19:03 -    commands.recompile - DEBUG - [checking net.minecraft.src.TileEntityDispenser]
2026-09-12 19:03 -    commands.recompile - DEBUG - [wrote RegularFileObject[bin\minecraft_server\net\minecraft\src\TileEntityDispenser.class]]
2026-09-12 19:03 -    commands.recompile - DEBUG - [checking net.minecraft.src.TileEntitySign]
2026-09-12 19:03 -    commands.recompile - DEBUG - [wrote RegularFileObject[bin\minecraft_server\net\minecraft\src\TileEntitySign.class]]
2026-09-12 19:03 -    commands.recompile - DEBUG - [checking net.minecraft.src.EnumStatus]
2026-09-12 19:03 -    commands.recompile - DEBUG - [wrote RegularFileObject[bin\minecraft_server\net\minecraft\src\EnumStatus.class]]
2026-09-12 19:03 -    commands.recompile - DEBUG - [checking net.minecraft.src.StatBase]
2026-09-12 19:03 -    commands.recompile - DEBUG - [loading ZipFileIndexFileObject[C:\Program Files\Eclipse Adoptium\jdk-8.0.504.1-hotspot\lib\ct.sym(META-INF/sym/rt.jar/java/util/Locale.class)]]
2026-09-12 19:03 -    commands.recompile - DEBUG - [loading ZipFileIndexFileObject[C:\Program Files\Eclipse Adoptium\jdk-8.0.504.1-hotspot\lib\ct.sym(META-INF/sym/rt.jar/java/text/Format.class)]]
2026-09-12 19:03 -    commands.recompile - DEBUG - [wrote RegularFileObject[bin\minecraft_server\net\minecraft\src\StatBase.class]]
2026-09-12 19:03 -    commands.recompile - DEBUG - [checking net.minecraft.src.InventoryPlayer]
2026-09-12 19:03 -    commands.recompile - DEBUG - [wrote RegularFileObject[bin\minecraft_server\net\minecraft\src\InventoryPlayer.class]]
2026-09-12 19:03 -    commands.recompile - DEBUG - [checking net.minecraft.src.Container]
2026-09-12 19:03 -    commands.recompile - DEBUG - [wrote RegularFileObject[bin\minecraft_server\net\minecraft\src\Container.class]]
2026-09-12 19:03 -    commands.recompile - DEBUG - [checking net.minecraft.src.EntityFish]
2026-09-12 19:03 -    commands.recompile - DEBUG - [wrote RegularFileObject[bin\minecraft_server\net\minecraft\src\EntityFish.class]]
2026-09-12 19:03 -    commands.recompile - DEBUG - [checking net.minecraft.src.MCHashEntry]
2026-09-12 19:03 -    commands.recompile - DEBUG - [wrote RegularFileObject[bin\minecraft_server\net\minecraft\src\MCHashEntry.class]]
2026-09-12 19:03 -    commands.recompile - DEBUG - [checking net.minecraft.src.ChunkCoordIntPair]
2026-09-12 19:03 -    commands.recompile - DEBUG - [wrote RegularFileObject[bin\minecraft_server\net\minecraft\src\ChunkCoordIntPair.class]]
2026-09-12 19:03 -    commands.recompile - DEBUG - [checking net.minecraft.src.BiomeGenBase]
2026-09-12 19:03 -    commands.recompile - DEBUG - [wrote RegularFileObject[bin\minecraft_server\net\minecraft\src\BiomeGenBase.class]]
2026-09-12 19:03 -    commands.recompile - DEBUG - [checking net.minecraft.src.NoiseGeneratorOctaves2]
2026-09-12 19:03 -    commands.recompile - DEBUG - [checking net.minecraft.src.NoiseGenerator]
2026-09-12 19:03 -    commands.recompile - DEBUG - [wrote RegularFileObject[bin\minecraft_server\net\minecraft\src\NoiseGeneratorOctaves2.class]]
2026-09-12 19:03 -    commands.recompile - DEBUG - [wrote RegularFileObject[bin\minecraft_server\net\minecraft\src\NoiseGenerator.class]]
2026-09-12 19:03 -    commands.recompile - DEBUG - [checking net.minecraft.src.NibbleArray]
2026-09-12 19:03 -    commands.recompile - DEBUG - [wrote RegularFileObject[bin\minecraft_server\net\minecraft\src\NibbleArray.class]]
2026-09-12 19:03 -    commands.recompile - DEBUG - [checking net.minecraft.src.MapColor]
2026-09-12 19:03 -    commands.recompile - DEBUG - [wrote RegularFileObject[bin\minecraft_server\net\minecraft\src\MapColor.class]]
2026-09-12 19:03 -    commands.recompile - DEBUG - [checking net.minecraft.src.EnumMovingObjectType]
2026-09-12 19:03 -    commands.recompile - DEBUG - [wrote RegularFileObject[bin\minecraft_server\net\minecraft\src\EnumMovingObjectType.class]]
2026-09-12 19:03 -    commands.recompile - DEBUG - [checking net.minecraft.src.PathPoint]
2026-09-12 19:03 -    commands.recompile - DEBUG - [wrote RegularFileObject[bin\minecraft_server\net\minecraft\src\PathPoint.class]]
2026-09-12 19:03 -    commands.recompile - DEBUG - [checking net.minecraft.src.ItemInWorldManager]
2026-09-12 19:03 -    commands.recompile - DEBUG - [wrote RegularFileObject[bin\minecraft_server\net\minecraft\src\ItemInWorldManager.class]]
2026-09-12 19:03 -    commands.recompile - DEBUG - [checking net.minecraft.src.NetworkManager]
2026-09-12 19:03 -    commands.recompile - DEBUG - [loading ZipFileIndexFileObject[C:\Program Files\Eclipse Adoptium\jdk-8.0.504.1-hotspot\lib\ct.sym(META-INF/sym/rt.jar/java/net/SocketException.class)]]
2026-09-12 19:03 -    commands.recompile - DEBUG - [loading ZipFileIndexFileObject[C:\Program Files\Eclipse Adoptium\jdk-8.0.504.1-hotspot\lib\ct.sym(META-INF/sym/rt.jar/java/io/BufferedOutputStream.class)]]
2026-09-12 19:03 -    commands.recompile - DEBUG - [wrote RegularFileObject[bin\minecraft_server\net\minecraft\src\NetworkManager.class]]
2026-09-12 19:03 -    commands.recompile - DEBUG - [checking net.minecraft.src.Packet27Position]
2026-09-12 19:03 -    commands.recompile - DEBUG - [wrote RegularFileObject[bin\minecraft_server\net\minecraft\src\Packet27Position.class]]
2026-09-12 19:03 -    commands.recompile - DEBUG - [checking net.minecraft.src.Packet10Flying]
2026-09-12 19:03 -    commands.recompile - DEBUG - [wrote RegularFileObject[bin\minecraft_server\net\minecraft\src\Packet10Flying.class]]
2026-09-12 19:03 -    commands.recompile - DEBUG - [checking net.minecraft.src.Packet14BlockDig]
2026-09-12 19:03 -    commands.recompile - DEBUG - [wrote RegularFileObject[bin\minecraft_server\net\minecraft\src\Packet14BlockDig.class]]
2026-09-12 19:03 -    commands.recompile - DEBUG - [checking net.minecraft.src.Packet15Place]
2026-09-12 19:03 -    commands.recompile - DEBUG - [wrote RegularFileObject[bin\minecraft_server\net\minecraft\src\Packet15Place.class]]
2026-09-12 19:03 -    commands.recompile - DEBUG - [checking net.minecraft.src.Packet16BlockItemSwitch]
2026-09-12 19:03 -    commands.recompile - DEBUG - [wrote RegularFileObject[bin\minecraft_server\net\minecraft\src\Packet16BlockItemSwitch.class]]
2026-09-12 19:03 -    commands.recompile - DEBUG - [checking net.minecraft.src.Packet3Chat]
2026-09-12 19:03 -    commands.recompile - DEBUG - [wrote RegularFileObject[bin\minecraft_server\net\minecraft\src\Packet3Chat.class]]
2026-09-12 19:03 -    commands.recompile - DEBUG - [checking net.minecraft.src.Packet18Animation]
2026-09-12 19:03 -    commands.recompile - DEBUG - [wrote RegularFileObject[bin\minecraft_server\net\minecraft\src\Packet18Animation.class]]
2026-09-12 19:03 -    commands.recompile - DEBUG - [checking net.minecraft.src.Packet19EntityAction]
2026-09-12 19:03 -    commands.recompile - DEBUG - [wrote RegularFileObject[bin\minecraft_server\net\minecraft\src\Packet19EntityAction.class]]
2026-09-12 19:03 -    commands.recompile - DEBUG - [checking net.minecraft.src.Packet255KickDisconnect]
2026-09-12 19:03 -    commands.recompile - DEBUG - [wrote RegularFileObject[bin\minecraft_server\net\minecraft\src\Packet255KickDisconnect.class]]
2026-09-12 19:03 -    commands.recompile - DEBUG - [checking net.minecraft.src.Packet7UseEntity]
2026-09-12 19:03 -    commands.recompile - DEBUG - [wrote RegularFileObject[bin\minecraft_server\net\minecraft\src\Packet7UseEntity.class]]
2026-09-12 19:03 -    commands.recompile - DEBUG - [checking net.minecraft.src.Packet9Respawn]
2026-09-12 19:03 -    commands.recompile - DEBUG - [wrote RegularFileObject[bin\minecraft_server\net\minecraft\src\Packet9Respawn.class]]
2026-09-12 19:03 -    commands.recompile - DEBUG - [checking net.minecraft.src.Packet101CloseWindow]
2026-09-12 19:03 -    commands.recompile - DEBUG - [wrote RegularFileObject[bin\minecraft_server\net\minecraft\src\Packet101CloseWindow.class]]
2026-09-12 19:03 -    commands.recompile - DEBUG - [checking net.minecraft.src.Packet102WindowClick]
2026-09-12 19:03 -    commands.recompile - DEBUG - [wrote RegularFileObject[bin\minecraft_server\net\minecraft\src\Packet102WindowClick.class]]
2026-09-12 19:03 -    commands.recompile - DEBUG - [checking net.minecraft.src.Packet106Transaction]
2026-09-12 19:03 -    commands.recompile - DEBUG - [wrote RegularFileObject[bin\minecraft_server\net\minecraft\src\Packet106Transaction.class]]
2026-09-12 19:03 -    commands.recompile - DEBUG - [checking net.minecraft.src.Packet130UpdateSign]
2026-09-12 19:03 -    commands.recompile - DEBUG - [wrote RegularFileObject[bin\minecraft_server\net\minecraft\src\Packet130UpdateSign.class]]
2026-09-12 19:03 -    commands.recompile - DEBUG - [checking net.minecraft.src.Packet51MapChunk]
2026-09-12 19:03 -    commands.recompile - DEBUG - [loading ZipFileIndexFileObject[C:\Program Files\Eclipse Adoptium\jdk-8.0.504.1-hotspot\lib\ct.sym(META-INF/sym/rt.jar/java/util/zip/Deflater.class)]]
2026-09-12 19:03 -    commands.recompile - DEBUG - [loading ZipFileIndexFileObject[C:\Program Files\Eclipse Adoptium\jdk-8.0.504.1-hotspot\lib\ct.sym(META-INF/sym/rt.jar/java/util/zip/Inflater.class)]]
2026-09-12 19:03 -    commands.recompile - DEBUG - [loading ZipFileIndexFileObject[C:\Program Files\Eclipse Adoptium\jdk-8.0.504.1-hotspot\lib\ct.sym(META-INF/sym/rt.jar/java/util/zip/DataFormatException.class)]]
2026-09-12 19:03 -    commands.recompile - DEBUG - [wrote RegularFileObject[bin\minecraft_server\net\minecraft\src\Packet51MapChunk.class]]
2026-09-12 19:03 -    commands.recompile - DEBUG - [checking net.minecraft.src.Packet1Login]
2026-09-12 19:03 -    commands.recompile - DEBUG - [wrote RegularFileObject[bin\minecraft_server\net\minecraft\src\Packet1Login.class]]
2026-09-12 19:03 -    commands.recompile - DEBUG - [checking net.minecraft.src.Packet52MultiBlockChange]
2026-09-12 19:03 -    commands.recompile - DEBUG - [wrote RegularFileObject[bin\minecraft_server\net\minecraft\src\Packet52MultiBlockChange.class]]
2026-09-12 19:03 -    commands.recompile - DEBUG - [checking net.minecraft.src.Packet53BlockChange]
2026-09-12 19:03 -    commands.recompile - DEBUG - [wrote RegularFileObject[bin\minecraft_server\net\minecraft\src\Packet53BlockChange.class]]
2026-09-12 19:03 -    commands.recompile - DEBUG - [checking net.minecraft.src.Packet50PreChunk]
2026-09-12 19:03 -    commands.recompile - DEBUG - [wrote RegularFileObject[bin\minecraft_server\net\minecraft\src\Packet50PreChunk.class]]
2026-09-12 19:03 -    commands.recompile - DEBUG - [checking net.minecraft.src.Packet20NamedEntitySpawn]
2026-09-12 19:03 -    commands.recompile - DEBUG - [wrote RegularFileObject[bin\minecraft_server\net\minecraft\src\Packet20NamedEntitySpawn.class]]
2026-09-12 19:03 -    commands.recompile - DEBUG - [checking net.minecraft.src.Packet30Entity]
2026-09-12 19:03 -    commands.recompile - DEBUG - [wrote RegularFileObject[bin\minecraft_server\net\minecraft\src\Packet30Entity.class]]
2026-09-12 19:03 -    commands.recompile - DEBUG - [checking net.minecraft.src.Packet34EntityTeleport]
2026-09-12 19:03 -    commands.recompile - DEBUG - [wrote RegularFileObject[bin\minecraft_server\net\minecraft\src\Packet34EntityTeleport.class]]
2026-09-12 19:03 -    commands.recompile - DEBUG - [checking net.minecraft.src.Packet29DestroyEntity]
2026-09-12 19:03 -    commands.recompile - DEBUG - [wrote RegularFileObject[bin\minecraft_server\net\minecraft\src\Packet29DestroyEntity.class]]
2026-09-12 19:03 -    commands.recompile - DEBUG - [checking net.minecraft.src.Packet21PickupSpawn]
2026-09-12 19:03 -    commands.recompile - DEBUG - [wrote RegularFileObject[bin\minecraft_server\net\minecraft\src\Packet21PickupSpawn.class]]
2026-09-12 19:03 -    commands.recompile - DEBUG - [checking net.minecraft.src.Packet22Collect]
2026-09-12 19:03 -    commands.recompile - DEBUG - [wrote RegularFileObject[bin\minecraft_server\net\minecraft\src\Packet22Collect.class]]
2026-09-12 19:03 -    commands.recompile - DEBUG - [checking net.minecraft.src.Packet23VehicleSpawn]
2026-09-12 19:03 -    commands.recompile - DEBUG - [wrote RegularFileObject[bin\minecraft_server\net\minecraft\src\Packet23VehicleSpawn.class]]
2026-09-12 19:03 -    commands.recompile - DEBUG - [checking net.minecraft.src.Packet2Handshake]
2026-09-12 19:03 -    commands.recompile - DEBUG - [wrote RegularFileObject[bin\minecraft_server\net\minecraft\src\Packet2Handshake.class]]
2026-09-12 19:03 -    commands.recompile - DEBUG - [checking net.minecraft.src.Packet24MobSpawn]
2026-09-12 19:03 -    commands.recompile - DEBUG - [wrote RegularFileObject[bin\minecraft_server\net\minecraft\src\Packet24MobSpawn.class]]
2026-09-12 19:03 -    commands.recompile - DEBUG - [checking net.minecraft.src.Packet4UpdateTime]
2026-09-12 19:03 -    commands.recompile - DEBUG - [wrote RegularFileObject[bin\minecraft_server\net\minecraft\src\Packet4UpdateTime.class]]
2026-09-12 19:03 -    commands.recompile - DEBUG - [checking net.minecraft.src.Packet6SpawnPosition]
2026-09-12 19:03 -    commands.recompile - DEBUG - [wrote RegularFileObject[bin\minecraft_server\net\minecraft\src\Packet6SpawnPosition.class]]
2026-09-12 19:03 -    commands.recompile - DEBUG - [checking net.minecraft.src.Packet28EntityVelocity]
2026-09-12 19:03 -    commands.recompile - DEBUG - [wrote RegularFileObject[bin\minecraft_server\net\minecraft\src\Packet28EntityVelocity.class]]
2026-09-12 19:03 -    commands.recompile - DEBUG - [checking net.minecraft.src.Packet40EntityMetadata]
2026-09-12 19:03 -    commands.recompile - DEBUG - [wrote RegularFileObject[bin\minecraft_server\net\minecraft\src\Packet40EntityMetadata.class]]
2026-09-12 19:03 -    commands.recompile - DEBUG - [checking net.minecraft.src.Packet39AttachEntity]
2026-09-12 19:03 -    commands.recompile - DEBUG - [wrote RegularFileObject[bin\minecraft_server\net\minecraft\src\Packet39AttachEntity.class]]
2026-09-12 19:03 -    commands.recompile - DEBUG - [checking net.minecraft.src.Packet38EntityStatus]
2026-09-12 19:03 -    commands.recompile - DEBUG - [wrote RegularFileObject[bin\minecraft_server\net\minecraft\src\Packet38EntityStatus.class]]
2026-09-12 19:03 -    commands.recompile - DEBUG - [checking net.minecraft.src.Packet8UpdateHealth]
2026-09-12 19:03 -    commands.recompile - DEBUG - [wrote RegularFileObject[bin\minecraft_server\net\minecraft\src\Packet8UpdateHealth.class]]
2026-09-12 19:03 -    commands.recompile - DEBUG - [checking net.minecraft.src.Packet60Explosion]
2026-09-12 19:03 -    commands.recompile - DEBUG - [wrote RegularFileObject[bin\minecraft_server\net\minecraft\src\Packet60Explosion.class]]
2026-09-12 19:03 -    commands.recompile - DEBUG - [checking net.minecraft.src.Packet100OpenWindow]
2026-09-12 19:03 -    commands.recompile - DEBUG - [wrote RegularFileObject[bin\minecraft_server\net\minecraft\src\Packet100OpenWindow.class]]
2026-09-12 19:03 -    commands.recompile - DEBUG - [checking net.minecraft.src.Packet103SetSlot]
2026-09-12 19:03 -    commands.recompile - DEBUG - [wrote RegularFileObject[bin\minecraft_server\net\minecraft\src\Packet103SetSlot.class]]
2026-09-12 19:03 -    commands.recompile - DEBUG - [checking net.minecraft.src.Packet104WindowItems]
2026-09-12 19:03 -    commands.recompile - DEBUG - [wrote RegularFileObject[bin\minecraft_server\net\minecraft\src\Packet104WindowItems.class]]
2026-09-12 19:03 -    commands.recompile - DEBUG - [checking net.minecraft.src.Packet105UpdateProgressbar]
2026-09-12 19:03 -    commands.recompile - DEBUG - [wrote RegularFileObject[bin\minecraft_server\net\minecraft\src\Packet105UpdateProgressbar.class]]
2026-09-12 19:03 -    commands.recompile - DEBUG - [checking net.minecraft.src.Packet5PlayerInventory]
2026-09-12 19:03 -    commands.recompile - DEBUG - [wrote RegularFileObject[bin\minecraft_server\net\minecraft\src\Packet5PlayerInventory.class]]
2026-09-12 19:03 -    commands.recompile - DEBUG - [checking net.minecraft.src.Packet25EntityPainting]
2026-09-12 19:03 -    commands.recompile - DEBUG - [wrote RegularFileObject[bin\minecraft_server\net\minecraft\src\Packet25EntityPainting.class]]
2026-09-12 19:03 -    commands.recompile - DEBUG - [checking net.minecraft.src.Packet54PlayNoteBlock]
2026-09-12 19:03 -    commands.recompile - DEBUG - [wrote RegularFileObject[bin\minecraft_server\net\minecraft\src\Packet54PlayNoteBlock.class]]
2026-09-12 19:03 -    commands.recompile - DEBUG - [checking net.minecraft.src.Packet200Statistic]
2026-09-12 19:03 -    commands.recompile - DEBUG - [wrote RegularFileObject[bin\minecraft_server\net\minecraft\src\Packet200Statistic.class]]
2026-09-12 19:03 -    commands.recompile - DEBUG - [checking net.minecraft.src.Packet17Sleep]
2026-09-12 19:03 -    commands.recompile - DEBUG - [wrote RegularFileObject[bin\minecraft_server\net\minecraft\src\Packet17Sleep.class]]
2026-09-12 19:03 -    commands.recompile - DEBUG - [checking net.minecraft.src.Packet70Bed]
2026-09-12 19:03 -    commands.recompile - DEBUG - [wrote RegularFileObject[bin\minecraft_server\net\minecraft\src\Packet70Bed.class]]
2026-09-12 19:03 -    commands.recompile - DEBUG - [checking net.minecraft.src.Packet71Weather]
2026-09-12 19:03 -    commands.recompile - DEBUG - [wrote RegularFileObject[bin\minecraft_server\net\minecraft\src\Packet71Weather.class]]
2026-09-12 19:03 -    commands.recompile - DEBUG - [checking net.minecraft.src.Packet131MapData]
2026-09-12 19:03 -    commands.recompile - DEBUG - [wrote RegularFileObject[bin\minecraft_server\net\minecraft\src\Packet131MapData.class]]
2026-09-12 19:03 -    commands.recompile - DEBUG - [checking net.minecraft.src.Packet61DoorChange]
2026-09-12 19:03 -    commands.recompile - DEBUG - [wrote RegularFileObject[bin\minecraft_server\net\minecraft\src\Packet61DoorChange.class]]
2026-09-12 19:03 -    commands.recompile - DEBUG - [checking net.minecraft.src.PlayerInstance]
2026-09-12 19:03 -    commands.recompile - DEBUG - [wrote RegularFileObject[bin\minecraft_server\net\minecraft\src\PlayerInstance.class]]
2026-09-12 19:03 -    commands.recompile - DEBUG - [checking net.minecraft.src.PlayerHash]
2026-09-12 19:03 -    commands.recompile - DEBUG - [wrote RegularFileObject[bin\minecraft_server\net\minecraft\src\PlayerHash.class]]
2026-09-12 19:03 -    commands.recompile - DEBUG - [checking net.minecraft.src.WatchableObject]
2026-09-12 19:03 -    commands.recompile - DEBUG - [wrote RegularFileObject[bin\minecraft_server\net\minecraft\src\WatchableObject.class]]
2026-09-12 19:03 -    commands.recompile - DEBUG - [checking net.minecraft.src.Item]
2026-09-12 19:03 -    commands.recompile - DEBUG - [wrote RegularFileObject[bin\minecraft_server\net\minecraft\src\Item.class]]
2026-09-12 19:03 -    commands.recompile - DEBUG - [checking net.minecraft.src.StepSound]
2026-09-12 19:03 -    commands.recompile - DEBUG - [wrote RegularFileObject[bin\minecraft_server\net\minecraft\src\StepSound.class]]
2026-09-12 19:03 -    commands.recompile - DEBUG - [checking net.minecraft.src.BlockGrass]
2026-09-12 19:03 -    commands.recompile - DEBUG - [wrote RegularFileObject[bin\minecraft_server\net\minecraft\src\BlockGrass.class]]
2026-09-12 19:03 -    commands.recompile - DEBUG - [checking net.minecraft.src.BlockLeaves]
2026-09-12 19:03 -    commands.recompile - DEBUG - [checking net.minecraft.src.BlockLeavesBase]
2026-09-12 19:03 -    commands.recompile - DEBUG - [wrote RegularFileObject[bin\minecraft_server\net\minecraft\src\BlockLeaves.class]]
2026-09-12 19:03 -    commands.recompile - DEBUG - [wrote RegularFileObject[bin\minecraft_server\net\minecraft\src\BlockLeavesBase.class]]
2026-09-12 19:03 -    commands.recompile - DEBUG - [checking net.minecraft.src.BlockTallGrass]
2026-09-12 19:03 -    commands.recompile - DEBUG - [checking net.minecraft.src.BlockFlower]
2026-09-12 19:03 -    commands.recompile - DEBUG - [wrote RegularFileObject[bin\minecraft_server\net\minecraft\src\BlockTallGrass.class]]
2026-09-12 19:03 -    commands.recompile - DEBUG - [wrote RegularFileObject[bin\minecraft_server\net\minecraft\src\BlockFlower.class]]
2026-09-12 19:03 -    commands.recompile - DEBUG - [checking net.minecraft.src.BlockDeadBush]
2026-09-12 19:03 -    commands.recompile - DEBUG - [wrote RegularFileObject[bin\minecraft_server\net\minecraft\src\BlockDeadBush.class]]
2026-09-12 19:03 -    commands.recompile - DEBUG - [checking net.minecraft.src.BlockPistonExtension]
2026-09-12 19:03 -    commands.recompile - DEBUG - [wrote RegularFileObject[bin\minecraft_server\net\minecraft\src\BlockPistonExtension.class]]
2026-09-12 19:03 -    commands.recompile - DEBUG - [checking net.minecraft.src.BlockPistonMoving]
2026-09-12 19:03 -    commands.recompile - DEBUG - [checking net.minecraft.src.BlockContainer]
2026-09-12 19:03 -    commands.recompile - DEBUG - [wrote RegularFileObject[bin\minecraft_server\net\minecraft\src\BlockPistonMoving.class]]
2026-09-12 19:03 -    commands.recompile - DEBUG - [wrote RegularFileObject[bin\minecraft_server\net\minecraft\src\BlockContainer.class]]
2026-09-12 19:03 -    commands.recompile - DEBUG - [checking net.minecraft.src.BlockFire]
2026-09-12 19:03 -    commands.recompile - DEBUG - [wrote RegularFileObject[bin\minecraft_server\net\minecraft\src\BlockFire.class]]
2026-09-12 19:03 -    commands.recompile - DEBUG - [checking net.minecraft.src.BlockPortal]
2026-09-12 19:03 -    commands.recompile - DEBUG - [checking net.minecraft.src.BlockBreakable]
2026-09-12 19:03 -    commands.recompile - DEBUG - [wrote RegularFileObject[bin\minecraft_server\net\minecraft\src\BlockPortal.class]]
2026-09-12 19:03 -    commands.recompile - DEBUG - [wrote RegularFileObject[bin\minecraft_server\net\minecraft\src\BlockBreakable.class]]
2026-09-12 19:03 -    commands.recompile - DEBUG - [checking net.minecraft.src.IStatType]
2026-09-12 19:03 -    commands.recompile - DEBUG - [wrote RegularFileObject[bin\minecraft_server\net\minecraft\src\IStatType.class]]
2026-09-12 19:03 -    commands.recompile - DEBUG - [checking net.minecraft.src.Slot]
2026-09-12 19:03 -    commands.recompile - DEBUG - [wrote RegularFileObject[bin\minecraft_server\net\minecraft\src\Slot.class]]
2026-09-12 19:03 -    commands.recompile - DEBUG - [checking net.minecraft.src.WorldGenerator]
2026-09-12 19:03 -    commands.recompile - DEBUG - [wrote RegularFileObject[bin\minecraft_server\net\minecraft\src\WorldGenerator.class]]
2026-09-12 19:03 -    commands.recompile - DEBUG - [checking net.minecraft.src.EnumCreatureType]
2026-09-12 19:03 -    commands.recompile - DEBUG - [wrote RegularFileObject[bin\minecraft_server\net\minecraft\src\EnumCreatureType.class]]
2026-09-12 19:03 -    commands.recompile - DEBUG - [checking net.minecraft.src.NoiseGenerator2]
2026-09-12 19:03 -    commands.recompile - DEBUG - [wrote RegularFileObject[bin\minecraft_server\net\minecraft\src\NoiseGenerator2.class]]
2026-09-12 19:03 -    commands.recompile - DEBUG - [checking net.minecraft.src.EntityPainting]
2026-09-12 19:03 -    commands.recompile - DEBUG - [wrote RegularFileObject[bin\minecraft_server\net\minecraft\src\EntityPainting.class]]
2026-09-12 19:03 -    commands.recompile - DEBUG - [checking net.minecraft.src.PlayerHashEntry]
2026-09-12 19:03 -    commands.recompile - DEBUG - [wrote RegularFileObject[bin\minecraft_server\net\minecraft\src\PlayerHashEntry.class]]
2026-09-12 19:03 -    commands.recompile - DEBUG - [checking net.minecraft.src.ItemMap]
2026-09-12 19:03 -    commands.recompile - DEBUG - [checking net.minecraft.src.ItemMapBase]
2026-09-12 19:03 -    commands.recompile - DEBUG - [wrote RegularFileObject[bin\minecraft_server\net\minecraft\src\ItemMap.class]]
2026-09-12 19:03 -    commands.recompile - DEBUG - [wrote RegularFileObject[bin\minecraft_server\net\minecraft\src\ItemMapBase.class]]
2026-09-12 19:03 -    commands.recompile - DEBUG - [checking net.minecraft.src.ItemShears]
2026-09-12 19:03 -    commands.recompile - DEBUG - [wrote RegularFileObject[bin\minecraft_server\net\minecraft\src\ItemShears.class]]
2026-09-12 19:03 -    commands.recompile - DEBUG - [checking net.minecraft.src.TileEntityPiston]
2026-09-12 19:03 -    commands.recompile - DEBUG - [wrote RegularFileObject[bin\minecraft_server\net\minecraft\src\TileEntityPiston.class]]
2026-09-12 19:03 -    commands.recompile - DEBUG - [checking net.minecraft.src.EnumArt]
2026-09-12 19:03 -    commands.recompile - DEBUG - [wrote RegularFileObject[bin\minecraft_server\net\minecraft\src\EnumArt.class]]
2026-09-12 19:03 -    commands.recompile - DEBUG - [checking net.minecraft.src.MapData]
2026-09-12 19:03 -    commands.recompile - DEBUG - [wrote RegularFileObject[bin\minecraft_server\net\minecraft\src\MapData.class]]
2026-09-12 19:03 -    commands.recompile - DEBUG - [checking net.minecraft.src.Achievement]
2026-09-12 19:03 -    commands.recompile - DEBUG - [wrote RegularFileObject[bin\minecraft_server\net\minecraft\src\Achievement.class]]
2026-09-12 19:03 -    commands.recompile - DEBUG - [checking net.minecraft.src.AchievementList]
2026-09-12 19:03 -    commands.recompile - DEBUG - [wrote RegularFileObject[bin\minecraft_server\net\minecraft\src\AchievementList.class]]
2026-09-12 19:03 -    commands.recompile - DEBUG - [checking net.minecraft.src.AchievementMap]
2026-09-12 19:03 -    commands.recompile - DEBUG - [wrote RegularFileObject[bin\minecraft_server\net\minecraft\src\AchievementMap.class]]
2026-09-12 19:03 -    commands.recompile - DEBUG - [checking net.minecraft.src.BiomeGenDesert]
2026-09-12 19:03 -    commands.recompile - DEBUG - [wrote RegularFileObject[bin\minecraft_server\net\minecraft\src\BiomeGenDesert.class]]
2026-09-12 19:03 -    commands.recompile - DEBUG - [checking net.minecraft.src.BiomeGenForest]
2026-09-12 19:03 -    commands.recompile - DEBUG - [wrote RegularFileObject[bin\minecraft_server\net\minecraft\src\BiomeGenForest.class]]
2026-09-12 19:03 -    commands.recompile - DEBUG - [checking net.minecraft.src.BiomeGenHell]
2026-09-12 19:03 -    commands.recompile - DEBUG - [wrote RegularFileObject[bin\minecraft_server\net\minecraft\src\BiomeGenHell.class]]
2026-09-12 19:03 -    commands.recompile - DEBUG - [checking net.minecraft.src.BiomeGenRainforest]
2026-09-12 19:03 -    commands.recompile - DEBUG - [wrote RegularFileObject[bin\minecraft_server\net\minecraft\src\BiomeGenRainforest.class]]
2026-09-12 19:03 -    commands.recompile - DEBUG - [checking net.minecraft.src.BiomeGenSky]
2026-09-12 19:03 -    commands.recompile - DEBUG - [wrote RegularFileObject[bin\minecraft_server\net\minecraft\src\BiomeGenSky.class]]
2026-09-12 19:03 -    commands.recompile - DEBUG - [checking net.minecraft.src.BiomeGenSwamp]
2026-09-12 19:03 -    commands.recompile - DEBUG - [wrote RegularFileObject[bin\minecraft_server\net\minecraft\src\BiomeGenSwamp.class]]
2026-09-12 19:03 -    commands.recompile - DEBUG - [checking net.minecraft.src.BiomeGenTaiga]
2026-09-12 19:03 -    commands.recompile - DEBUG - [wrote RegularFileObject[bin\minecraft_server\net\minecraft\src\BiomeGenTaiga.class]]
2026-09-12 19:03 -    commands.recompile - DEBUG - [checking net.minecraft.src.BlockBed]
2026-09-12 19:03 -    commands.recompile - DEBUG - [wrote RegularFileObject[bin\minecraft_server\net\minecraft\src\BlockBed.class]]
2026-09-12 19:03 -    commands.recompile - DEBUG - [checking net.minecraft.src.BlockBookshelf]
2026-09-12 19:03 -    commands.recompile - DEBUG - [wrote RegularFileObject[bin\minecraft_server\net\minecraft\src\BlockBookshelf.class]]
2026-09-12 19:03 -    commands.recompile - DEBUG - [checking net.minecraft.src.BlockButton]
2026-09-12 19:03 -    commands.recompile - DEBUG - [wrote RegularFileObject[bin\minecraft_server\net\minecraft\src\BlockButton.class]]
2026-09-12 19:03 -    commands.recompile - DEBUG - [checking net.minecraft.src.BlockCactus]
2026-09-12 19:03 -    commands.recompile - DEBUG - [wrote RegularFileObject[bin\minecraft_server\net\minecraft\src\BlockCactus.class]]
2026-09-12 19:03 -    commands.recompile - DEBUG - [checking net.minecraft.src.BlockCake]
2026-09-12 19:03 -    commands.recompile - DEBUG - [wrote RegularFileObject[bin\minecraft_server\net\minecraft\src\BlockCake.class]]
2026-09-12 19:03 -    commands.recompile - DEBUG - [checking net.minecraft.src.BlockChest]
2026-09-12 19:03 -    commands.recompile - DEBUG - [wrote RegularFileObject[bin\minecraft_server\net\minecraft\src\BlockChest.class]]
2026-09-12 19:03 -    commands.recompile - DEBUG - [checking net.minecraft.src.BlockClay]
2026-09-12 19:03 -    commands.recompile - DEBUG - [wrote RegularFileObject[bin\minecraft_server\net\minecraft\src\BlockClay.class]]
2026-09-12 19:03 -    commands.recompile - DEBUG - [checking net.minecraft.src.BlockCloth]
2026-09-12 19:03 -    commands.recompile - DEBUG - [wrote RegularFileObject[bin\minecraft_server\net\minecraft\src\BlockCloth.class]]
2026-09-12 19:03 -    commands.recompile - DEBUG - [checking net.minecraft.src.BlockCrops]
2026-09-12 19:03 -    commands.recompile - DEBUG - [wrote RegularFileObject[bin\minecraft_server\net\minecraft\src\BlockCrops.class]]
2026-09-12 19:03 -    commands.recompile - DEBUG - [checking net.minecraft.src.BlockDetectorRail]
2026-09-12 19:03 -    commands.recompile - DEBUG - [checking net.minecraft.src.BlockRail]
2026-09-12 19:03 -    commands.recompile - DEBUG - [wrote RegularFileObject[bin\minecraft_server\net\minecraft\src\BlockDetectorRail.class]]
2026-09-12 19:03 -    commands.recompile - DEBUG - [wrote RegularFileObject[bin\minecraft_server\net\minecraft\src\BlockRail.class]]
2026-09-12 19:03 -    commands.recompile - DEBUG - [checking net.minecraft.src.BlockDirt]
2026-09-12 19:03 -    commands.recompile - DEBUG - [wrote RegularFileObject[bin\minecraft_server\net\minecraft\src\BlockDirt.class]]
2026-09-12 19:03 -    commands.recompile - DEBUG - [checking net.minecraft.src.BlockDispenser]
2026-09-12 19:03 -    commands.recompile - DEBUG - [wrote RegularFileObject[bin\minecraft_server\net\minecraft\src\BlockDispenser.class]]
2026-09-12 19:03 -    commands.recompile - DEBUG - [checking net.minecraft.src.BlockDoor]
2026-09-12 19:03 -    commands.recompile - DEBUG - [wrote RegularFileObject[bin\minecraft_server\net\minecraft\src\BlockDoor.class]]
2026-09-12 19:03 -    commands.recompile - DEBUG - [checking net.minecraft.src.BlockFarmland]
2026-09-12 19:03 -    commands.recompile - DEBUG - [wrote RegularFileObject[bin\minecraft_server\net\minecraft\src\BlockFarmland.class]]
2026-09-12 19:03 -    commands.recompile - DEBUG - [checking net.minecraft.src.BlockFence]
2026-09-12 19:03 -    commands.recompile - DEBUG - [wrote RegularFileObject[bin\minecraft_server\net\minecraft\src\BlockFence.class]]
2026-09-12 19:03 -    commands.recompile - DEBUG - [checking net.minecraft.src.BlockFlowing]
2026-09-12 19:03 -    commands.recompile - DEBUG - [checking net.minecraft.src.BlockFluid]
2026-09-12 19:03 -    commands.recompile - DEBUG - [wrote RegularFileObject[bin\minecraft_server\net\minecraft\src\BlockFlowing.class]]
2026-09-12 19:03 -    commands.recompile - DEBUG - [wrote RegularFileObject[bin\minecraft_server\net\minecraft\src\BlockFluid.class]]
2026-09-12 19:03 -    commands.recompile - DEBUG - [checking net.minecraft.src.BlockFurnace]
2026-09-12 19:03 -    commands.recompile - DEBUG - [wrote RegularFileObject[bin\minecraft_server\net\minecraft\src\BlockFurnace.class]]
2026-09-12 19:03 -    commands.recompile - DEBUG - [checking net.minecraft.src.BlockGlass]
2026-09-12 19:03 -    commands.recompile - DEBUG - [wrote RegularFileObject[bin\minecraft_server\net\minecraft\src\BlockGlass.class]]
2026-09-12 19:03 -    commands.recompile - DEBUG - [checking net.minecraft.src.BlockGlowStone]
2026-09-12 19:03 -    commands.recompile - DEBUG - [wrote RegularFileObject[bin\minecraft_server\net\minecraft\src\BlockGlowStone.class]]
2026-09-12 19:03 -    commands.recompile - DEBUG - [checking net.minecraft.src.BlockGravel]
2026-09-12 19:03 -    commands.recompile - DEBUG - [checking net.minecraft.src.BlockSand]
2026-09-12 19:03 -    commands.recompile - DEBUG - [wrote RegularFileObject[bin\minecraft_server\net\minecraft\src\BlockGravel.class]]
2026-09-12 19:03 -    commands.recompile - DEBUG - [wrote RegularFileObject[bin\minecraft_server\net\minecraft\src\BlockSand.class]]
2026-09-12 19:03 -    commands.recompile - DEBUG - [checking net.minecraft.src.BlockHay]
2026-09-12 19:03 -    commands.recompile - DEBUG - [wrote RegularFileObject[bin\minecraft_server\net\minecraft\src\BlockHay.class]]
2026-09-12 19:03 -    commands.recompile - DEBUG - [checking net.minecraft.src.BlockHearth]
2026-09-12 19:03 -    commands.recompile - DEBUG - [wrote RegularFileObject[bin\minecraft_server\net\minecraft\src\BlockHearth.class]]
2026-09-12 19:03 -    commands.recompile - DEBUG - [checking net.minecraft.src.BlockIce]
2026-09-12 19:03 -    commands.recompile - DEBUG - [wrote RegularFileObject[bin\minecraft_server\net\minecraft\src\BlockIce.class]]
2026-09-12 19:03 -    commands.recompile - DEBUG - [checking net.minecraft.src.BlockJukeBox]
2026-09-12 19:03 -    commands.recompile - DEBUG - [wrote RegularFileObject[bin\minecraft_server\net\minecraft\src\BlockJukeBox.class]]
2026-09-12 19:03 -    commands.recompile - DEBUG - [checking net.minecraft.src.BlockLadder]
2026-09-12 19:03 -    commands.recompile - DEBUG - [wrote RegularFileObject[bin\minecraft_server\net\minecraft\src\BlockLadder.class]]
2026-09-12 19:03 -    commands.recompile - DEBUG - [checking net.minecraft.src.BlockLever]
2026-09-12 19:03 -    commands.recompile - DEBUG - [wrote RegularFileObject[bin\minecraft_server\net\minecraft\src\BlockLever.class]]
2026-09-12 19:03 -    commands.recompile - DEBUG - [checking net.minecraft.src.BlockLockedChest]
2026-09-12 19:03 -    commands.recompile - DEBUG - [wrote RegularFileObject[bin\minecraft_server\net\minecraft\src\BlockLockedChest.class]]
2026-09-12 19:03 -    commands.recompile - DEBUG - [checking net.minecraft.src.BlockLog]
2026-09-12 19:03 -    commands.recompile - DEBUG - [wrote RegularFileObject[bin\minecraft_server\net\minecraft\src\BlockLog.class]]
2026-09-12 19:03 -    commands.recompile - DEBUG - [checking net.minecraft.src.BlockMobSpawner]
2026-09-12 19:03 -    commands.recompile - DEBUG - [wrote RegularFileObject[bin\minecraft_server\net\minecraft\src\BlockMobSpawner.class]]
2026-09-12 19:03 -    commands.recompile - DEBUG - [checking net.minecraft.src.BlockMushroom]
2026-09-12 19:03 -    commands.recompile - DEBUG - [wrote RegularFileObject[bin\minecraft_server\net\minecraft\src\BlockMushroom.class]]
2026-09-12 19:03 -    commands.recompile - DEBUG - [checking net.minecraft.src.BlockNetherrack]
2026-09-12 19:03 -    commands.recompile - DEBUG - [wrote RegularFileObject[bin\minecraft_server\net\minecraft\src\BlockNetherrack.class]]
2026-09-12 19:03 -    commands.recompile - DEBUG - [checking net.minecraft.src.BlockNote]
2026-09-12 19:03 -    commands.recompile - DEBUG - [wrote RegularFileObject[bin\minecraft_server\net\minecraft\src\BlockNote.class]]
2026-09-12 19:03 -    commands.recompile - DEBUG - [checking net.minecraft.src.BlockObsidian]
2026-09-12 19:03 -    commands.recompile - DEBUG - [checking net.minecraft.src.BlockStone]
2026-09-12 19:03 -    commands.recompile - DEBUG - [wrote RegularFileObject[bin\minecraft_server\net\minecraft\src\BlockObsidian.class]]
2026-09-12 19:03 -    commands.recompile - DEBUG - [wrote RegularFileObject[bin\minecraft_server\net\minecraft\src\BlockStone.class]]
2026-09-12 19:03 -    commands.recompile - DEBUG - [checking net.minecraft.src.BlockOre]
2026-09-12 19:03 -    commands.recompile - DEBUG - [wrote RegularFileObject[bin\minecraft_server\net\minecraft\src\BlockOre.class]]
2026-09-12 19:03 -    commands.recompile - DEBUG - [checking net.minecraft.src.BlockOreStorage]
2026-09-12 19:03 -    commands.recompile - DEBUG - [wrote RegularFileObject[bin\minecraft_server\net\minecraft\src\BlockOreStorage.class]]
2026-09-12 19:03 -    commands.recompile - DEBUG - [checking net.minecraft.src.BlockPillar]
2026-09-12 19:03 -    commands.recompile - DEBUG - [wrote RegularFileObject[bin\minecraft_server\net\minecraft\src\BlockPillar.class]]
2026-09-12 19:03 -    commands.recompile - DEBUG - [checking net.minecraft.src.BlockPistonBase]
2026-09-12 19:03 -    commands.recompile - DEBUG - [wrote RegularFileObject[bin\minecraft_server\net\minecraft\src\BlockPistonBase.class]]
2026-09-12 19:03 -    commands.recompile - DEBUG - [checking net.minecraft.src.BlockPressurePlate]
2026-09-12 19:03 -    commands.recompile - DEBUG - [wrote RegularFileObject[bin\minecraft_server\net\minecraft\src\BlockPressurePlate.class]]
2026-09-12 19:03 -    commands.recompile - DEBUG - [checking net.minecraft.src.EnumMobType]
2026-09-12 19:03 -    commands.recompile - DEBUG - [wrote RegularFileObject[bin\minecraft_server\net\minecraft\src\EnumMobType.class]]
2026-09-12 19:03 -    commands.recompile - DEBUG - [checking net.minecraft.src.BlockPumpkin]
2026-09-12 19:03 -    commands.recompile - DEBUG - [wrote RegularFileObject[bin\minecraft_server\net\minecraft\src\BlockPumpkin.class]]
2026-09-12 19:03 -    commands.recompile - DEBUG - [checking net.minecraft.src.BlockRedstoneOre]
2026-09-12 19:03 -    commands.recompile - DEBUG - [wrote RegularFileObject[bin\minecraft_server\net\minecraft\src\BlockRedstoneOre.class]]
2026-09-12 19:03 -    commands.recompile - DEBUG - [checking net.minecraft.src.BlockRedstoneRepeater]
2026-09-12 19:03 -    commands.recompile - DEBUG - [wrote RegularFileObject[bin\minecraft_server\net\minecraft\src\BlockRedstoneRepeater.class]]
2026-09-12 19:03 -    commands.recompile - DEBUG - [checking net.minecraft.src.BlockRedstoneTorch]
2026-09-12 19:03 -    commands.recompile - DEBUG - [checking net.minecraft.src.BlockTorch]
2026-09-12 19:03 -    commands.recompile - DEBUG - [wrote RegularFileObject[bin\minecraft_server\net\minecraft\src\BlockRedstoneTorch.class]]
2026-09-12 19:03 -    commands.recompile - DEBUG - [wrote RegularFileObject[bin\minecraft_server\net\minecraft\src\BlockTorch.class]]
2026-09-12 19:03 -    commands.recompile - DEBUG - [checking net.minecraft.src.BlockRedstoneWire]
2026-09-12 19:03 -    commands.recompile - DEBUG - [wrote RegularFileObject[bin\minecraft_server\net\minecraft\src\BlockRedstoneWire.class]]
2026-09-12 19:03 -    commands.recompile - DEBUG - [checking net.minecraft.src.BlockReed]
2026-09-12 19:03 -    commands.recompile - DEBUG - [wrote RegularFileObject[bin\minecraft_server\net\minecraft\src\BlockReed.class]]
2026-09-12 19:03 -    commands.recompile - DEBUG - [checking net.minecraft.src.BlockSandStone]
2026-09-12 19:03 -    commands.recompile - DEBUG - [wrote RegularFileObject[bin\minecraft_server\net\minecraft\src\BlockSandStone.class]]
2026-09-12 19:03 -    commands.recompile - DEBUG - [checking net.minecraft.src.BlockSapling]
2026-09-12 19:03 -    commands.recompile - DEBUG - [wrote RegularFileObject[bin\minecraft_server\net\minecraft\src\BlockSapling.class]]
2026-09-12 19:03 -    commands.recompile - DEBUG - [checking net.minecraft.src.BlockSign]
2026-09-12 19:03 -    commands.recompile - DEBUG - [wrote RegularFileObject[bin\minecraft_server\net\minecraft\src\BlockSign.class]]
2026-09-12 19:03 -    commands.recompile - DEBUG - [checking net.minecraft.src.BlockSnow]
2026-09-12 19:03 -    commands.recompile - DEBUG - [wrote RegularFileObject[bin\minecraft_server\net\minecraft\src\BlockSnow.class]]
2026-09-12 19:03 -    commands.recompile - DEBUG - [checking net.minecraft.src.BlockSnowBlock]
2026-09-12 19:03 -    commands.recompile - DEBUG - [wrote RegularFileObject[bin\minecraft_server\net\minecraft\src\BlockSnowBlock.class]]
2026-09-12 19:03 -    commands.recompile - DEBUG - [checking net.minecraft.src.BlockSoulSand]
2026-09-12 19:03 -    commands.recompile - DEBUG - [wrote RegularFileObject[bin\minecraft_server\net\minecraft\src\BlockSoulSand.class]]
2026-09-12 19:03 -    commands.recompile - DEBUG - [checking net.minecraft.src.BlockSponge]
2026-09-12 19:03 -    commands.recompile - DEBUG - [wrote RegularFileObject[bin\minecraft_server\net\minecraft\src\BlockSponge.class]]
2026-09-12 19:03 -    commands.recompile - DEBUG - [checking net.minecraft.src.BlockStairs]
2026-09-12 19:03 -    commands.recompile - DEBUG - [wrote RegularFileObject[bin\minecraft_server\net\minecraft\src\BlockStairs.class]]
2026-09-12 19:03 -    commands.recompile - DEBUG - [checking net.minecraft.src.BlockStationary]
2026-09-12 19:03 -    commands.recompile - DEBUG - [wrote RegularFileObject[bin\minecraft_server\net\minecraft\src\BlockStationary.class]]
2026-09-12 19:03 -    commands.recompile - DEBUG - [checking net.minecraft.src.BlockStep]
2026-09-12 19:03 -    commands.recompile - DEBUG - [wrote RegularFileObject[bin\minecraft_server\net\minecraft\src\BlockStep.class]]
2026-09-12 19:03 -    commands.recompile - DEBUG - [checking net.minecraft.src.BlockSticks]
2026-09-12 19:03 -    commands.recompile - DEBUG - [wrote RegularFileObject[bin\minecraft_server\net\minecraft\src\BlockSticks.class]]
2026-09-12 19:03 -    commands.recompile - DEBUG - [checking net.minecraft.src.BlockTNT]
2026-09-12 19:03 -    commands.recompile - DEBUG - [wrote RegularFileObject[bin\minecraft_server\net\minecraft\src\BlockTNT.class]]
2026-09-12 19:03 -    commands.recompile - DEBUG - [checking net.minecraft.src.BlockTrapDoor]
2026-09-12 19:03 -    commands.recompile - DEBUG - [wrote RegularFileObject[bin\minecraft_server\net\minecraft\src\BlockTrapDoor.class]]
2026-09-12 19:03 -    commands.recompile - DEBUG - [checking net.minecraft.src.BlockWeb]
2026-09-12 19:03 -    commands.recompile - DEBUG - [wrote RegularFileObject[bin\minecraft_server\net\minecraft\src\BlockWeb.class]]
2026-09-12 19:03 -    commands.recompile - DEBUG - [checking net.minecraft.src.BlockWorkbench]
2026-09-12 19:03 -    commands.recompile - DEBUG - [wrote RegularFileObject[bin\minecraft_server\net\minecraft\src\BlockWorkbench.class]]
2026-09-12 19:03 -    commands.recompile - DEBUG - [checking net.minecraft.src.ChatAllowedCharacters]
2026-09-12 19:03 -    commands.recompile - DEBUG - [loading ZipFileIndexFileObject[C:\Program Files\Eclipse Adoptium\jdk-8.0.504.1-hotspot\lib\ct.sym(META-INF/sym/rt.jar/java/nio/charset/CharsetDecoder.class)]]
2026-09-12 19:03 -    commands.recompile - DEBUG - [loading ZipFileIndexFileObject[C:\Program Files\Eclipse Adoptium\jdk-8.0.504.1-hotspot\lib\ct.sym(META-INF/sym/rt.jar/java/nio/charset/Charset.class)]]
2026-09-12 19:03 -    commands.recompile - DEBUG - [loading ZipFileIndexFileObject[C:\Program Files\Eclipse Adoptium\jdk-8.0.504.1-hotspot\lib\ct.sym(META-INF/sym/rt.jar/java/io/UnsupportedEncodingException.class)]]
2026-09-12 19:03 -    commands.recompile - DEBUG - [wrote RegularFileObject[bin\minecraft_server\net\minecraft\src\ChatAllowedCharacters.class]]
2026-09-12 19:03 -    commands.recompile - DEBUG - [checking net.minecraft.src.ChunkBlockMap]
2026-09-12 19:03 -    commands.recompile - DEBUG - [wrote RegularFileObject[bin\minecraft_server\net\minecraft\src\ChunkBlockMap.class]]
2026-09-12 19:03 -    commands.recompile - DEBUG - [checking net.minecraft.src.ChunkCache]
2026-09-12 19:03 -    commands.recompile - DEBUG - [wrote RegularFileObject[bin\minecraft_server\net\minecraft\src\ChunkCache.class]]
2026-09-12 19:03 -    commands.recompile - DEBUG - [checking net.minecraft.src.ChunkFile]
2026-09-12 19:03 -    commands.recompile - DEBUG - [loading ZipFileIndexFileObject[C:\Program Files\Eclipse Adoptium\jdk-8.0.504.1-hotspot\lib\ct.sym(META-INF/sym/rt.jar/java/util/regex/MatchResult.class)]]
2026-09-12 19:03 -    commands.recompile - DEBUG - [wrote RegularFileObject[bin\minecraft_server\net\minecraft\src\ChunkFile.class]]
2026-09-12 19:03 -    commands.recompile - DEBUG - [checking net.minecraft.src.ChunkFilePattern]
2026-09-12 19:03 -    commands.recompile - DEBUG - [wrote RegularFileObject[bin\minecraft_server\net\minecraft\src\ChunkFilePattern.class]]
2026-09-12 19:03 -    commands.recompile - DEBUG - [checking net.minecraft.src.Empty2]
2026-09-12 19:03 -    commands.recompile - DEBUG - [wrote RegularFileObject[bin\minecraft_server\net\minecraft\src\Empty2.class]]
2026-09-12 19:03 -    commands.recompile - DEBUG - [checking net.minecraft.src.ChunkFolderPattern]
2026-09-12 19:03 -    commands.recompile - DEBUG - [wrote RegularFileObject[bin\minecraft_server\net\minecraft\src\ChunkFolderPattern.class]]
2026-09-12 19:03 -    commands.recompile - DEBUG - [checking net.minecraft.src.ChunkLoader]
2026-09-12 19:03 -    commands.recompile - DEBUG - [wrote RegularFileObject[bin\minecraft_server\net\minecraft\src\ChunkLoader.class]]
2026-09-12 19:03 -    commands.recompile - DEBUG - [checking net.minecraft.src.ChunkPosition]
2026-09-12 19:03 -    commands.recompile - DEBUG - [wrote RegularFileObject[bin\minecraft_server\net\minecraft\src\ChunkPosition.class]]
2026-09-12 19:03 -    commands.recompile - DEBUG - [checking net.minecraft.src.ChunkProvider]
2026-09-12 19:03 -    commands.recompile - DEBUG - [wrote RegularFileObject[bin\minecraft_server\net\minecraft\src\ChunkProvider.class]]
2026-09-12 19:03 -    commands.recompile - DEBUG - [checking net.minecraft.src.ChunkProviderGenerate]
2026-09-12 19:03 -    commands.recompile - DEBUG - [wrote RegularFileObject[bin\minecraft_server\net\minecraft\src\ChunkProviderGenerate.class]]
2026-09-12 19:03 -    commands.recompile - DEBUG - [checking net.minecraft.src.NoiseGeneratorOctaves]
2026-09-12 19:03 -    commands.recompile - DEBUG - [wrote RegularFileObject[bin\minecraft_server\net\minecraft\src\NoiseGeneratorOctaves.class]]
2026-09-12 19:03 -    commands.recompile - DEBUG - [checking net.minecraft.src.MapGenBase]
2026-09-12 19:03 -    commands.recompile - DEBUG - [wrote RegularFileObject[bin\minecraft_server\net\minecraft\src\MapGenBase.class]]
2026-09-12 19:03 -    commands.recompile - DEBUG - [checking net.minecraft.src.NoiseGeneratorPerlin]
2026-09-12 19:03 -    commands.recompile - DEBUG - [wrote RegularFileObject[bin\minecraft_server\net\minecraft\src\NoiseGeneratorPerlin.class]]
2026-09-12 19:03 -    commands.recompile - DEBUG - [checking net.minecraft.src.ChunkProviderHell]
2026-09-12 19:03 -    commands.recompile - DEBUG - [wrote RegularFileObject[bin\minecraft_server\net\minecraft\src\ChunkProviderHell.class]]
2026-09-12 19:03 -    commands.recompile - DEBUG - [checking net.minecraft.src.ChunkProviderSky]
2026-09-12 19:03 -    commands.recompile - DEBUG - [wrote RegularFileObject[bin\minecraft_server\net\minecraft\src\ChunkProviderSky.class]]
2026-09-12 19:03 -    commands.recompile - DEBUG - [checking net.minecraft.src.CompressedStreamTools]
2026-09-12 19:03 -    commands.recompile - DEBUG - [loading ZipFileIndexFileObject[C:\Program Files\Eclipse Adoptium\jdk-8.0.504.1-hotspot\lib\ct.sym(META-INF/sym/rt.jar/java/util/zip/InflaterInputStream.class)]]
2026-09-12 19:03 -    commands.recompile - DEBUG - [loading ZipFileIndexFileObject[C:\Program Files\Eclipse Adoptium\jdk-8.0.504.1-hotspot\lib\ct.sym(META-INF/sym/rt.jar/java/util/zip/DeflaterOutputStream.class)]]
2026-09-12 19:03 -    commands.recompile - DEBUG - [wrote RegularFileObject[bin\minecraft_server\net\minecraft\src\CompressedStreamTools.class]]
2026-09-12 19:03 -    commands.recompile - DEBUG - [checking net.minecraft.src.ConsoleLogFormatter]
2026-09-12 19:03 -    commands.recompile - DEBUG - [loading ZipFileIndexFileObject[C:\Program Files\Eclipse Adoptium\jdk-8.0.504.1-hotspot\lib\ct.sym(META-INF/sym/rt.jar/java/text/DateFormat.class)]]
2026-09-12 19:03 -    commands.recompile - DEBUG - [loading ZipFileIndexFileObject[C:\Program Files\Eclipse Adoptium\jdk-8.0.504.1-hotspot\lib\ct.sym(META-INF/sym/rt.jar/java/util/Date.class)]]
2026-09-12 19:03 -    commands.recompile - DEBUG - [loading ZipFileIndexFileObject[C:\Program Files\Eclipse Adoptium\jdk-8.0.504.1-hotspot\lib\ct.sym(META-INF/sym/rt.jar/java/lang/Throwable$PrintStreamOrWriter.class)]]
2026-09-12 19:03 -    commands.recompile - DEBUG - [wrote RegularFileObject[bin\minecraft_server\net\minecraft\src\ConsoleLogFormatter.class]]
2026-09-12 19:03 -    commands.recompile - DEBUG - [checking net.minecraft.src.ConsoleLogManager]
2026-09-12 19:03 -    commands.recompile - DEBUG - [loading ZipFileIndexFileObject[C:\Program Files\Eclipse Adoptium\jdk-8.0.504.1-hotspot\lib\ct.sym(META-INF/sym/rt.jar/java/util/logging/ConsoleHandler.class)]]
2026-09-12 19:03 -    commands.recompile - DEBUG - [loading ZipFileIndexFileObject[C:\Program Files\Eclipse Adoptium\jdk-8.0.504.1-hotspot\lib\ct.sym(META-INF/sym/rt.jar/java/util/logging/StreamHandler.class)]]
2026-09-12 19:03 -    commands.recompile - DEBUG - [loading ZipFileIndexFileObject[C:\Program Files\Eclipse Adoptium\jdk-8.0.504.1-hotspot\lib\ct.sym(META-INF/sym/rt.jar/java/util/logging/FileHandler.class)]]
2026-09-12 19:03 -    commands.recompile - DEBUG - [wrote RegularFileObject[bin\minecraft_server\net\minecraft\src\ConsoleLogManager.class]]
2026-09-12 19:03 -    commands.recompile - DEBUG - [checking net.minecraft.src.ContainerChest]
2026-09-12 19:03 -    commands.recompile - DEBUG - [wrote RegularFileObject[bin\minecraft_server\net\minecraft\src\ContainerChest.class]]
2026-09-12 19:03 -    commands.recompile - DEBUG - [checking net.minecraft.src.ContainerDispenser]
2026-09-12 19:03 -    commands.recompile - DEBUG - [wrote RegularFileObject[bin\minecraft_server\net\minecraft\src\ContainerDispenser.class]]
2026-09-12 19:03 -    commands.recompile - DEBUG - [checking net.minecraft.src.ContainerFurnace]
2026-09-12 19:03 -    commands.recompile - DEBUG - [wrote RegularFileObject[bin\minecraft_server\net\minecraft\src\ContainerFurnace.class]]
2026-09-12 19:03 -    commands.recompile - DEBUG - [checking net.minecraft.src.ContainerHearth]
2026-09-12 19:03 -    commands.recompile - DEBUG - [wrote RegularFileObject[bin\minecraft_server\net\minecraft\src\ContainerHearth.class]]
2026-09-12 19:03 -    commands.recompile - DEBUG - [checking net.minecraft.src.ContainerPlayer]
2026-09-12 19:03 -    commands.recompile - DEBUG - [wrote RegularFileObject[bin\minecraft_server\net\minecraft\src\ContainerPlayer.class]]
2026-09-12 19:03 -    commands.recompile - DEBUG - [checking net.minecraft.src.InventoryCrafting]
2026-09-12 19:03 -    commands.recompile - DEBUG - [wrote RegularFileObject[bin\minecraft_server\net\minecraft\src\InventoryCrafting.class]]
2026-09-12 19:03 -    commands.recompile - DEBUG - [checking net.minecraft.src.ContainerWorkbench]
2026-09-12 19:03 -    commands.recompile - DEBUG - [wrote RegularFileObject[bin\minecraft_server\net\minecraft\src\ContainerWorkbench.class]]
2026-09-12 19:03 -    commands.recompile - DEBUG - [checking net.minecraft.src.ConvertProgressUpdater]
2026-09-12 19:03 -    commands.recompile - DEBUG - [wrote RegularFileObject[bin\minecraft_server\net\minecraft\src\ConvertProgressUpdater.class]]
2026-09-12 19:03 -    commands.recompile - DEBUG - [checking net.minecraft.src.CraftingManager]
2026-09-12 19:03 -    commands.recompile - DEBUG - [wrote RegularFileObject[bin\minecraft_server\net\minecraft\src\CraftingManager.class]]
2026-09-12 19:03 -    commands.recompile - DEBUG - [checking net.minecraft.src.Empty1]
2026-09-12 19:03 -    commands.recompile - DEBUG - [wrote RegularFileObject[bin\minecraft_server\net\minecraft\src\Empty1.class]]
2026-09-12 19:03 -    commands.recompile - DEBUG - [checking net.minecraft.src.EmptyChunk]
2026-09-12 19:03 -    commands.recompile - DEBUG - [wrote RegularFileObject[bin\minecraft_server\net\minecraft\src\EmptyChunk.class]]
2026-09-12 19:03 -    commands.recompile - DEBUG - [checking net.minecraft.src.EntityAnimal]
2026-09-12 19:03 -    commands.recompile - DEBUG - [checking net.minecraft.src.EntityCreature]
2026-09-12 19:03 -    commands.recompile - DEBUG - [wrote RegularFileObject[bin\minecraft_server\net\minecraft\src\EntityAnimal.class]]
2026-09-12 19:03 -    commands.recompile - DEBUG - [wrote RegularFileObject[bin\minecraft_server\net\minecraft\src\EntityCreature.class]]
2026-09-12 19:03 -    commands.recompile - DEBUG - [checking net.minecraft.src.IAnimals]
2026-09-12 19:03 -    commands.recompile - DEBUG - [wrote RegularFileObject[bin\minecraft_server\net\minecraft\src\IAnimals.class]]
2026-09-12 19:03 -    commands.recompile - DEBUG - [checking net.minecraft.src.EntityArrow]
2026-09-12 19:03 -    commands.recompile - DEBUG - [wrote RegularFileObject[bin\minecraft_server\net\minecraft\src\EntityArrow.class]]
2026-09-12 19:03 -    commands.recompile - DEBUG - [checking net.minecraft.src.EntityBoat]
2026-09-12 19:03 -    commands.recompile - DEBUG - [wrote RegularFileObject[bin\minecraft_server\net\minecraft\src\EntityBoat.class]]
2026-09-12 19:03 -    commands.recompile - DEBUG - [checking net.minecraft.src.EntityChicken]
2026-09-12 19:03 -    commands.recompile - DEBUG - [wrote RegularFileObject[bin\minecraft_server\net\minecraft\src\EntityChicken.class]]
2026-09-12 19:03 -    commands.recompile - DEBUG - [checking net.minecraft.src.EntityCow]
2026-09-12 19:03 -    commands.recompile - DEBUG - [wrote RegularFileObject[bin\minecraft_server\net\minecraft\src\EntityCow.class]]
2026-09-12 19:03 -    commands.recompile - DEBUG - [checking net.minecraft.src.EntityCreeper]
2026-09-12 19:03 -    commands.recompile - DEBUG - [checking net.minecraft.src.EntityMob]
2026-09-12 19:03 -    commands.recompile - DEBUG - [wrote RegularFileObject[bin\minecraft_server\net\minecraft\src\EntityCreeper.class]]
2026-09-12 19:03 -    commands.recompile - DEBUG - [wrote RegularFileObject[bin\minecraft_server\net\minecraft\src\EntityMob.class]]
2026-09-12 19:03 -    commands.recompile - DEBUG - [checking net.minecraft.src.IMob]
2026-09-12 19:03 -    commands.recompile - DEBUG - [wrote RegularFileObject[bin\minecraft_server\net\minecraft\src\IMob.class]]
2026-09-12 19:03 -    commands.recompile - DEBUG - [checking net.minecraft.src.EntityEgg]
2026-09-12 19:03 -    commands.recompile - DEBUG - [wrote RegularFileObject[bin\minecraft_server\net\minecraft\src\EntityEgg.class]]
2026-09-12 19:03 -    commands.recompile - DEBUG - [checking net.minecraft.src.EntityFallingSand]
2026-09-12 19:03 -    commands.recompile - DEBUG - [wrote RegularFileObject[bin\minecraft_server\net\minecraft\src\EntityFallingSand.class]]
2026-09-12 19:03 -    commands.recompile - DEBUG - [checking net.minecraft.src.EntityFireball]
2026-09-12 19:03 -    commands.recompile - DEBUG - [wrote RegularFileObject[bin\minecraft_server\net\minecraft\src\EntityFireball.class]]
2026-09-12 19:03 -    commands.recompile - DEBUG - [checking net.minecraft.src.EntityFlying]
2026-09-12 19:03 -    commands.recompile - DEBUG - [wrote RegularFileObject[bin\minecraft_server\net\minecraft\src\EntityFlying.class]]
2026-09-12 19:03 -    commands.recompile - DEBUG - [checking net.minecraft.src.EntityGhast]
2026-09-12 19:03 -    commands.recompile - DEBUG - [wrote RegularFileObject[bin\minecraft_server\net\minecraft\src\EntityGhast.class]]
2026-09-12 19:03 -    commands.recompile - DEBUG - [checking net.minecraft.src.EntityGiantZombie]
2026-09-12 19:03 -    commands.recompile - DEBUG - [wrote RegularFileObject[bin\minecraft_server\net\minecraft\src\EntityGiantZombie.class]]
2026-09-12 19:03 -    commands.recompile - DEBUG - [checking net.minecraft.src.EntityList]
2026-09-12 19:03 -    commands.recompile - DEBUG - [wrote RegularFileObject[bin\minecraft_server\net\minecraft\src\EntityList.class]]
2026-09-12 19:03 -    commands.recompile - DEBUG - [checking net.minecraft.src.EntityMinecart]
2026-09-12 19:03 -    commands.recompile - DEBUG - [wrote RegularFileObject[bin\minecraft_server\net\minecraft\src\EntityMinecart.class]]
2026-09-12 19:03 -    commands.recompile - DEBUG - [checking net.minecraft.src.EntityPig]
2026-09-12 19:03 -    commands.recompile - DEBUG - [wrote RegularFileObject[bin\minecraft_server\net\minecraft\src\EntityPig.class]]
2026-09-12 19:03 -    commands.recompile - DEBUG - [checking net.minecraft.src.EntityPigZombie]
2026-09-12 19:03 -    commands.recompile - DEBUG - [checking net.minecraft.src.EntityZombie]
2026-09-12 19:03 -    commands.recompile - DEBUG - [wrote RegularFileObject[bin\minecraft_server\net\minecraft\src\EntityPigZombie.class]]
2026-09-12 19:03 -    commands.recompile - DEBUG - [wrote RegularFileObject[bin\minecraft_server\net\minecraft\src\EntityZombie.class]]
2026-09-12 19:03 -    commands.recompile - DEBUG - [checking net.minecraft.src.EntitySheep]
2026-09-12 19:03 -    commands.recompile - DEBUG - [wrote RegularFileObject[bin\minecraft_server\net\minecraft\src\EntitySheep.class]]
2026-09-12 19:03 -    commands.recompile - DEBUG - [checking net.minecraft.src.EntitySkeleton]
2026-09-12 19:03 -    commands.recompile - DEBUG - [wrote RegularFileObject[bin\minecraft_server\net\minecraft\src\EntitySkeleton.class]]
2026-09-12 19:03 -    commands.recompile - DEBUG - [checking net.minecraft.src.EntitySlime]
2026-09-12 19:03 -    commands.recompile - DEBUG - [wrote RegularFileObject[bin\minecraft_server\net\minecraft\src\EntitySlime.class]]
2026-09-12 19:03 -    commands.recompile - DEBUG - [checking net.minecraft.src.EntitySnowball]
2026-09-12 19:03 -    commands.recompile - DEBUG - [wrote RegularFileObject[bin\minecraft_server\net\minecraft\src\EntitySnowball.class]]
2026-09-12 19:03 -    commands.recompile - DEBUG - [checking net.minecraft.src.EntitySpider]
2026-09-12 19:03 -    commands.recompile - DEBUG - [wrote RegularFileObject[bin\minecraft_server\net\minecraft\src\EntitySpider.class]]
2026-09-12 19:03 -    commands.recompile - DEBUG - [checking net.minecraft.src.EntitySquid]
2026-09-12 19:03 -    commands.recompile - DEBUG - [checking net.minecraft.src.EntityWaterMob]
2026-09-12 19:03 -    commands.recompile - DEBUG - [wrote RegularFileObject[bin\minecraft_server\net\minecraft\src\EntitySquid.class]]
2026-09-12 19:03 -    commands.recompile - DEBUG - [wrote RegularFileObject[bin\minecraft_server\net\minecraft\src\EntityWaterMob.class]]
2026-09-12 19:03 -    commands.recompile - DEBUG - [checking net.minecraft.src.EntityTNTPrimed]
2026-09-12 19:03 -    commands.recompile - DEBUG - [wrote RegularFileObject[bin\minecraft_server\net\minecraft\src\EntityTNTPrimed.class]]
2026-09-12 19:03 -    commands.recompile - DEBUG - [checking net.minecraft.src.EntityTrackerEntry]
2026-09-12 19:03 -    commands.recompile - DEBUG - [wrote RegularFileObject[bin\minecraft_server\net\minecraft\src\EntityTrackerEntry.class]]
2026-09-12 19:03 -    commands.recompile - DEBUG - [checking net.minecraft.src.EntityWolf]
2026-09-12 19:03 -    commands.recompile - DEBUG - [wrote RegularFileObject[bin\minecraft_server\net\minecraft\src\EntityWolf.class]]
2026-09-12 19:03 -    commands.recompile - DEBUG - [checking net.minecraft.src.EnumToolMaterial]
2026-09-12 19:03 -    commands.recompile - DEBUG - [wrote RegularFileObject[bin\minecraft_server\net\minecraft\src\EnumToolMaterial.class]]
2026-09-12 19:03 -    commands.recompile - DEBUG - [checking net.minecraft.src.FurnaceRecipes]
2026-09-12 19:03 -    commands.recompile - DEBUG - [wrote RegularFileObject[bin\minecraft_server\net\minecraft\src\FurnaceRecipes.class]]
2026-09-12 19:03 -    commands.recompile - DEBUG - [checking net.minecraft.src.GuiLogFormatter]
2026-09-12 19:03 -    commands.recompile - DEBUG - [wrote RegularFileObject[bin\minecraft_server\net\minecraft\src\GuiLogFormatter.class]]
2026-09-12 19:03 -    commands.recompile - DEBUG - [checking net.minecraft.src.GuiLogOutputHandler]
2026-09-12 19:03 -    commands.recompile - DEBUG - [loading ZipFileIndexFileObject[C:\Program Files\Eclipse Adoptium\jdk-8.0.504.1-hotspot\lib\ct.sym(META-INF/sym/rt.jar/javax/swing/text/JTextComponent.class)]]
2026-09-12 19:03 -    commands.recompile - DEBUG - [wrote RegularFileObject[bin\minecraft_server\net\minecraft\src\GuiLogOutputHandler.class]]
2026-09-12 19:03 -    commands.recompile - DEBUG - [checking net.minecraft.src.GuiStatsComponent]
2026-09-12 19:03 -    commands.recompile - DEBUG - [loading ZipFileIndexFileObject[C:\Program Files\Eclipse Adoptium\jdk-8.0.504.1-hotspot\lib\ct.sym(META-INF/sym/rt.jar/java/awt/Color.class)]]
2026-09-12 19:03 -    commands.recompile - DEBUG - [loading ZipFileIndexFileObject[C:\Program Files\Eclipse Adoptium\jdk-8.0.504.1-hotspot\lib\ct.sym(META-INF/sym/rt.jar/java/text/AttributedCharacterIterator.class)]]
2026-09-12 19:03 -    commands.recompile - DEBUG - [wrote RegularFileObject[bin\minecraft_server\net\minecraft\src\GuiStatsComponent.class]]
2026-09-12 19:03 -    commands.recompile - DEBUG - [checking net.minecraft.src.GuiStatsListener]
2026-09-12 19:03 -    commands.recompile - DEBUG - [wrote RegularFileObject[bin\minecraft_server\net\minecraft\src\GuiStatsListener.class]]
2026-09-12 19:03 -    commands.recompile - DEBUG - [checking net.minecraft.src.HearthRecipes]
2026-09-12 19:03 -    commands.recompile - DEBUG - [wrote RegularFileObject[bin\minecraft_server\net\minecraft\src\HearthRecipes.class]]
2026-09-12 19:03 -    commands.recompile - DEBUG - [checking net.minecraft.src.InventoryCraftResult]
2026-09-12 19:03 -    commands.recompile - DEBUG - [wrote RegularFileObject[bin\minecraft_server\net\minecraft\src\InventoryCraftResult.class]]
2026-09-12 19:03 -    commands.recompile - DEBUG - [checking net.minecraft.src.InventoryLargeChest]
2026-09-12 19:03 -    commands.recompile - DEBUG - [wrote RegularFileObject[bin\minecraft_server\net\minecraft\src\InventoryLargeChest.class]]
2026-09-12 19:03 -    commands.recompile - DEBUG - [checking net.minecraft.src.IRecipe]
2026-09-12 19:03 -    commands.recompile - DEBUG - [wrote RegularFileObject[bin\minecraft_server\net\minecraft\src\IRecipe.class]]
2026-09-12 19:03 -    commands.recompile - DEBUG - [checking net.minecraft.src.ItemArmor]
2026-09-12 19:03 -    commands.recompile - DEBUG - [wrote RegularFileObject[bin\minecraft_server\net\minecraft\src\ItemArmor.class]]
2026-09-12 19:03 -    commands.recompile - DEBUG - [checking net.minecraft.src.ItemAxe]
2026-09-12 19:03 -    commands.recompile - DEBUG - [checking net.minecraft.src.ItemTool]
2026-09-12 19:03 -    commands.recompile - DEBUG - [wrote RegularFileObject[bin\minecraft_server\net\minecraft\src\ItemAxe.class]]
2026-09-12 19:03 -    commands.recompile - DEBUG - [wrote RegularFileObject[bin\minecraft_server\net\minecraft\src\ItemTool.class]]
2026-09-12 19:03 -    commands.recompile - DEBUG - [checking net.minecraft.src.ItemBed]
2026-09-12 19:03 -    commands.recompile - DEBUG - [wrote RegularFileObject[bin\minecraft_server\net\minecraft\src\ItemBed.class]]
2026-09-12 19:03 -    commands.recompile - DEBUG - [checking net.minecraft.src.ItemBlock]
2026-09-12 19:03 -    commands.recompile - DEBUG - [wrote RegularFileObject[bin\minecraft_server\net\minecraft\src\ItemBlock.class]]
2026-09-12 19:03 -    commands.recompile - DEBUG - [checking net.minecraft.src.ItemBoat]
2026-09-12 19:03 -    commands.recompile - DEBUG - [wrote RegularFileObject[bin\minecraft_server\net\minecraft\src\ItemBoat.class]]
2026-09-12 19:03 -    commands.recompile - DEBUG - [checking net.minecraft.src.ItemBow]
2026-09-12 19:03 -    commands.recompile - DEBUG - [wrote RegularFileObject[bin\minecraft_server\net\minecraft\src\ItemBow.class]]
2026-09-12 19:03 -    commands.recompile - DEBUG - [checking net.minecraft.src.ItemBucket]
2026-09-12 19:03 -    commands.recompile - DEBUG - [wrote RegularFileObject[bin\minecraft_server\net\minecraft\src\ItemBucket.class]]
2026-09-12 19:03 -    commands.recompile - DEBUG - [checking net.minecraft.src.ItemCloth]
2026-09-12 19:03 -    commands.recompile - DEBUG - [wrote RegularFileObject[bin\minecraft_server\net\minecraft\src\ItemCloth.class]]
2026-09-12 19:03 -    commands.recompile - DEBUG - [checking net.minecraft.src.ItemCoal]
2026-09-12 19:03 -    commands.recompile - DEBUG - [wrote RegularFileObject[bin\minecraft_server\net\minecraft\src\ItemCoal.class]]
2026-09-12 19:03 -    commands.recompile - DEBUG - [checking net.minecraft.src.ItemCoin]
2026-09-12 19:03 -    commands.recompile - DEBUG - [wrote RegularFileObject[bin\minecraft_server\net\minecraft\src\ItemCoin.class]]
2026-09-12 19:03 -    commands.recompile - DEBUG - [checking net.minecraft.src.ItemCookie]
2026-09-12 19:03 -    commands.recompile - DEBUG - [checking net.minecraft.src.ItemFood]
2026-09-12 19:03 -    commands.recompile - DEBUG - [wrote RegularFileObject[bin\minecraft_server\net\minecraft\src\ItemCookie.class]]
2026-09-12 19:03 -    commands.recompile - DEBUG - [wrote RegularFileObject[bin\minecraft_server\net\minecraft\src\ItemFood.class]]
2026-09-12 19:03 -    commands.recompile - DEBUG - [checking net.minecraft.src.ItemDoor]
2026-09-12 19:03 -    commands.recompile - DEBUG - [wrote RegularFileObject[bin\minecraft_server\net\minecraft\src\ItemDoor.class]]
2026-09-12 19:03 -    commands.recompile - DEBUG - [checking net.minecraft.src.ItemDye]
2026-09-12 19:03 -    commands.recompile - DEBUG - [wrote RegularFileObject[bin\minecraft_server\net\minecraft\src\ItemDye.class]]
2026-09-12 19:03 -    commands.recompile - DEBUG - [checking net.minecraft.src.ItemEgg]
2026-09-12 19:03 -    commands.recompile - DEBUG - [wrote RegularFileObject[bin\minecraft_server\net\minecraft\src\ItemEgg.class]]
2026-09-12 19:03 -    commands.recompile - DEBUG - [checking net.minecraft.src.ItemFishingRod]
2026-09-12 19:03 -    commands.recompile - DEBUG - [wrote RegularFileObject[bin\minecraft_server\net\minecraft\src\ItemFishingRod.class]]
2026-09-12 19:03 -    commands.recompile - DEBUG - [checking net.minecraft.src.ItemFlintAndSteel]
2026-09-12 19:03 -    commands.recompile - DEBUG - [wrote RegularFileObject[bin\minecraft_server\net\minecraft\src\ItemFlintAndSteel.class]]
2026-09-12 19:03 -    commands.recompile - DEBUG - [checking net.minecraft.src.ItemHoe]
2026-09-12 19:03 -    commands.recompile - DEBUG - [wrote RegularFileObject[bin\minecraft_server\net\minecraft\src\ItemHoe.class]]
2026-09-12 19:03 -    commands.recompile - DEBUG - [checking net.minecraft.src.ItemLeaves]
2026-09-12 19:03 -    commands.recompile - DEBUG - [wrote RegularFileObject[bin\minecraft_server\net\minecraft\src\ItemLeaves.class]]
2026-09-12 19:03 -    commands.recompile - DEBUG - [checking net.minecraft.src.ItemLog]
2026-09-12 19:03 -    commands.recompile - DEBUG - [wrote RegularFileObject[bin\minecraft_server\net\minecraft\src\ItemLog.class]]
2026-09-12 19:03 -    commands.recompile - DEBUG - [checking net.minecraft.src.ItemMinecart]
2026-09-12 19:03 -    commands.recompile - DEBUG - [wrote RegularFileObject[bin\minecraft_server\net\minecraft\src\ItemMinecart.class]]
2026-09-12 19:03 -    commands.recompile - DEBUG - [checking net.minecraft.src.ItemPainting]
2026-09-12 19:03 -    commands.recompile - DEBUG - [wrote RegularFileObject[bin\minecraft_server\net\minecraft\src\ItemPainting.class]]
2026-09-12 19:03 -    commands.recompile - DEBUG - [checking net.minecraft.src.ItemPickaxe]
2026-09-12 19:03 -    commands.recompile - DEBUG - [wrote RegularFileObject[bin\minecraft_server\net\minecraft\src\ItemPickaxe.class]]
2026-09-12 19:03 -    commands.recompile - DEBUG - [checking net.minecraft.src.ItemPiston]
2026-09-12 19:03 -    commands.recompile - DEBUG - [wrote RegularFileObject[bin\minecraft_server\net\minecraft\src\ItemPiston.class]]
2026-09-12 19:03 -    commands.recompile - DEBUG - [checking net.minecraft.src.ItemRecord]
2026-09-12 19:03 -    commands.recompile - DEBUG - [wrote RegularFileObject[bin\minecraft_server\net\minecraft\src\ItemRecord.class]]
2026-09-12 19:03 -    commands.recompile - DEBUG - [checking net.minecraft.src.ItemRedstone]
2026-09-12 19:03 -    commands.recompile - DEBUG - [wrote RegularFileObject[bin\minecraft_server\net\minecraft\src\ItemRedstone.class]]
2026-09-12 19:03 -    commands.recompile - DEBUG - [checking net.minecraft.src.ItemReed]
2026-09-12 19:03 -    commands.recompile - DEBUG - [wrote RegularFileObject[bin\minecraft_server\net\minecraft\src\ItemReed.class]]
2026-09-12 19:03 -    commands.recompile - DEBUG - [checking net.minecraft.src.ItemSaddle]
2026-09-12 19:03 -    commands.recompile - DEBUG - [wrote RegularFileObject[bin\minecraft_server\net\minecraft\src\ItemSaddle.class]]
2026-09-12 19:03 -    commands.recompile - DEBUG - [checking net.minecraft.src.ItemSapling]
2026-09-12 19:03 -    commands.recompile - DEBUG - [wrote RegularFileObject[bin\minecraft_server\net\minecraft\src\ItemSapling.class]]
2026-09-12 19:03 -    commands.recompile - DEBUG - [checking net.minecraft.src.ItemSeeds]
2026-09-12 19:03 -    commands.recompile - DEBUG - [wrote RegularFileObject[bin\minecraft_server\net\minecraft\src\ItemSeeds.class]]
2026-09-12 19:03 -    commands.recompile - DEBUG - [checking net.minecraft.src.ItemSign]
2026-09-12 19:03 -    commands.recompile - DEBUG - [wrote RegularFileObject[bin\minecraft_server\net\minecraft\src\ItemSign.class]]
2026-09-12 19:03 -    commands.recompile - DEBUG - [checking net.minecraft.src.ItemSlab]
2026-09-12 19:03 -    commands.recompile - DEBUG - [wrote RegularFileObject[bin\minecraft_server\net\minecraft\src\ItemSlab.class]]
2026-09-12 19:03 -    commands.recompile - DEBUG - [checking net.minecraft.src.ItemSnowball]
2026-09-12 19:03 -    commands.recompile - DEBUG - [wrote RegularFileObject[bin\minecraft_server\net\minecraft\src\ItemSnowball.class]]
2026-09-12 19:03 -    commands.recompile - DEBUG - [checking net.minecraft.src.ItemSoup]
2026-09-12 19:03 -    commands.recompile - DEBUG - [wrote RegularFileObject[bin\minecraft_server\net\minecraft\src\ItemSoup.class]]
2026-09-12 19:03 -    commands.recompile - DEBUG - [checking net.minecraft.src.ItemSpade]
2026-09-12 19:03 -    commands.recompile - DEBUG - [wrote RegularFileObject[bin\minecraft_server\net\minecraft\src\ItemSpade.class]]
2026-09-12 19:03 -    commands.recompile - DEBUG - [checking net.minecraft.src.ItemSpear]
2026-09-12 19:03 -    commands.recompile - DEBUG - [wrote RegularFileObject[bin\minecraft_server\net\minecraft\src\ItemSpear.class]]
2026-09-12 19:03 -    commands.recompile - DEBUG - [checking net.minecraft.src.ItemSword]
2026-09-12 19:03 -    commands.recompile - DEBUG - [wrote RegularFileObject[bin\minecraft_server\net\minecraft\src\ItemSword.class]]
2026-09-12 19:03 -    commands.recompile - DEBUG - [checking net.minecraft.src.MapCoord]
2026-09-12 19:03 -    commands.recompile - DEBUG - [wrote RegularFileObject[bin\minecraft_server\net\minecraft\src\MapCoord.class]]
2026-09-12 19:03 -    commands.recompile - DEBUG - [checking net.minecraft.src.MapGenCaves]
2026-09-12 19:03 -    commands.recompile - DEBUG - [wrote RegularFileObject[bin\minecraft_server\net\minecraft\src\MapGenCaves.class]]
2026-09-12 19:03 -    commands.recompile - DEBUG - [checking net.minecraft.src.MapGenCavesHell]
2026-09-12 19:03 -    commands.recompile - DEBUG - [wrote RegularFileObject[bin\minecraft_server\net\minecraft\src\MapGenCavesHell.class]]
2026-09-12 19:03 -    commands.recompile - DEBUG - [checking net.minecraft.src.MapInfo]
2026-09-12 19:03 -    commands.recompile - DEBUG - [wrote RegularFileObject[bin\minecraft_server\net\minecraft\src\MapInfo.class]]
2026-09-12 19:03 -    commands.recompile - DEBUG - [checking net.minecraft.src.MaterialLiquid]
2026-09-12 19:03 -    commands.recompile - DEBUG - [wrote RegularFileObject[bin\minecraft_server\net\minecraft\src\MaterialLiquid.class]]
2026-09-12 19:03 -    commands.recompile - DEBUG - [checking net.minecraft.src.MaterialLogic]
2026-09-12 19:03 -    commands.recompile - DEBUG - [wrote RegularFileObject[bin\minecraft_server\net\minecraft\src\MaterialLogic.class]]
2026-09-12 19:03 -    commands.recompile - DEBUG - [checking net.minecraft.src.MaterialPortal]
2026-09-12 19:03 -    commands.recompile - DEBUG - [wrote RegularFileObject[bin\minecraft_server\net\minecraft\src\MaterialPortal.class]]
2026-09-12 19:03 -    commands.recompile - DEBUG - [checking net.minecraft.src.MaterialTransparent]
2026-09-12 19:03 -    commands.recompile - DEBUG - [wrote RegularFileObject[bin\minecraft_server\net\minecraft\src\MaterialTransparent.class]]
2026-09-12 19:03 -    commands.recompile - DEBUG - [checking net.minecraft.src.MathHelper]
2026-09-12 19:03 -    commands.recompile - DEBUG - [wrote RegularFileObject[bin\minecraft_server\net\minecraft\src\MathHelper.class]]
2026-09-12 19:03 -    commands.recompile - DEBUG - [checking net.minecraft.src.McRegionChunkLoader]
2026-09-12 19:03 -    commands.recompile - DEBUG - [wrote RegularFileObject[bin\minecraft_server\net\minecraft\src\McRegionChunkLoader.class]]
2026-09-12 19:03 -    commands.recompile - DEBUG - [checking net.minecraft.src.MetadataChunkBlock]
2026-09-12 19:03 -    commands.recompile - DEBUG - [wrote RegularFileObject[bin\minecraft_server\net\minecraft\src\MetadataChunkBlock.class]]
2026-09-12 19:03 -    commands.recompile - DEBUG - [checking net.minecraft.src.MinecraftException]
2026-09-12 19:03 -    commands.recompile - DEBUG - [wrote RegularFileObject[bin\minecraft_server\net\minecraft\src\MinecraftException.class]]
2026-09-12 19:03 -    commands.recompile - DEBUG - [checking net.minecraft.src.ModelBed]
2026-09-12 19:03 -    commands.recompile - DEBUG - [wrote RegularFileObject[bin\minecraft_server\net\minecraft\src\ModelBed.class]]
2026-09-12 19:03 -    commands.recompile - DEBUG - [checking net.minecraft.src.NBTTagByte]
2026-09-12 19:03 -    commands.recompile - DEBUG - [wrote RegularFileObject[bin\minecraft_server\net\minecraft\src\NBTTagByte.class]]
2026-09-12 19:03 -    commands.recompile - DEBUG - [checking net.minecraft.src.NBTTagByteArray]
2026-09-12 19:03 -    commands.recompile - DEBUG - [wrote RegularFileObject[bin\minecraft_server\net\minecraft\src\NBTTagByteArray.class]]
2026-09-12 19:03 -    commands.recompile - DEBUG - [checking net.minecraft.src.NBTTagDouble]
2026-09-12 19:03 -    commands.recompile - DEBUG - [wrote RegularFileObject[bin\minecraft_server\net\minecraft\src\NBTTagDouble.class]]
2026-09-12 19:03 -    commands.recompile - DEBUG - [checking net.minecraft.src.NBTTagEnd]
2026-09-12 19:03 -    commands.recompile - DEBUG - [wrote RegularFileObject[bin\minecraft_server\net\minecraft\src\NBTTagEnd.class]]
2026-09-12 19:03 -    commands.recompile - DEBUG - [checking net.minecraft.src.NBTTagFloat]
2026-09-12 19:03 -    commands.recompile - DEBUG - [wrote RegularFileObject[bin\minecraft_server\net\minecraft\src\NBTTagFloat.class]]
2026-09-12 19:03 -    commands.recompile - DEBUG - [checking net.minecraft.src.NBTTagInt]
2026-09-12 19:03 -    commands.recompile - DEBUG - [wrote RegularFileObject[bin\minecraft_server\net\minecraft\src\NBTTagInt.class]]
2026-09-12 19:03 -    commands.recompile - DEBUG - [checking net.minecraft.src.NBTTagLong]
2026-09-12 19:03 -    commands.recompile - DEBUG - [wrote RegularFileObject[bin\minecraft_server\net\minecraft\src\NBTTagLong.class]]
2026-09-12 19:03 -    commands.recompile - DEBUG - [checking net.minecraft.src.NBTTagShort]
2026-09-12 19:03 -    commands.recompile - DEBUG - [wrote RegularFileObject[bin\minecraft_server\net\minecraft\src\NBTTagShort.class]]
2026-09-12 19:03 -    commands.recompile - DEBUG - [checking net.minecraft.src.NBTTagString]
2026-09-12 19:03 -    commands.recompile - DEBUG - [wrote RegularFileObject[bin\minecraft_server\net\minecraft\src\NBTTagString.class]]
2026-09-12 19:03 -    commands.recompile - DEBUG - [checking net.minecraft.src.NetworkAcceptThread]
2026-09-12 19:03 -    commands.recompile - DEBUG - [wrote RegularFileObject[bin\minecraft_server\net\minecraft\src\NetworkAcceptThread.class]]
2026-09-12 19:03 -    commands.recompile - DEBUG - [checking net.minecraft.src.NetworkMasterThread]
2026-09-12 19:03 -    commands.recompile - DEBUG - [wrote RegularFileObject[bin\minecraft_server\net\minecraft\src\NetworkMasterThread.class]]
2026-09-12 19:03 -    commands.recompile - DEBUG - [checking net.minecraft.src.NetworkReaderThread]
2026-09-12 19:03 -    commands.recompile - DEBUG - [wrote RegularFileObject[bin\minecraft_server\net\minecraft\src\NetworkReaderThread.class]]
2026-09-12 19:03 -    commands.recompile - DEBUG - [checking net.minecraft.src.NetworkWriterThread]
2026-09-12 19:03 -    commands.recompile - DEBUG - [wrote RegularFileObject[bin\minecraft_server\net\minecraft\src\NetworkWriterThread.class]]
2026-09-12 19:03 -    commands.recompile - DEBUG - [checking net.minecraft.src.NextTickListEntry]
2026-09-12 19:03 -    commands.recompile - DEBUG - [wrote RegularFileObject[bin\minecraft_server\net\minecraft\src\NextTickListEntry.class]]
2026-09-12 19:03 -    commands.recompile - DEBUG - [checking net.minecraft.src.Packet0KeepAlive]
2026-09-12 19:03 -    commands.recompile - DEBUG - [wrote RegularFileObject[bin\minecraft_server\net\minecraft\src\Packet0KeepAlive.class]]
2026-09-12 19:03 -    commands.recompile - DEBUG - [checking net.minecraft.src.Packet11PlayerPosition]
2026-09-12 19:03 -    commands.recompile - DEBUG - [wrote RegularFileObject[bin\minecraft_server\net\minecraft\src\Packet11PlayerPosition.class]]
2026-09-12 19:03 -    commands.recompile - DEBUG - [checking net.minecraft.src.Packet12PlayerLook]
2026-09-12 19:03 -    commands.recompile - DEBUG - [wrote RegularFileObject[bin\minecraft_server\net\minecraft\src\Packet12PlayerLook.class]]
2026-09-12 19:03 -    commands.recompile - DEBUG - [checking net.minecraft.src.Packet13PlayerLookMove]
2026-09-12 19:03 -    commands.recompile - DEBUG - [wrote RegularFileObject[bin\minecraft_server\net\minecraft\src\Packet13PlayerLookMove.class]]
2026-09-12 19:03 -    commands.recompile - DEBUG - [checking net.minecraft.src.Packet31RelEntityMove]
2026-09-12 19:03 -    commands.recompile - DEBUG - [wrote RegularFileObject[bin\minecraft_server\net\minecraft\src\Packet31RelEntityMove.class]]
2026-09-12 19:03 -    commands.recompile - DEBUG - [checking net.minecraft.src.Packet32EntityLook]
2026-09-12 19:03 -    commands.recompile - DEBUG - [wrote RegularFileObject[bin\minecraft_server\net\minecraft\src\Packet32EntityLook.class]]
2026-09-12 19:03 -    commands.recompile - DEBUG - [checking net.minecraft.src.Packet33RelEntityMoveLook]
2026-09-12 19:03 -    commands.recompile - DEBUG - [wrote RegularFileObject[bin\minecraft_server\net\minecraft\src\Packet33RelEntityMoveLook.class]]
2026-09-12 19:03 -    commands.recompile - DEBUG - [checking net.minecraft.src.PacketCounter]
2026-09-12 19:03 -    commands.recompile - DEBUG - [wrote RegularFileObject[bin\minecraft_server\net\minecraft\src\PacketCounter.class]]
2026-09-12 19:03 -    commands.recompile - DEBUG - [checking net.minecraft.src.Path]
2026-09-12 19:03 -    commands.recompile - DEBUG - [wrote RegularFileObject[bin\minecraft_server\net\minecraft\src\Path.class]]
2026-09-12 19:03 -    commands.recompile - DEBUG - [checking net.minecraft.src.Pathfinder]
2026-09-12 19:03 -    commands.recompile - DEBUG - [wrote RegularFileObject[bin\minecraft_server\net\minecraft\src\Pathfinder.class]]
2026-09-12 19:03 -    commands.recompile - DEBUG - [checking net.minecraft.src.PistonBlockTextures]
2026-09-12 19:03 -    commands.recompile - DEBUG - [wrote RegularFileObject[bin\minecraft_server\net\minecraft\src\PistonBlockTextures.class]]
2026-09-12 19:03 -    commands.recompile - DEBUG - [checking net.minecraft.src.PlayerListBox]
2026-09-12 19:03 -    commands.recompile - DEBUG - [wrote RegularFileObject[bin\minecraft_server\net\minecraft\src\PlayerListBox.class]]
2026-09-12 19:03 -    commands.recompile - DEBUG - [checking net.minecraft.src.PlayerNBTManager]
2026-09-12 19:03 -    commands.recompile - DEBUG - [wrote RegularFileObject[bin\minecraft_server\net\minecraft\src\PlayerNBTManager.class]]
2026-09-12 19:03 -    commands.recompile - DEBUG - [checking net.minecraft.src.RailLogic]
2026-09-12 19:03 -    commands.recompile - DEBUG - [wrote RegularFileObject[bin\minecraft_server\net\minecraft\src\RailLogic.class]]
2026-09-12 19:03 -    commands.recompile - DEBUG - [checking net.minecraft.src.RecipesArmor]
2026-09-12 19:03 -    commands.recompile - DEBUG - [wrote RegularFileObject[bin\minecraft_server\net\minecraft\src\RecipesArmor.class]]
2026-09-12 19:03 -    commands.recompile - DEBUG - [checking net.minecraft.src.RecipesCrafting]
2026-09-12 19:03 -    commands.recompile - DEBUG - [wrote RegularFileObject[bin\minecraft_server\net\minecraft\src\RecipesCrafting.class]]
2026-09-12 19:03 -    commands.recompile - DEBUG - [checking net.minecraft.src.RecipesDyes]
2026-09-12 19:03 -    commands.recompile - DEBUG - [wrote RegularFileObject[bin\minecraft_server\net\minecraft\src\RecipesDyes.class]]
2026-09-12 19:03 -    commands.recompile - DEBUG - [checking net.minecraft.src.RecipesFood]
2026-09-12 19:03 -    commands.recompile - DEBUG - [wrote RegularFileObject[bin\minecraft_server\net\minecraft\src\RecipesFood.class]]
2026-09-12 19:03 -    commands.recompile - DEBUG - [checking net.minecraft.src.RecipesIngots]
2026-09-12 19:03 -    commands.recompile - DEBUG - [wrote RegularFileObject[bin\minecraft_server\net\minecraft\src\RecipesIngots.class]]
2026-09-12 19:03 -    commands.recompile - DEBUG - [checking net.minecraft.src.RecipeSorter]
2026-09-12 19:03 -    commands.recompile - DEBUG - [wrote RegularFileObject[bin\minecraft_server\net\minecraft\src\RecipeSorter.class]]
2026-09-12 19:03 -    commands.recompile - DEBUG - [checking net.minecraft.src.RecipesTools]
2026-09-12 19:03 -    commands.recompile - DEBUG - [wrote RegularFileObject[bin\minecraft_server\net\minecraft\src\RecipesTools.class]]
2026-09-12 19:03 -    commands.recompile - DEBUG - [checking net.minecraft.src.RecipesWeapons]
2026-09-12 19:03 -    commands.recompile - DEBUG - [wrote RegularFileObject[bin\minecraft_server\net\minecraft\src\RecipesWeapons.class]]
2026-09-12 19:03 -    commands.recompile - DEBUG - [checking net.minecraft.src.RedstoneUpdateInfo]
2026-09-12 19:03 -    commands.recompile - DEBUG - [wrote RegularFileObject[bin\minecraft_server\net\minecraft\src\RedstoneUpdateInfo.class]]
2026-09-12 19:03 -    commands.recompile - DEBUG - [checking net.minecraft.src.RegionFile]
2026-09-12 19:03 -    commands.recompile - DEBUG - [loading ZipFileIndexFileObject[C:\Program Files\Eclipse Adoptium\jdk-8.0.504.1-hotspot\lib\ct.sym(META-INF/sym/rt.jar/java/io/ByteArrayInputStream.class)]]
2026-09-12 19:03 -    commands.recompile - DEBUG - [wrote RegularFileObject[bin\minecraft_server\net\minecraft\src\RegionFile.class]]
2026-09-12 19:03 -    commands.recompile - DEBUG - [checking net.minecraft.src.RegionFileCache]
2026-09-12 19:03 -    commands.recompile - DEBUG - [wrote RegularFileObject[bin\minecraft_server\net\minecraft\src\RegionFileCache.class]]
2026-09-12 19:03 -    commands.recompile - DEBUG - [checking net.minecraft.src.RegionFileChunkBuffer]
2026-09-12 19:03 -    commands.recompile - DEBUG - [wrote RegularFileObject[bin\minecraft_server\net\minecraft\src\RegionFileChunkBuffer.class]]
2026-09-12 19:03 -    commands.recompile - DEBUG - [checking net.minecraft.src.SaveConverterMcRegion]
2026-09-12 19:03 -    commands.recompile - DEBUG - [checking net.minecraft.src.SaveFormatOld]
2026-09-12 19:03 -    commands.recompile - DEBUG - [wrote RegularFileObject[bin\minecraft_server\net\minecraft\src\SaveConverterMcRegion.class]]
2026-09-12 19:03 -    commands.recompile - DEBUG - [wrote RegularFileObject[bin\minecraft_server\net\minecraft\src\SaveFormatOld.class]]
2026-09-12 19:03 -    commands.recompile - DEBUG - [checking net.minecraft.src.SaveOldDir]
2026-09-12 19:03 -    commands.recompile - DEBUG - [wrote RegularFileObject[bin\minecraft_server\net\minecraft\src\SaveOldDir.class]]
2026-09-12 19:03 -    commands.recompile - DEBUG - [checking net.minecraft.src.ServerGUI]
2026-09-12 19:03 -    commands.recompile - DEBUG - [loading ZipFileIndexFileObject[C:\Program Files\Eclipse Adoptium\jdk-8.0.504.1-hotspot\lib\ct.sym(META-INF/sym/rt.jar/javax/swing/UIManager.class)]]
2026-09-12 19:03 -    commands.recompile - DEBUG - [loading ZipFileIndexFileObject[C:\Program Files\Eclipse Adoptium\jdk-8.0.504.1-hotspot\lib\ct.sym(META-INF/sym/rt.jar/javax/swing/LookAndFeel.class)]]
2026-09-12 19:03 -    commands.recompile - DEBUG - [loading ZipFileIndexFileObject[C:\Program Files\Eclipse Adoptium\jdk-8.0.504.1-hotspot\lib\ct.sym(META-INF/sym/rt.jar/javax/swing/JFrame.class)]]
2026-09-12 19:03 -    commands.recompile - DEBUG - [loading ZipFileIndexFileObject[C:\Program Files\Eclipse Adoptium\jdk-8.0.504.1-hotspot\lib\ct.sym(META-INF/sym/rt.jar/java/awt/GraphicsConfiguration.class)]]
2026-09-12 19:03 -    commands.recompile - DEBUG - [loading ZipFileIndexFileObject[C:\Program Files\Eclipse Adoptium\jdk-8.0.504.1-hotspot\lib\ct.sym(META-INF/sym/rt.jar/javax/swing/WindowConstants.class)]]
2026-09-12 19:03 -    commands.recompile - DEBUG - [loading ZipFileIndexFileObject[C:\Program Files\Eclipse Adoptium\jdk-8.0.504.1-hotspot\lib\ct.sym(META-INF/sym/rt.jar/javax/swing/RootPaneContainer.class)]]
2026-09-12 19:03 -    commands.recompile - DEBUG - [loading ZipFileIndexFileObject[C:\Program Files\Eclipse Adoptium\jdk-8.0.504.1-hotspot\lib\ct.sym(META-INF/sym/rt.jar/java/awt/Frame.class)]]
2026-09-12 19:03 -    commands.recompile - DEBUG - [loading ZipFileIndexFileObject[C:\Program Files\Eclipse Adoptium\jdk-8.0.504.1-hotspot\lib\ct.sym(META-INF/sym/rt.jar/java/awt/Window.class)]]
2026-09-12 19:03 -    commands.recompile - DEBUG - [loading ZipFileIndexFileObject[C:\Program Files\Eclipse Adoptium\jdk-8.0.504.1-hotspot\lib\ct.sym(META-INF/sym/rt.jar/java/awt/PopupMenu.class)]]
2026-09-12 19:03 -    commands.recompile - DEBUG - [loading ZipFileIndexFileObject[C:\Program Files\Eclipse Adoptium\jdk-8.0.504.1-hotspot\lib\ct.sym(META-INF/sym/rt.jar/java/awt/LayoutManager.class)]]
2026-09-12 19:03 -    commands.recompile - DEBUG - [loading ZipFileIndexFileObject[C:\Program Files\Eclipse Adoptium\jdk-8.0.504.1-hotspot\lib\ct.sym(META-INF/sym/rt.jar/java/awt/LayoutManager2.class)]]
2026-09-12 19:03 -    commands.recompile - DEBUG - [loading ZipFileIndexFileObject[C:\Program Files\Eclipse Adoptium\jdk-8.0.504.1-hotspot\lib\ct.sym(META-INF/sym/rt.jar/javax/swing/JPanel.class)]]
2026-09-12 19:03 -    commands.recompile - DEBUG - [loading ZipFileIndexFileObject[C:\Program Files\Eclipse Adoptium\jdk-8.0.504.1-hotspot\lib\ct.sym(META-INF/sym/rt.jar/javax/swing/border/AbstractBorder.class)]]
2026-09-12 19:03 -    commands.recompile - DEBUG - [loading ZipFileIndexFileObject[C:\Program Files\Eclipse Adoptium\jdk-8.0.504.1-hotspot\lib\ct.sym(META-INF/sym/rt.jar/javax/swing/border/Border.class)]]
2026-09-12 19:03 -    commands.recompile - DEBUG - [loading ZipFileIndexFileObject[C:\Program Files\Eclipse Adoptium\jdk-8.0.504.1-hotspot\lib\ct.sym(META-INF/sym/rt.jar/javax/swing/JScrollPane.class)]]
2026-09-12 19:03 -    commands.recompile - DEBUG - [loading ZipFileIndexFileObject[C:\Program Files\Eclipse Adoptium\jdk-8.0.504.1-hotspot\lib\ct.sym(META-INF/sym/rt.jar/javax/swing/ScrollPaneConstants.class)]]
2026-09-12 19:03 -    commands.recompile - DEBUG - [loading ZipFileIndexFileObject[C:\Program Files\Eclipse Adoptium\jdk-8.0.504.1-hotspot\lib\ct.sym(META-INF/sym/rt.jar/javax/swing/SwingConstants.class)]]
2026-09-12 19:03 -    commands.recompile - DEBUG - [loading ZipFileIndexFileObject[C:\Program Files\Eclipse Adoptium\jdk-8.0.504.1-hotspot\lib\ct.sym(META-INF/sym/rt.jar/javax/swing/UnsupportedLookAndFeelException.class)]]
2026-09-12 19:03 -    commands.recompile - DEBUG - [loading ZipFileIndexFileObject[C:\Program Files\Eclipse Adoptium\jdk-8.0.504.1-hotspot\lib\ct.sym(META-INF/sym/rt.jar/java/awt/HeadlessException.class)]]
2026-09-12 19:03 -    commands.recompile - DEBUG - [loading ZipFileIndexFileObject[C:\Program Files\Eclipse Adoptium\jdk-8.0.504.1-hotspot\lib\ct.sym(META-INF/sym/rt.jar/java/lang/UnsupportedOperationException.class)]]
2026-09-12 19:03 -    commands.recompile - DEBUG - [wrote RegularFileObject[bin\minecraft_server\net\minecraft\src\ServerGUI.class]]
2026-09-12 19:03 -    commands.recompile - DEBUG - [checking net.minecraft.src.ServerGuiCommandListener]
2026-09-12 19:03 -    commands.recompile - DEBUG - [wrote RegularFileObject[bin\minecraft_server\net\minecraft\src\ServerGuiCommandListener.class]]
2026-09-12 19:03 -    commands.recompile - DEBUG - [checking net.minecraft.src.ServerGuiFocusAdapter]
2026-09-12 19:03 -    commands.recompile - DEBUG - [wrote RegularFileObject[bin\minecraft_server\net\minecraft\src\ServerGuiFocusAdapter.class]]
2026-09-12 19:03 -    commands.recompile - DEBUG - [checking net.minecraft.src.ServerWindowAdapter]
2026-09-12 19:03 -    commands.recompile - DEBUG - [wrote RegularFileObject[bin\minecraft_server\net\minecraft\src\ServerWindowAdapter.class]]
2026-09-12 19:03 -    commands.recompile - DEBUG - [checking net.minecraft.src.ShapedRecipes]
2026-09-12 19:03 -    commands.recompile - DEBUG - [wrote RegularFileObject[bin\minecraft_server\net\minecraft\src\ShapedRecipes.class]]
2026-09-12 19:03 -    commands.recompile - DEBUG - [checking net.minecraft.src.ShapelessRecipes]
2026-09-12 19:03 -    commands.recompile - DEBUG - [wrote RegularFileObject[bin\minecraft_server\net\minecraft\src\ShapelessRecipes.class]]
2026-09-12 19:03 -    commands.recompile - DEBUG - [checking net.minecraft.src.SlotArmor]
2026-09-12 19:03 -    commands.recompile - DEBUG - [wrote RegularFileObject[bin\minecraft_server\net\minecraft\src\SlotArmor.class]]
2026-09-12 19:03 -    commands.recompile - DEBUG - [checking net.minecraft.src.SlotCrafting]
2026-09-12 19:03 -    commands.recompile - DEBUG - [wrote RegularFileObject[bin\minecraft_server\net\minecraft\src\SlotCrafting.class]]
2026-09-12 19:03 -    commands.recompile - DEBUG - [checking net.minecraft.src.SlotFurnace]
2026-09-12 19:03 -    commands.recompile - DEBUG - [wrote RegularFileObject[bin\minecraft_server\net\minecraft\src\SlotFurnace.class]]
2026-09-12 19:03 -    commands.recompile - DEBUG - [checking net.minecraft.src.SlotHearth]
2026-09-12 19:03 -    commands.recompile - DEBUG - [wrote RegularFileObject[bin\minecraft_server\net\minecraft\src\SlotHearth.class]]
2026-09-12 19:03 -    commands.recompile - DEBUG - [checking net.minecraft.src.SpawnerAnimals]
2026-09-12 19:03 -    commands.recompile - DEBUG - [wrote RegularFileObject[bin\minecraft_server\net\minecraft\src\SpawnerAnimals.class]]
2026-09-12 19:03 -    commands.recompile - DEBUG - [checking net.minecraft.src.SpawnListEntry]
2026-09-12 19:03 -    commands.recompile - DEBUG - [wrote RegularFileObject[bin\minecraft_server\net\minecraft\src\SpawnListEntry.class]]
2026-09-12 19:03 -    commands.recompile - DEBUG - [checking net.minecraft.src.StatBasic]
2026-09-12 19:03 -    commands.recompile - DEBUG - [wrote RegularFileObject[bin\minecraft_server\net\minecraft\src\StatBasic.class]]
2026-09-12 19:03 -    commands.recompile - DEBUG - [checking net.minecraft.src.StatCollector]
2026-09-12 19:03 -    commands.recompile - DEBUG - [wrote RegularFileObject[bin\minecraft_server\net\minecraft\src\StatCollector.class]]
2026-09-12 19:03 -    commands.recompile - DEBUG - [checking net.minecraft.src.StringTranslate]
2026-09-12 19:03 -    commands.recompile - DEBUG - [wrote RegularFileObject[bin\minecraft_server\net\minecraft\src\StringTranslate.class]]
2026-09-12 19:03 -    commands.recompile - DEBUG - [checking net.minecraft.src.StatCrafting]
2026-09-12 19:03 -    commands.recompile - DEBUG - [wrote RegularFileObject[bin\minecraft_server\net\minecraft\src\StatCrafting.class]]
2026-09-12 19:03 -    commands.recompile - DEBUG - [checking net.minecraft.src.StatList]
2026-09-12 19:03 -    commands.recompile - DEBUG - [wrote RegularFileObject[bin\minecraft_server\net\minecraft\src\StatList.class]]
2026-09-12 19:03 -    commands.recompile - DEBUG - [checking net.minecraft.src.StatTypeDistance]
2026-09-12 19:03 -    commands.recompile - DEBUG - [wrote RegularFileObject[bin\minecraft_server\net\minecraft\src\StatTypeDistance.class]]
2026-09-12 19:03 -    commands.recompile - DEBUG - [checking net.minecraft.src.StatTypeSimple]
2026-09-12 19:03 -    commands.recompile - DEBUG - [wrote RegularFileObject[bin\minecraft_server\net\minecraft\src\StatTypeSimple.class]]
2026-09-12 19:03 -    commands.recompile - DEBUG - [checking net.minecraft.src.StatTypeTime]
2026-09-12 19:03 -    commands.recompile - DEBUG - [wrote RegularFileObject[bin\minecraft_server\net\minecraft\src\StatTypeTime.class]]
2026-09-12 19:03 -    commands.recompile - DEBUG - [checking net.minecraft.src.StepSoundSand]
2026-09-12 19:03 -    commands.recompile - DEBUG - [wrote RegularFileObject[bin\minecraft_server\net\minecraft\src\StepSoundSand.class]]
2026-09-12 19:03 -    commands.recompile - DEBUG - [checking net.minecraft.src.StepSoundStone]
2026-09-12 19:03 -    commands.recompile - DEBUG - [wrote RegularFileObject[bin\minecraft_server\net\minecraft\src\StepSoundStone.class]]
2026-09-12 19:03 -    commands.recompile - DEBUG - [checking net.minecraft.src.Teleporter]
2026-09-12 19:03 -    commands.recompile - DEBUG - [wrote RegularFileObject[bin\minecraft_server\net\minecraft\src\Teleporter.class]]
2026-09-12 19:03 -    commands.recompile - DEBUG - [checking net.minecraft.src.ThreadCommandReader]
2026-09-12 19:03 -    commands.recompile - DEBUG - [wrote RegularFileObject[bin\minecraft_server\net\minecraft\src\ThreadCommandReader.class]]
2026-09-12 19:03 -    commands.recompile - DEBUG - [checking net.minecraft.src.ThreadLoginVerifier]
2026-09-12 19:03 -    commands.recompile - DEBUG - [loading ZipFileIndexFileObject[C:\Program Files\Eclipse Adoptium\jdk-8.0.504.1-hotspot\lib\ct.sym(META-INF/sym/rt.jar/java/net/MalformedURLException.class)]]
2026-09-12 19:03 -    commands.recompile - DEBUG - [wrote RegularFileObject[bin\minecraft_server\net\minecraft\src\ThreadLoginVerifier.class]]
2026-09-12 19:03 -    commands.recompile - DEBUG - [checking net.minecraft.src.ThreadMonitorConnection]
2026-09-12 19:03 -    commands.recompile - DEBUG - [wrote RegularFileObject[bin\minecraft_server\net\minecraft\src\ThreadMonitorConnection.class]]
2026-09-12 19:03 -    commands.recompile - DEBUG - [checking net.minecraft.src.ThreadServerApplication]
2026-09-12 19:03 -    commands.recompile - DEBUG - [wrote RegularFileObject[bin\minecraft_server\net\minecraft\src\ThreadServerApplication.class]]
2026-09-12 19:03 -    commands.recompile - DEBUG - [checking net.minecraft.src.ThreadSleepForever]
2026-09-12 19:03 -    commands.recompile - DEBUG - [wrote RegularFileObject[bin\minecraft_server\net\minecraft\src\ThreadSleepForever.class]]
2026-09-12 19:03 -    commands.recompile - DEBUG - [checking net.minecraft.src.TileEntityChest]
2026-09-12 19:03 -    commands.recompile - DEBUG - [wrote RegularFileObject[bin\minecraft_server\net\minecraft\src\TileEntityChest.class]]
2026-09-12 19:03 -    commands.recompile - DEBUG - [checking net.minecraft.src.TileEntityMobSpawner]
2026-09-12 19:03 -    commands.recompile - DEBUG - [wrote RegularFileObject[bin\minecraft_server\net\minecraft\src\TileEntityMobSpawner.class]]
2026-09-12 19:03 -    commands.recompile - DEBUG - [checking net.minecraft.src.TileEntityNote]
2026-09-12 19:03 -    commands.recompile - DEBUG - [wrote RegularFileObject[bin\minecraft_server\net\minecraft\src\TileEntityNote.class]]
2026-09-12 19:03 -    commands.recompile - DEBUG - [checking net.minecraft.src.TileEntityRecordPlayer]
2026-09-12 19:03 -    commands.recompile - DEBUG - [wrote RegularFileObject[bin\minecraft_server\net\minecraft\src\TileEntityRecordPlayer.class]]
2026-09-12 19:03 -    commands.recompile - DEBUG - [checking net.minecraft.src.WorldChunkManagerHell]
2026-09-12 19:03 -    commands.recompile - DEBUG - [wrote RegularFileObject[bin\minecraft_server\net\minecraft\src\WorldChunkManagerHell.class]]
2026-09-12 19:03 -    commands.recompile - DEBUG - [checking net.minecraft.src.WorldGenBigTree]
2026-09-12 19:03 -    commands.recompile - DEBUG - [wrote RegularFileObject[bin\minecraft_server\net\minecraft\src\WorldGenBigTree.class]]
2026-09-12 19:03 -    commands.recompile - DEBUG - [checking net.minecraft.src.WorldGenCactus]
2026-09-12 19:03 -    commands.recompile - DEBUG - [wrote RegularFileObject[bin\minecraft_server\net\minecraft\src\WorldGenCactus.class]]
2026-09-12 19:03 -    commands.recompile - DEBUG - [checking net.minecraft.src.WorldGenClay]
2026-09-12 19:03 -    commands.recompile - DEBUG - [wrote RegularFileObject[bin\minecraft_server\net\minecraft\src\WorldGenClay.class]]
2026-09-12 19:03 -    commands.recompile - DEBUG - [checking net.minecraft.src.WorldGenDeadBush]
2026-09-12 19:03 -    commands.recompile - DEBUG - [wrote RegularFileObject[bin\minecraft_server\net\minecraft\src\WorldGenDeadBush.class]]
2026-09-12 19:03 -    commands.recompile - DEBUG - [checking net.minecraft.src.WorldGenDungeons]
2026-09-12 19:03 -    commands.recompile - DEBUG - [wrote RegularFileObject[bin\minecraft_server\net\minecraft\src\WorldGenDungeons.class]]
2026-09-12 19:03 -    commands.recompile - DEBUG - [checking net.minecraft.src.WorldGenFire]
2026-09-12 19:03 -    commands.recompile - DEBUG - [wrote RegularFileObject[bin\minecraft_server\net\minecraft\src\WorldGenFire.class]]
2026-09-12 19:03 -    commands.recompile - DEBUG - [checking net.minecraft.src.WorldGenFlowers]
2026-09-12 19:03 -    commands.recompile - DEBUG - [wrote RegularFileObject[bin\minecraft_server\net\minecraft\src\WorldGenFlowers.class]]
2026-09-12 19:03 -    commands.recompile - DEBUG - [checking net.minecraft.src.WorldGenForest]
2026-09-12 19:03 -    commands.recompile - DEBUG - [wrote RegularFileObject[bin\minecraft_server\net\minecraft\src\WorldGenForest.class]]
2026-09-12 19:03 -    commands.recompile - DEBUG - [checking net.minecraft.src.WorldGenGlowStone1]
2026-09-12 19:03 -    commands.recompile - DEBUG - [wrote RegularFileObject[bin\minecraft_server\net\minecraft\src\WorldGenGlowStone1.class]]
2026-09-12 19:03 -    commands.recompile - DEBUG - [checking net.minecraft.src.WorldGenGlowStone2]
2026-09-12 19:03 -    commands.recompile - DEBUG - [wrote RegularFileObject[bin\minecraft_server\net\minecraft\src\WorldGenGlowStone2.class]]
2026-09-12 19:03 -    commands.recompile - DEBUG - [checking net.minecraft.src.WorldGenHellLava]
2026-09-12 19:03 -    commands.recompile - DEBUG - [wrote RegularFileObject[bin\minecraft_server\net\minecraft\src\WorldGenHellLava.class]]
2026-09-12 19:03 -    commands.recompile - DEBUG - [checking net.minecraft.src.WorldGenLakes]
2026-09-12 19:03 -    commands.recompile - DEBUG - [wrote RegularFileObject[bin\minecraft_server\net\minecraft\src\WorldGenLakes.class]]
2026-09-12 19:03 -    commands.recompile - DEBUG - [checking net.minecraft.src.WorldGenLiquids]
2026-09-12 19:03 -    commands.recompile - DEBUG - [wrote RegularFileObject[bin\minecraft_server\net\minecraft\src\WorldGenLiquids.class]]
2026-09-12 19:03 -    commands.recompile - DEBUG - [checking net.minecraft.src.WorldGenMinable]
2026-09-12 19:03 -    commands.recompile - DEBUG - [wrote RegularFileObject[bin\minecraft_server\net\minecraft\src\WorldGenMinable.class]]
2026-09-12 19:03 -    commands.recompile - DEBUG - [checking net.minecraft.src.WorldGenPumpkin]
2026-09-12 19:03 -    commands.recompile - DEBUG - [wrote RegularFileObject[bin\minecraft_server\net\minecraft\src\WorldGenPumpkin.class]]
2026-09-12 19:03 -    commands.recompile - DEBUG - [checking net.minecraft.src.WorldGenReed]
2026-09-12 19:03 -    commands.recompile - DEBUG - [wrote RegularFileObject[bin\minecraft_server\net\minecraft\src\WorldGenReed.class]]
2026-09-12 19:03 -    commands.recompile - DEBUG - [checking net.minecraft.src.WorldGenTaiga1]
2026-09-12 19:03 -    commands.recompile - DEBUG - [wrote RegularFileObject[bin\minecraft_server\net\minecraft\src\WorldGenTaiga1.class]]
2026-09-12 19:03 -    commands.recompile - DEBUG - [checking net.minecraft.src.WorldGenTaiga2]
2026-09-12 19:03 -    commands.recompile - DEBUG - [wrote RegularFileObject[bin\minecraft_server\net\minecraft\src\WorldGenTaiga2.class]]
2026-09-12 19:03 -    commands.recompile - DEBUG - [checking net.minecraft.src.WorldGenTallGrass]
2026-09-12 19:03 -    commands.recompile - DEBUG - [wrote RegularFileObject[bin\minecraft_server\net\minecraft\src\WorldGenTallGrass.class]]
2026-09-12 19:03 -    commands.recompile - DEBUG - [checking net.minecraft.src.WorldGenTrees]
2026-09-12 19:03 -    commands.recompile - DEBUG - [wrote RegularFileObject[bin\minecraft_server\net\minecraft\src\WorldGenTrees.class]]
2026-09-12 19:03 -    commands.recompile - DEBUG - [checking net.minecraft.src.WorldManager]
2026-09-12 19:03 -    commands.recompile - DEBUG - [wrote RegularFileObject[bin\minecraft_server\net\minecraft\src\WorldManager.class]]
2026-09-12 19:03 -    commands.recompile - DEBUG - [checking net.minecraft.src.WorldProviderHell]
2026-09-12 19:03 -    commands.recompile - DEBUG - [wrote RegularFileObject[bin\minecraft_server\net\minecraft\src\WorldProviderHell.class]]
2026-09-12 19:03 -    commands.recompile - DEBUG - [checking net.minecraft.src.WorldProviderSky]
2026-09-12 19:03 -    commands.recompile - DEBUG - [wrote RegularFileObject[bin\minecraft_server\net\minecraft\src\WorldProviderSky.class]]
2026-09-12 19:03 -    commands.recompile - DEBUG - [checking net.minecraft.src.WorldProviderSurface]
2026-09-12 19:03 -    commands.recompile - DEBUG - [wrote RegularFileObject[bin\minecraft_server\net\minecraft\src\WorldProviderSurface.class]]
2026-09-12 19:03 -    commands.recompile - DEBUG - [checking net.minecraft.src.WorldServerMulti]
2026-09-12 19:03 -    commands.recompile - DEBUG - [wrote RegularFileObject[bin\minecraft_server\net\minecraft\src\WorldServerMulti.class]]
2026-09-12 19:03 -    commands.recompile - DEBUG - [total 4558ms]
2026-09-12 19:03 -    commands.recompile - DEBUG - Note: src\minecraft_server\net\minecraft\src\NetworkMasterThread.java uses or overrides a deprecated API.
2026-09-12 19:03 -    commands.recompile - DEBUG - Note: Recompile with -Xlint:deprecation for details.
2026-09-12 19:03 -    commands.recompile - DEBUG - Note: Some input files use unchecked or unsafe operations.
2026-09-12 19:03 -    commands.recompile - DEBUG - Note: Recompile with -Xlint:unchecked for details.
2026-09-12 19:03 -   recompile.main - INFO - > Done in 5.40 seconds
